source_id,distance_to_subway,lat,lng,id
315677849,1.328289,53.188557,50.180296,315677849
315681247,4.559546,53.244941,50.189396,315681247
315682211,2.251752,53.232966,50.251847,315682211
315678257,9.46512,53.144479,50.043096,315678257
315682580,2.506211,53.233694,50.295146,315682580
315678656,2.567885,53.233592,50.298074,315678656
315683157,0.405477,53.208872,50.281671,315683157
315683826,5.243987,53.259164,50.234096,315683826
315680267,5.753208,53.259261,50.210533,315680267
315680366,5.208239,53.259358,50.239962,315680366
315683831,0.509651,53.20343,50.182039,315683831
315688803,0.792488,53.20981,50.162662,315688803
315689558,1.007791,53.21146,50.164953,315689558
315690153,3.629003,53.239035,50.216085,315690153
315692977,7.393073,53.278288,50.267379,315692977
315694529,-1.0,53.310344,50.284788,315694529
315695872,0.775749,53.205954,50.183242,315695872
315695879,0.670015,53.199719,50.151891,315695879
315696100,1.032421,53.22102,50.151972,315696100
315696154,-1.0,53.306395,50.283144,315696154
315696172,3.974879,53.248492,50.25191,315696172
315697216,3.607511,53.244386,50.236036,315697216
315697638,0.33133,53.210765,50.244876,315697638
315698138,0.342506,53.200091,50.204497,315698138
315698803,0.638351,53.207081,50.143851,315698803
315699145,7.578533,53.152364,50.072723,315699145
315699807,6.056962,53.262908,50.212887,315699807
315699996,1.379041,53.211822,50.183997,315699996
315701482,7.578533,53.152364,50.072723,315701482
315701834,8.356584,53.147779,50.063201,315701834
315702151,2.459193,53.186906,50.134949,315702151
315702355,8.38426,53.286687,50.223613,315702355
315702650,7.123895,53.136409,50.169292,315702650
315704735,3.401397,53.242775,50.238192,315704735
315705979,-1.0,53.323594,50.313516,315705979
315705986,0.931846,53.191999,50.174385,315705986
315707109,0.464982,53.196941,50.201505,315707109
315708447,-1.0,53.119335,50.082892,315708447
315709233,1.437284,53.214399,50.1701,315709233
315709251,1.384702,53.223684,50.155727,315709251
315711122,1.114788,53.197038,50.146861,315711122
314193770,5.718213,56.359808,43.815678,314193770
314193799,1.98888,56.346896,43.874069,314193799
314193964,3.232515,56.334403,43.842619,314193964
314193972,0.870156,56.321376,43.997336,314193972
314194069,1.992212,56.310887,44.025686,314194069
314194073,1.708029,56.313738,43.894982,314194073
314194078,2.254545,56.293547,43.994012,314194078
314194088,1.851407,56.307257,44.021428,314194088
314194116,0.845096,56.326852,43.93846,314194116
314194124,2.73247,56.290165,44.005834,314194124
314194161,3.528896,56.268286,43.976432,314194161
314194162,3.528896,56.268286,43.976432,314194162
314194175,2.413461,56.292328,43.988532,314194175
314194193,3.436952,56.331768,43.83934,314194193
314194194,1.851407,56.307257,44.021428,314194194
314194200,0.550099,56.305659,43.936672,314194200
314194202,1.435946,56.257053,43.929279,314194202
314194210,0.919741,56.285213,43.942709,314194210
314194248,4.548547,56.23518,43.963119,314194248
314194251,3.411929,56.319619,44.048055,314194251
314194258,4.756739,56.302163,44.067871,314194258
314194312,1.71488,56.315455,44.021473,314194312
314194316,1.994237,56.30889,44.024914,314194316
314194319,2.335049,56.319325,44.030322,314194319
314194324,3.92201,56.255097,43.973297,314194324
314194328,3.705859,56.33298,43.834929,314194328
314194330,0.952783,56.294426,43.951162,314194330
314194345,5.182015,56.237792,43.979271,314194345
314195750,0.29607,56.279052,43.922344,314195750
314198155,1.842173,56.324186,44.01709,314198155
314198772,4.756739,56.302163,44.067871,314198772
314207497,1.205886,56.343912,43.937867,314207497
314210462,0.838242,56.335475,43.936044,314210462
314218589,4.530831,56.242074,43.971931,314218589
314221144,1.018428,56.321621,43.985406,314221144
314221900,2.66238,56.332242,43.851836,314221900
314240518,0.980777,56.34265,43.940966,314240518
314247356,4.084312,56.344292,43.831857,314247356
314250089,2.190182,56.268636,43.869002,314250089
314259091,1.816063,56.229206,43.876036,314259091
314259101,3.104799,56.285918,43.99279,314259101
314260032,4.388096,56.30448,43.846392,314260032
314260349,1.012557,56.303591,43.924042,314260349
314260666,1.584484,56.259883,43.863738,314260666
314263093,1.272873,56.312545,44.014368,314263093
314263574,1.454688,56.340021,43.927689,314263574
314263578,6.213976,56.285998,44.08096,314263578
314263583,0.685756,56.263062,43.897748,314263583
314263584,4.230676,56.236031,43.957989,314263584
314263586,3.466945,56.300829,44.044848,314263586
314268445,0.229212,56.30897,43.93952,314268445
314276812,1.214989,56.231893,43.85091,314276812
314292301,0.312974,56.310238,43.942251,314292301
314297625,2.332631,56.314387,43.878471,314297625
314297975,0.941112,56.269881,43.930959,314297975
314307166,2.950567,56.35347,43.863981,314307166
314363549,2.683942,56.323163,44.033888,314363549
314366045,6.519868,56.361703,43.802671,314366045
314367632,0.228479,56.310153,43.940841,314367632
314367633,3.235277,56.284819,43.99005,314367633
314369382,0.915228,56.328579,43.930061,314369382
314369720,0.997603,56.332975,43.933995,314369720
314385437,0.742286,56.330415,43.920709,314385437
314409002,5.816936,56.273795,44.054352,314409002
314409004,3.309498,56.320128,44.046177,314409004
314418829,1.235227,56.321905,43.980304,314418829
314418862,1.800974,56.23447,43.832369,314418862
314421834,2.523229,56.330156,43.854432,314421834
314422169,2.00324,56.322794,43.868499,314422169
314422170,1.078691,56.306098,43.98334,314422170
314426266,0.826245,56.270366,43.929037,314426266
314430827,5.779641,56.287622,44.074546,314430827
314439963,1.00189,56.249136,43.848027,314439963
314448149,4.270273,56.309654,43.840445,314448149
314477387,5.741703,56.271496,44.046959,314477387
314484445,1.436004,56.34285,43.910361,314484445
314489099,2.895064,56.294061,44.024375,314489099
314491706,4.724915,56.293507,44.060963,314491706
314494405,3.649994,56.311147,44.052708,314494405
314497699,2.126444,56.225528,43.875174,314497699
314499026,1.119114,56.313503,43.975848,314499026
314499027,4.323548,56.233009,43.95586,314499027
314499941,0.547461,56.294151,43.939053,314499941
314501784,2.358278,56.318121,44.031229,314501784
314502773,4.721638,56.359833,43.835333,314502773
314504290,1.297956,56.336219,43.92141,314504290
314506730,1.788233,56.302752,43.972946,314506730
314508246,4.118796,56.232429,43.950641,314508246
314530208,2.240871,56.310283,44.029576,314530208
314531949,2.465819,56.292353,44.003884,314531949
314533697,5.150236,56.305229,44.075696,314533697
314533701,4.58381,56.256233,43.985837,314533701
314537105,1.773529,56.341772,43.923422,314537105
314539953,5.150236,56.305229,44.075696,314539953
314540088,1.212456,56.252892,43.855977,314540088
314542917,0.356116,56.32776,43.907585,314542917
314543627,4.367784,56.235335,43.959813,314543627
314550684,1.788233,56.302752,43.972946,314550684
314552785,4.629994,56.237222,43.966829,314552785
314561712,2.274914,56.309848,44.029989,314561712
314563997,2.743894,56.290574,44.008762,314563997
314575121,1.047168,56.268092,43.896742,314575121
314583510,0.475354,56.238432,43.862049,314583510
314585008,5.97567,56.261848,44.018159,314585008
314587867,3.684791,56.275839,43.984957,314587867
314587868,4.02047,56.296444,44.050884,314587868
314587870,1.094371,56.257188,43.919371,314587870
314595603,5.700045,56.270506,44.04306,314595603
314601799,1.973209,56.348183,43.927761,314601799
314602322,6.019894,56.368923,43.821661,314602322
314602323,2.424042,56.317088,43.868607,314602323
314626067,4.975555,56.309983,44.074025,314626067
314626068,4.975555,56.309983,44.074025,314626068
314626075,0.188345,56.243655,43.856992,314626075
314626123,1.323856,56.340136,43.93007,314626123
314626136,2.409106,56.292728,43.985056,314626136
314632455,0.735482,56.326742,43.952905,314632455
314640442,1.686099,56.227089,43.853956,314640442
314640614,3.033674,56.309978,44.042458,314640614
314642309,5.49392,56.265902,44.015257,314642309
314647607,1.788233,56.302752,43.972946,314647607
314656227,2.920734,56.327945,43.848602,314656227
314657743,4.276952,56.286298,44.042162,314657743
314665374,1.119114,56.313503,43.975848,314665374
314672918,3.901233,56.231818,43.944667,314672918
314680326,1.54808,56.259763,43.864529,314680326
314689045,0.62104,56.30429,43.934795,314689045
314693725,1.246231,56.288336,43.947138,314693725
314696121,2.035225,56.231388,43.831372,314696121
314717814,4.329167,56.340565,43.82609,314717814
314718141,1.272218,56.320188,44.010963,314718141
314722168,1.24555,56.310977,43.974447,314722168
314722202,0.455862,56.277303,43.928588,314722202
314723839,0.88792,56.27218,43.933501,314723839
314724074,5.118701,56.290939,43.84296,314724074
314724542,1.360423,56.229882,43.856291,314724542
314724793,4.576769,56.299241,44.063074,314724793
314728443,4.04138,56.262242,43.981417,314728443
314729618,3.556108,56.35122,43.84729,314729618
314730151,4.344934,56.287567,44.04589,314730151
314730728,0.473272,56.28234,43.933627,314730728
314733546,0.511633,56.275149,43.929315,314733546
314735044,4.242284,56.259618,43.982819,314735044
314739397,0.655628,56.27289,43.912957,314739397
314742099,1.60682,56.254282,43.844227,314742099
314745788,1.546836,56.233174,43.877186,314745788
314746824,3.805459,56.293552,44.043455,314746824
314746827,5.523212,56.275729,44.051118,314746827
314752009,4.468827,56.207874,43.820278,314752009
314762125,0.726657,56.263602,43.898737,314762125
314766925,5.80122,56.27342,44.053139,314766925
314767505,1.250754,56.275124,43.941442,314767505
314768714,1.295961,56.343623,43.93502,314768714
314768897,0.746555,56.274145,43.932711,314768897
314769292,5.422283,56.202301,43.807549,314769292
314769524,5.569532,56.284469,44.066802,314769524
314776020,1.047206,56.258208,43.921572,314776020
314776274,1.790665,56.255878,43.84323,314776274
314777866,0.437387,56.334567,43.956552,314777866
314778059,3.11453,56.285853,43.991613,314778059
314789857,1.338742,56.338015,43.914718,314789857
314801145,2.202099,56.294196,43.989161,314801145
314803787,1.533372,56.300155,43.997336,314803787
314803788,3.352077,56.298352,44.04041,314803788
314810619,1.080136,56.23406,43.867861,314810619
314823004,3.921614,56.294676,44.047129,314823004
314824239,5.32086,56.362237,43.826413,314824239
314824251,1.941603,56.269746,43.879531,314824251
314827349,2.166647,56.260493,43.846805,314827349
314830791,2.057741,56.29561,43.988002,314830791
314836398,1.772453,56.346691,43.929648,314836398
314837037,1.623785,56.315945,43.892709,314837037
314838992,1.544109,56.269311,43.888999,314838992
314839104,2.352474,56.322624,44.028462,314839104
314845506,0.091369,56.314382,43.994955,314845506
314850615,5.049399,56.291499,44.064952,314850615
314857043,0.731385,56.341513,43.945979,314857043
314882752,1.464163,56.265042,43.881228,314882752
314882759,3.544368,56.328164,43.83828,314882759
314883012,4.079522,56.361908,43.853713,314883012
314883666,6.524316,56.362516,43.803416,314883666
314884656,1.115044,56.232203,43.854863,314884656
314885951,2.825349,56.320787,44.037814,314885951
314886256,1.772453,56.346691,43.929648,314886256
314888011,1.472101,56.303561,43.978866,314888011
314889743,0.868064,56.337471,43.936133,314889743
314890241,4.499805,56.306318,43.840634,314890241
314890256,5.637288,56.272235,44.045917,314890256
314890265,1.314706,56.325544,43.99182,314890265
314894553,0.574121,56.312794,43.928848,314894553
314896501,1.294853,56.335021,43.924788,314896501
314897369,1.471877,56.232163,43.873745,314897369
314897533,6.640571,56.368524,43.808222,314897533
314900182,0.452227,56.287477,43.933816,314900182
314900543,0.767409,56.238142,43.868194,314900543
314901024,0.719905,56.332202,43.883357,314901024
314906514,6.718843,56.361,43.798341,314906514
314914756,0.357964,56.316184,43.997794,314914756
314918923,2.261257,56.30858,44.029235,314918923
314920660,1.998313,56.328504,44.012427,314920660
314921319,5.851074,56.263107,44.018841,314921319
314931612,0.393838,56.279427,43.917969,314931612
314932015,1.610869,56.264717,43.875219,314932015
314934121,0.872088,56.306393,43.99853,314934121
314940352,4.332415,56.20853,43.822586,314940352
314940355,1.832802,56.226064,43.864969,314940355
314942446,0.91583,56.243785,43.843571,314942446
314944779,5.455606,56.275864,44.049698,314944779
314944926,1.861937,56.238427,43.828704,314944926
314948124,5.669916,56.284464,44.068788,314948124
314952372,5.702486,56.264547,44.019192,314952372
314972536,1.326578,56.324476,43.984427,314972536
314972864,1.147129,56.252357,43.857306,314972864
314981723,1.430891,56.314397,43.901342,314981723
314981773,1.594388,56.341742,43.915607,314981773
314995483,1.154401,56.343743,43.938864,314995483
315004959,0.734882,56.341857,43.949824,315004959
315005684,3.874161,56.358567,43.851844,315005684
315007963,6.857513,56.368275,43.803596,315007963
315012180,2.339666,56.262512,43.849338,315012180
315016297,1.220081,56.290165,43.949752,315016297
315026722,1.129096,56.335276,43.931336,315026722
315029984,0.468983,56.276893,43.92892,315029984
315030747,0.542567,56.340121,43.950156,315030747
315030766,5.891922,56.263057,44.020934,315030766
315030768,3.609469,56.281216,43.986888,315030768
315030936,4.339043,56.240138,43.965041,315030936
315034531,1.473318,56.338744,43.926611,315034531
315034533,5.702486,56.264547,44.019192,315034533
315034545,0.256618,56.311571,43.992835,315034545
315034769,4.62853,56.287242,43.848125,315034769
315034919,2.21531,56.318541,43.870745,315034919
315046368,3.697159,56.265197,43.977537,315046368
315046793,0.461596,56.310857,43.999186,315046793
315048587,2.378709,56.317537,44.031768,315048587
315051536,4.313718,56.317962,44.063227,315051536
315052105,1.586027,56.258518,43.860307,315052105
315053243,1.809968,56.269071,43.881336,315053243
315055294,2.766729,56.322929,44.035505,315055294
315055298,1.018376,56.329402,43.930986,315055298
315055301,0.685756,56.263062,43.897748,315055301
315056521,5.386544,56.203112,43.806516,315056521
315058354,5.568719,56.27365,44.04756,315058354
315058359,1.626401,56.301594,43.979477,315058359
315061776,0.882527,56.245785,43.845448,315061776
315063274,2.965096,56.300425,44.035352,315063274
315079080,1.691768,56.270116,43.88687,315079080
315079140,1.24555,56.310977,43.974447,315079140
315079141,0.820184,56.300635,43.951144,315079141
315081774,2.696861,56.218441,43.867628,315081774
315084019,1.600921,56.313488,43.898656,315084019
315084025,1.639254,56.344681,43.929225,315084025
315084052,4.415093,56.23505,43.960388,315084052
315085343,0.728381,56.325724,43.933861,315085343
315088220,1.174141,56.252607,43.858115,315088220
315088773,5.885973,56.284464,44.073019,315088773
315094251,5.537117,56.27417,44.047956,315094251
315094267,2.324874,56.309404,43.888774,315094267
315098041,1.883628,56.316469,43.886672,315098041
315101102,2.833771,56.29531,44.02539,315101102
315101104,4.155319,56.359853,43.847694,315101104
315105164,2.188304,56.317527,44.028642,315105164
315108528,3.941719,56.362601,43.859175,315108528
315129638,0.747477,56.283824,43.91602,315129638
315132050,2.809566,56.21701,43.863424,315132050
315134919,0.666611,56.238932,43.867179,315134919
315135304,1.285969,56.236856,43.839502,315135304
315139167,1.55498,56.338953,43.925345,315139167
315139904,6.818511,56.366096,43.801754,315139904
315141192,1.12569,56.257123,43.920458,315141192
315142107,1.674461,56.300899,43.911367,315142107
315142622,3.564634,56.281791,43.992494,315142622
315145669,0.690011,56.27413,43.931723,315145669
315145974,5.094165,56.291519,43.843733,315145974
315146193,1.55498,56.338953,43.925345,315146193
315146194,2.104761,56.270616,43.877366,315146194
315146224,1.683074,56.245345,43.831516,315146224
315147807,1.026982,56.319998,43.981642,315147807
315149141,2.148927,56.266042,43.86478,315149141
315153102,0.87975,56.251467,43.864484,315153102
315154692,1.975832,56.34924,43.929917,315154692
315156582,0.690011,56.27413,43.931723,315156582
315157839,6.577985,56.368883,43.809965,315157839
315158365,0.392432,56.329297,43.912238,315158365
315158369,2.825349,56.320787,44.037814,315158369
315158371,5.206115,56.279387,44.050857,315158371
315162124,2.048793,56.229541,43.882235,315162124
315162128,4.581147,56.232183,43.959975,315162128
315162133,5.575034,56.366046,43.826692,315162133
315165656,1.417113,56.263372,43.877222,315165656
315165660,2.419121,56.312505,43.881139,315165660
315178379,0.248082,56.326013,43.916083,315178379
315184837,1.25352,56.233119,43.845736,315184837
315188037,1.38071,56.280436,43.948494,315188037
315188829,0.862335,56.260543,43.888433,315188829
315190674,-1.0,56.336438,43.617402,315190674
315190682,4.92222,56.288651,43.843481,315190682
315191428,1.687485,56.341682,43.924878,315191428
315193697,0.448073,56.329497,43.914843,315193697
315196957,0.947704,56.32781,43.937975,315196957
315200123,5.589067,56.27276,44.045908,315200123
315200243,1.840596,56.341892,43.86946,315200243
315202956,2.404128,56.347983,43.866406,315202956
315203669,0.687728,56.340904,43.945081,315203669
315203671,3.517328,56.312495,43.851997,315203671
315203879,4.217819,56.358347,43.843733,315203879
315209110,1.684826,56.265647,43.875578,315209110
315209679,0.38157,56.281841,43.926117,315209679
315216863,0.607481,56.271725,43.916478,315216863
315232257,2.591362,56.218792,43.85736,315232257
315233873,1.798599,56.345399,43.926953,315233873
315238808,3.672853,56.291638,44.037877,315238808
315241425,4.468827,56.207874,43.820278,315241425
315241649,1.816858,56.225768,43.85957,315241649
315241653,2.048793,56.229541,43.882235,315241653
315243525,1.586027,56.258518,43.860307,315243525
315244133,1.384302,56.321356,43.888379,315244133
315246758,2.178003,56.224327,43.872829,315246758
315246948,1.563594,56.238567,43.833591,315246948
315247662,4.103918,56.340585,43.829809,315247662
315247664,0.242883,56.28338,43.930205,315247664
315247679,2.159379,56.22772,43.881453,315247679
315247681,1.06552,56.323348,43.992925,315247681
315247685,4.047338,56.341583,43.831138,315247685
315247687,0.704048,56.288246,43.917969,315247687
315247691,0.88961,56.310797,43.922865,315247691
315247707,0.731385,56.341513,43.945979,315247707
315247875,3.341855,56.277078,43.979836,315247875
315250755,0.432493,56.313808,43.941146,315250755
315251737,0.837049,56.327331,43.954333,315251737
315252283,1.26049,56.333654,43.874473,315252283
315254311,4.939083,56.303382,44.071492,315254311
315255607,4.296946,56.315615,44.063281,315255607
315255612,0.645695,56.31243,44.004064,315255612
315255614,4.229153,56.241314,43.964556,315255614
315255710,5.136444,56.203167,43.813495,315255710
315256084,7.822417,56.377647,43.79676,315256084
315261886,5.555504,56.272775,44.045,315261886
315262984,1.342155,56.258373,43.866882,315262984
315270420,0.64448,56.246586,43.85153,315270420
315282459,5.44024,56.296589,44.076181,315282459
315284834,1.157362,56.233219,43.848206,315284834
315284860,1.941603,56.269746,43.879531,315284860
315301267,6.609024,56.362451,43.801772,315301267
315307086,2.375715,56.308206,44.030969,315307086
315315593,0.772994,56.33325,43.882342,315315593
315317520,4.038091,56.307002,43.849823,315317520
315331754,3.857284,56.277023,43.988406,315331754
315332902,3.653572,56.277408,43.98519,315332902
315332920,0.92615,56.310662,43.980061,315332920
315336031,1.153768,56.304131,44.00065,315336031
315336037,1.799695,56.280367,43.955627,315336037
315336038,5.343493,56.364585,43.829369,315336038
315337269,2.575619,56.218932,43.858483,315337269
315338218,0.529651,56.281671,43.921985,315338218
315339606,0.986762,56.24573,43.843526,315339606
315339772,5.563823,56.29569,44.077699,315339772
315342653,5.765554,56.272095,44.049124,315342653
315342660,5.628241,56.269411,44.037418,315342660
315342736,1.519106,56.258693,43.862436,315342736
315347996,3.784826,56.270246,43.982792,315347996
315348000,0.602887,56.286203,43.9374,315348000
315354083,1.39659,56.337217,43.873413,315354083
315354348,0.707735,56.328873,43.922084,315354348
315354362,4.662406,56.281356,44.041542,315354362
315354366,0.594676,56.24592,43.867924,315354366
315360643,3.543973,56.277568,43.983439,315360643
315361704,6.73254,56.361833,43.79888,315361704
315361709,1.737286,56.313958,43.89376,315361709
315363261,5.569532,56.284469,44.066802,315363261
315364557,3.564634,56.281791,43.992494,315364557
315367184,0.387162,56.310483,43.992018,315367184
315369772,1.918054,56.296569,43.993841,315369772
315370290,1.586027,56.258518,43.860307,315370290
315382676,1.094371,56.257188,43.919371,315382676
315385828,0.606791,56.289945,43.932441,315385828
315386346,1.085738,56.291374,43.949033,315386346
315391682,0.876709,56.246251,43.846041,315391682
315392014,1.897829,56.317263,43.884247,315392014
315395447,1.271327,56.257298,43.86584,315395447
315395462,3.357264,56.294431,44.035496,315395462
315395465,1.16872,56.303856,43.999995,315395465
315397418,0.39426,56.313938,43.935163,315397418
315400479,2.710556,56.224252,43.828219,315400479
315404547,4.607495,56.284684,44.046815,315404547
315404550,1.517813,56.301703,43.982603,315404550
315409660,0.250852,56.32787,43.910612,315409660
315410927,0.446128,56.274644,43.91496,315410927
315414383,0.870156,56.321376,43.997336,315414383
315414390,1.429917,56.336304,43.87238,315414390
315414393,0.629737,56.285129,43.917691,315414393
315414397,5.450839,56.360945,43.822137,315414397
315414922,2.342013,56.294196,44.007657,315414922
315429318,3.012095,56.334802,43.846221,315429318
315430456,1.592369,56.325943,43.872721,315430456
315430459,5.2052,56.30457,44.076369,315430459
315430465,1.965075,56.316863,43.883088,315430465
315430467,4.25634,56.239758,43.962562,315430467
315434205,4.314365,56.352931,43.834732,315434205
315435040,1.852193,56.237101,43.829503,315435040
315436420,3.773357,56.317467,44.05454,315436420
315443481,5.054169,56.203072,43.816298,315443481
315443915,5.756395,56.27268,44.050282,315443915
315443919,0.347155,56.307851,43.939915,315443919
315445067,4.403276,56.238992,43.964529,315445067
315452984,0.615977,56.294311,43.933061,315452984
315461058,1.685447,56.265272,43.874545,315461058
315479749,0.671639,56.256963,43.882163,315479749
315479763,0.554869,56.281176,43.918571,315479763
315485580,5.669916,56.284464,44.068788,315485580
315485593,4.940415,56.280786,44.047246,315485593
315486038,0.781849,56.291888,43.931274,315486038
315486596,4.585981,56.286433,43.847236,315486596
315486691,2.375648,56.227685,43.82971,315486691
315486707,0.660961,56.316838,44.003094,315486707
315486708,6.369129,56.283999,44.081741,315486708
315487224,0.152735,56.277818,43.921383,315487224
315487517,5.518808,56.260308,44.005609,315487517
315488702,1.809968,56.269071,43.881336,315488702
315488708,4.85361,56.290629,43.84729,315488708
315488712,2.764203,56.293682,44.020099,315488712
315488857,5.741703,56.271496,44.046959,315488857
315489182,1.965075,56.316863,43.883088,315489182
315496087,2.311097,56.296074,44.013362,315496087
315496098,4.276952,56.286298,44.042162,315496098
315496395,0.62104,56.30429,43.934795,315496395
315499316,0.432493,56.313808,43.941146,315499316
315501046,8.975394,56.384216,43.782333,315501046
315502696,1.104859,56.308176,43.919919,315502696
315502698,5.074633,56.303846,44.073935,315502698
315502700,2.060804,56.322489,44.023324,315502700
315504255,3.85232,56.352268,43.842789,315504255
315506060,0.641914,56.30481,43.938128,315506060
315506066,0.675281,56.317243,43.938505,315506066
315508186,3.63914,56.3592,43.85904,315508186
315509167,1.452494,56.274954,43.944685,315509167
315509278,2.057765,56.228371,43.880303,315509278
315509288,3.199436,56.316544,44.045387,315509288
315511359,0.152735,56.277818,43.921383,315511359
315515591,1.788233,56.302752,43.972946,315515591
315515718,2.691805,56.230002,43.820394,315515718
315517090,1.882077,56.267487,43.874895,315517090
315519855,4.286796,56.360631,43.846086,315519855
315532735,1.417924,56.326497,43.875416,315532735
315532737,3.044372,56.348746,43.85427,315532737
315533875,2.714214,56.218116,43.8662,315533875
315534744,4.833081,56.265737,43.997659,315534744
315536494,5.429959,56.260948,44.004486,315536494
315536943,3.201019,56.285059,43.992413,315536943
315536946,5.150236,56.305229,44.075696,315536946
315537003,0.354515,56.309878,43.942817,315537003
315537722,3.983325,56.293517,43.86487,315537722
315540240,4.555398,56.288116,44.051208,315540240
315541219,1.590927,56.31898,44.01788,315541219
315541226,6.609024,56.362451,43.801772,315541226
315544714,3.213257,56.284974,43.99129,315544714
315551714,1.075125,56.256598,43.918679,315551714
315558277,2.500407,56.230117,43.823871,315558277
315563169,0.164432,56.275364,43.919586,315563169
315570775,2.561428,56.22835,43.82485,315570775
315585380,1.452494,56.274954,43.944685,315585380
315594265,1.596104,56.23534,43.83528,315594265
315596065,0.857572,56.234815,43.862696,315596065
315597001,0.318001,56.333594,43.945413,315597001
315597521,0.4607,56.310443,43.998288,315597521
315607989,3.295637,56.284379,43.988029,315607989
315612013,0.574759,56.308595,43.945799,315612013
315615480,5.79995,56.274245,44.054882,315615480
315633687,6.042345,56.286927,44.078723,315633687
315633968,4.367784,56.235335,43.959813,315633968
315634817,1.119687,56.255277,43.865077,315634817
315637745,1.17679,56.33794,43.911897,315637745
315637826,0.843119,56.254152,43.869829,315637826
315637933,2.58683,56.230042,43.822317,315637933
315638082,5.555371,56.36313,43.822874,315638082
315638334,1.617526,56.32485,44.010882,315638334
315638555,3.509291,56.334158,43.838127,315638555
315638559,1.789805,56.261378,43.86178,315638559
315638568,1.247284,56.337741,43.929926,315638568
315638705,1.586027,56.258518,43.860307,315638705
315638727,1.174544,56.24547,43.840086,315638727
315639100,3.641915,56.311646,43.850659,315639100
315639361,1.32212,56.336473,43.928327,315639361
315642106,8.255667,56.378674,43.789277,315642106
315642145,0.609845,56.288121,43.936106,315642145
315642495,3.015805,56.301134,44.036996,315642495
315642497,3.5302,56.27315,43.980627,315642497
315643007,4.745268,56.223581,43.948306,315643007
315645254,1.442529,56.341533,43.912786,315645254
315645909,1.539544,56.318336,44.017422,315645909
315646194,1.396703,56.239003,43.836169,315646194
315648795,2.696686,56.351505,43.866164,315648795
315649170,1.70784,56.299811,44.005259,315649170
315649176,5.295545,56.303531,44.077465,315649176
315649179,5.356808,56.29506,44.07363,315649179
315649181,1.219504,56.324721,43.992566,315649181
315649187,0.729331,56.241739,43.846266,315649187
315649198,2.420858,56.292468,43.986322,315649198
315649202,1.785073,56.348387,43.933025,315649202
315649206,1.553077,56.319973,44.016425,315649206
315649259,4.336783,56.285893,44.042799,315649259
315649264,1.24555,56.310977,43.974447,315649264
315653425,0.772242,56.277018,43.908968,315653425
315653430,4.326813,56.358612,43.84181,315653430
315653434,3.604503,56.275504,43.983421,315653434
315653439,3.469336,56.270096,43.976917,315653439
315653444,4.402176,56.235506,43.960684,315653444
315653448,5.785428,56.367981,43.825227,315653448
315653450,3.089532,56.354622,43.862957,315653450
315654335,3.593561,56.358647,43.858959,315654335
315654527,2.294296,56.321756,44.028121,315654527
315654532,3.924998,56.236216,43.952186,315654532
315655762,1.191483,56.246341,43.8404,315655762
315655768,1.191483,56.246341,43.8404,315655768
315656840,1.267312,56.231533,43.850254,315656840
315656851,5.103871,56.205045,43.809489,315656851
315657127,6.564517,56.244085,44.011385,315657127
315657132,5.429959,56.260948,44.004486,315657132
315657135,4.975555,56.309983,44.074025,315657135
315659627,2.25286,56.313553,43.883079,315659627
315659742,1.226606,56.340051,43.879225,315659742
315660442,2.714214,56.218116,43.8662,315660442
315661103,1.263766,56.287012,43.947982,315661103
315661597,1.290408,56.331892,43.874123,315661597
315663224,5.049399,56.291499,44.064952,315663224
315663235,0.861528,56.306103,43.995431,315663235
315663337,2.245056,56.293737,43.99023,315663337
315665100,0.669087,56.31899,43.999357,315665100
315665479,6.80439,56.361998,43.797721,315665479
315665501,0.944635,56.305314,43.993527,315665501
315675247,0.569216,56.246441,43.868068,315675247
315676682,0.59594,56.286822,43.936987,315676682
315680346,1.562133,56.319664,43.888604,315680346
315680394,0.60745,56.305584,43.933331,315680394
315680491,5.393198,56.267562,44.019892,315680491
315680920,0.355466,56.321591,43.952743,315680920
315681145,6.73254,56.361833,43.79888,315681145
315681725,5.73212,56.264057,44.017799,315681725
315683421,1.35284,56.325305,43.986924,315683421
315683505,5.743949,56.345115,43.804449,315683505
315683592,0.586935,56.322255,43.937903,315683592
315683681,1.597495,56.270956,43.888909,315683681
315685441,0.678303,56.341343,43.94906,315685441
315688289,0.961463,56.317148,44.008241,315688289
315689725,2.362748,56.348941,43.869101,315689725
315690312,0.802687,56.234865,43.858753,315690312
315690494,6.156993,56.285004,44.078831,315690494
315690622,0.771914,56.325369,43.937454,315690622
314556883,3.604577,55.723886,49.17368,314556883
314560030,1.093013,55.786753,49.14417,314560030
314564675,2.976047,55.833284,49.135448,314564675
314579918,2.052856,55.830457,49.050099,314579918
314580098,8.598289,55.80064,48.954437,314580098
314581633,1.890753,55.828501,49.052434,314581633
314585508,5.538264,55.800914,49.241628,314585508
314585740,1.138268,55.808518,49.08719,314585740
314596499,1.819922,55.77392,49.206675,314596499
314586692,3.269431,55.730649,49.169377,314586692
314597894,0.391505,55.746765,49.205983,314597894
314600703,4.777902,55.802538,49.203818,314600703
314601581,4.695571,55.806808,49.195491,314601581
314602284,1.595599,55.831964,49.058058,314602284
314603484,3.07108,55.738161,49.15619,314603484
314603760,4.010544,55.788626,49.230175,314603760
314621963,2.435009,55.813455,49.136867,314621963
314623384,3.803536,55.828217,49.155453,314623384
314624287,0.781174,55.841508,49.094664,314624287
314627105,-1.0,55.81957,48.894789,314627105
314626019,0.719941,55.838132,49.091448,314626019
314627126,9.035669,55.869849,49.22668,314627126
314627130,0.279297,55.826326,49.085672,314627130
314630794,4.803898,55.807415,49.196856,314630794
314638110,1.122633,55.807749,49.089687,314638110
314641122,4.738756,55.805052,49.199354,314641122
314640740,4.587976,55.81039,49.185385,314640740
314641131,4.927777,55.804633,49.203908,314641131
314641515,1.65892,55.810536,49.074209,314641515
314646118,0.575337,55.761801,49.199668,314646118
314646666,4.777902,55.802538,49.203818,314646666
314646813,1.237902,55.862787,49.099731,314646813
314648463,1.465557,55.823227,49.060905,314648463
314648708,4.188588,55.832733,49.15875,314648708
314665939,1.697039,55.826807,49.055623,314665939
314667160,0.439817,55.763579,49.194539,314667160
314671782,2.81892,55.818736,49.143218,314671782
314693827,-1.0,55.866672,48.875727,314693827
314693829,1.588366,55.779347,49.168434,314693829
314700506,8.251398,55.800554,48.960438,314700506
314696431,-1.0,55.86594,48.882796,314696431
314712235,0.726336,55.823065,49.097736,314712235
314714094,-1.0,55.873849,49.24382,314714094
314718808,1.97136,55.760155,49.234262,314718808
314722695,1.615035,55.836373,49.105992,314722695
314724050,1.541919,55.818417,49.065083,314724050
314728308,4.337318,55.867657,49.01872,314728308
314724064,8.993939,55.860691,49.227947,314724064
314728656,4.648945,55.840897,49.158687,314728656
314733060,0.425726,55.768826,49.164849,314733060
314733059,6.92399,55.719049,49.092481,314733059
314737166,2.954682,55.822706,49.144269,314737166
314740833,8.251398,55.800554,48.960438,314740833
314740835,0.839509,55.836524,49.091457,314740835
314745271,1.214192,55.787067,49.149919,314745271
314751009,0.630167,55.762049,49.200441,314751009
314765092,0.101498,55.776072,49.142383,314765092
314765094,3.219889,55.826352,49.146748,314765094
314767337,8.205091,55.801055,48.960878,314767337
314769021,7.101612,55.680752,49.201213,314769021
314769024,2.637554,55.783731,49.195527,314769024
314770656,0.714973,55.750322,49.219961,314770656
314772834,1.297353,55.747789,49.188295,314772834
314773019,2.341466,55.784734,49.179995,314773019
314773535,3.891742,55.806029,49.177075,314773535
314777826,3.164204,55.793202,49.183984,314777826
314781264,5.489917,55.796461,49.250216,314781264
314784572,3.027218,55.818746,49.146551,314784572
314781274,1.30178,55.825841,49.111031,314781274
314785774,2.375782,55.815119,49.136229,314785774
314786761,0.853678,55.766268,49.153081,314786761
314832764,1.630134,55.834477,49.059145,314832764
314833245,1.571568,55.781134,49.166511,314833245
314834892,0.267305,55.774836,49.140649,314834892
314835745,2.316351,55.81998,49.134864,314835745
314835462,1.532439,55.837353,49.105255,314835462
314837269,3.284915,55.785913,49.216574,314837269
314837434,1.166957,55.799892,49.123626,314837434
314837679,0.74666,55.809909,49.096793,314837679
314837948,2.303851,55.782071,49.187586,314837948
314841401,1.096517,55.832571,49.066969,314841401
314841246,0.872774,55.826286,49.096128,314841246
314842044,0.269248,55.775489,49.139194,314842044
314842378,1.122633,55.807749,49.089687,314842378
314842381,3.843984,55.833284,49.152066,314842381
314842514,3.027218,55.818746,49.146551,314842514
314842854,3.717556,55.830564,49.152255,314842854
314844084,4.336496,55.802052,49.195473,314844084
314847480,1.663996,55.822625,49.122673,314847480
314852832,2.3191,55.819692,49.048778,314852832
314860509,2.918106,55.842802,49.128782,314860509
314870665,0.844349,55.743213,49.232412,314870665
314871256,1.004184,55.81735,49.114373,314871256
314875052,-1.0,55.820359,48.896792,314875052
314875049,0.935058,55.852693,49.070616,314875049
314877024,1.248849,55.823909,49.113457,314877024
314878863,1.97136,55.760155,49.234262,314878863
314880968,2.483796,55.815104,49.137954,314880968
314881306,5.288904,55.809783,49.203558,314881306
314882255,3.489313,55.797245,49.184999,314882255
314885019,0.81566,55.820354,49.10954,314885019
314886285,3.947732,55.842115,49.145239,314886285
314893525,8.87774,55.806348,48.94637,314893525
314893529,0.697515,55.790241,49.132411,314893529
314895689,-1.0,55.846815,48.904994,314895689
314895692,1.122633,55.807749,49.089687,314895692
314897489,0.686392,55.78647,49.114131,314897489
314902456,0.324074,55.855391,49.079447,314902456
314902457,4.351043,55.719252,49.165029,314902457
314904113,5.705646,55.806064,49.231468,314904113
314905454,3.714085,55.797078,49.047889,314905454
314922320,0.511736,55.829926,49.075072,314922320
314923553,2.446962,55.825416,49.043855,314923553
314925676,2.990634,55.768502,49.243057,314925676
314927192,3.843619,55.780497,49.240479,314927192
314929014,8.734235,55.865712,49.222934,314929014
314935635,0.789794,55.756118,49.214832,314935635
314935833,-1.0,55.853845,48.900915,314935833
314940679,0.473798,55.767919,49.172216,314940679
314942257,1.107816,55.741906,49.198231,314942257
314943598,-1.0,55.84261,48.905317,314943598
314943599,-1.0,55.81957,48.894789,314943599
314946060,0.81566,55.820354,49.10954,314946060
314948224,0.958773,55.8366,49.094161,314948224
314949650,3.524584,55.779464,49.235502,314949650
314951878,5.269454,55.804046,49.222503,314951878
314967263,0.992453,55.852223,49.06996,314967263
314972430,4.198374,55.80787,49.180956,314972430
314974411,3.282469,55.825977,49.030363,314974411
314980224,1.353394,55.809221,49.081198,314980224
314980289,4.745909,55.877667,49.019718,314980289
314980665,1.248849,55.823909,49.113457,314980665
314998233,1.459848,55.745362,49.186822,314998233
314999522,2.822458,55.836519,49.126213,314999522
315002460,3.633441,55.722644,49.174875,315002460
315007086,0.30015,55.794948,49.111777,315007086
315018872,2.128325,55.779221,49.193991,315018872
315019354,3.018339,55.824754,49.144314,315019354
315021415,-1.0,55.85288,48.896999,315021415
315021535,0.961805,55.834598,49.092796,315021535
315021776,0.579203,55.747176,49.2008,315021776
315021779,2.035799,55.780345,49.184496,315021779
315022324,2.979739,55.821143,49.145248,315022324
315029857,0.606079,55.818822,49.107205,315029857
315031231,2.822458,55.836519,49.126213,315031231
315031243,1.642008,55.869223,49.094772,315031243
315032268,-1.0,55.85533,48.897888,315032268
315032586,1.214572,55.851919,49.066367,315032586
315034241,-1.0,55.865697,48.87128,315034241
315034568,0.698865,55.789006,49.134307,315034568
315034850,1.102892,55.799785,49.122575,315034850
315034868,2.801478,55.732124,49.177129,315034868
315034882,1.413288,55.861555,49.104563,315034882
315034907,3.269431,55.730649,49.169377,315034907
315035943,5.140329,55.792701,49.249111,315035943
315037140,0.629766,55.756989,49.199246,315037140
315038245,1.143284,55.785194,49.153504,315038245
315047844,2.435009,55.813455,49.136867,315047844
315049122,3.027218,55.818746,49.146551,315049122
315051793,3.646792,55.823859,49.15513,315051793
315059346,0.30015,55.794948,49.111777,315059346
315062633,3.158129,55.721605,49.187568,315062633
315067054,3.254884,55.781393,49.226653,315067054
315078275,0.788189,55.837555,49.092032,315078275
315078287,2.29998,55.772163,49.220814,315078287
315078301,8.251398,55.800554,48.960438,315078301
315080300,2.243894,55.771565,49.099281,315080300
315080648,2.582905,55.825644,49.136328,315080648
315080674,0.324525,55.745498,49.214877,315080674
315081721,1.811615,55.8213,49.12606,315081721
315084442,0.457508,55.767362,49.172638,315084442
315084634,3.057108,55.820071,49.146784,315084634
315087091,1.663996,55.822625,49.122673,315087091
315087756,1.314185,55.808498,49.083094,315087756
315089141,0.733999,55.830063,49.093802,315089141
315091654,1.061817,55.787158,49.141655,315091654
315092480,-1.0,55.859175,48.905946,315092480
315096464,1.014028,55.819358,49.078324,315096464
315099936,4.099713,55.795778,49.207681,315099936
315102059,4.562095,55.795342,49.228297,315102059
315104215,0.419997,55.750297,49.201932,315104215
315105396,1.974938,55.820708,49.053988,315105396
315106482,-1.0,55.864141,48.879473,315106482
315108965,1.729392,55.815929,49.06555,315108965
315108967,3.33688,55.825725,49.029527,315108967
315108974,0.614267,55.781975,49.13843,315108974
315108972,1.346726,55.833577,49.101797,315108972
315111593,0.243723,55.785103,49.121173,315111593
315111639,3.110187,55.797559,49.176096,315111639
315112863,9.491463,55.875526,49.232016,315112863
315114054,3.843619,55.780497,49.240479,315114054
315114259,1.304959,55.850403,49.065954,315114259
315114343,2.940555,55.768385,49.242149,315114343
315115434,1.171348,55.767327,49.135142,315115434
315130263,3.066212,55.823363,49.145814,315130263
315134034,3.386083,55.841973,49.136274,315134034
315134273,0.814656,55.771069,49.134918,315134273
315134450,1.259315,55.849928,49.067238,315134450
315134454,2.682184,55.792144,49.175791,315134454
315134606,1.111148,55.799143,49.123266,315134606
315134957,0.913976,55.739205,49.206873,315134957
315135277,2.891182,55.789082,49.184289,315135277
315136763,0.751683,55.83524,49.081872,315136763
315139549,7.283257,55.680245,49.191134,315139549
315142042,5.693809,55.804329,49.236769,315142042
315142454,1.137756,55.782218,49.107842,315142454
315143917,3.428816,55.799305,49.18022,315143917
315144418,1.305799,55.765306,49.144628,315144418
315147575,0.874189,55.818837,49.111759,315147575
315148911,1.317412,55.765154,49.141736,315148911
315149219,2.897912,55.826109,49.141421,315149219
315149744,2.370573,55.788368,49.174497,315149744
315152583,0.560543,55.767565,49.174336,315152583
315152608,0.473798,55.767919,49.172216,315152608
315154671,-1.0,55.865697,48.87128,315154671
315157730,1.369933,55.852829,49.063304,315157730
315159481,1.415117,55.736686,49.200261,315159481
315164131,0.611131,55.86106,49.083193,315164131
315164397,3.843984,55.833284,49.152066,315164397
315164176,0.934604,55.770512,49.152075,315164176
315165553,5.133673,55.812145,49.195509,315165553
315181761,0.644142,55.822357,49.082707,315181761
315188570,1.623695,55.864945,49.104554,315188570
315192506,-1.0,55.845885,48.905542,315192506
315193896,0.468608,55.824354,49.079339,315193896
315194270,7.153678,55.680235,49.201707,315194270
315195850,3.296838,55.72854,49.17235,315195850
315195870,0.414118,55.840619,49.076078,315195870
315196842,8.722994,55.859761,49.223707,315196842
315196847,3.646022,55.797989,49.049092,315196847
315200419,2.441372,55.822842,49.044799,315200419
315200818,0.744425,55.845673,49.09214,315200818
315201967,3.29575,55.797351,49.180687,315201967
315201973,1.353048,55.814431,49.077165,315201973
315205256,1.31754,55.771439,49.184496,315205256
315205640,4.427488,55.872051,49.020203,315205640
315206024,0.762104,55.853814,49.072871,315206024
315206410,2.115866,55.827687,49.125773,315206410
315207736,0.235121,55.855386,49.080875,315207736
315207756,0.477693,55.780826,49.14594,315207756
315213391,2.499062,55.76566,49.237038,315213391
315214019,0.732703,55.782517,49.135286,315214019
315221286,3.976015,55.83476,49.152992,315221286
315234707,0.253777,55.840624,49.078979,315234707
315235476,0.74666,55.809909,49.096793,315235476
315237089,4.132516,55.835589,49.155022,315237089
315242065,2.316351,55.81998,49.134864,315242065
315242238,4.405691,55.709231,49.184693,315242238
315242245,4.405691,55.709231,49.184693,315242245
315242246,0.560543,55.767565,49.174336,315242246
315242251,1.780838,55.776062,49.19435,315242251
315243860,-1.0,55.858276,48.909054,315243860
315244063,0.74666,55.809909,49.096793,315244063
315244066,1.052984,55.75512,49.176797,315244066
315246901,1.219793,55.782046,49.15981,315246901
315248978,1.183245,55.789932,49.142176,315248978
315250779,-1.0,55.857326,48.902973,315250779
315255729,0.87927,55.8611,49.074479,315255729
315255783,3.214937,55.731252,49.169601,315255783
315266115,-1.0,55.822033,48.896532,315266115
315278548,2.082931,55.764106,49.230301,315278548
315278713,0.751683,55.83524,49.081872,315278713
315284195,3.151973,55.820334,49.148249,315284195
315286577,0.333291,55.763169,49.191296,315286577
315286579,1.844698,55.82091,49.056117,315286579
315289606,1.541919,55.818417,49.065083,315289606
315289608,2.425978,55.837328,49.12005,315289608
315290475,3.155339,55.722041,49.186696,315290475
315306971,1.476962,55.851,49.062504,315306971
315332925,-1.0,55.84261,48.905317,315332925
315333302,2.81892,55.818736,49.143218,315333302
315336766,1.22691,55.776781,49.113214,315336766
315339634,2.551751,55.783008,49.194611,315339634
315339626,2.564688,55.814457,49.139158,315339626
315343340,1.248849,55.823909,49.113457,315343340
315344207,2.344645,55.784572,49.180848,315344207
315344752,0.727229,55.762617,49.177228,315344752
315344758,-1.0,55.814275,48.905066,315344758
315344972,8.706274,55.86015,49.223402,315344972
315345774,3.382482,55.836484,49.139149,315345774
315347270,3.051076,55.841129,49.130902,315347270
315349202,0.195291,55.829886,49.082932,315349202
315350470,0.548641,55.77352,49.136346,315350470
315350631,1.142109,55.824642,49.109621,315350631
315354138,5.472009,55.799446,49.243416,315354138
315355400,2.726799,55.832136,49.13198,315355400
315355820,1.249647,55.833809,49.099811,315355820
315356781,0.49744,55.818559,49.105507,315356781
315361529,2.603085,55.76639,49.238089,315361529
315362980,3.804763,55.722537,49.171506,315362980
315363181,0.84451,55.81777,49.111714,315363181
315367899,5.738814,55.804364,49.238071,315367899
315375957,2.435009,55.813455,49.136867,315375957
315375958,2.435009,55.813455,49.136867,315375958
315380900,8.538746,55.865096,49.219925,315380900
315382670,0.646801,55.753757,49.2008,315382670
315382672,9.204172,55.858766,49.231477,315382672
315382675,2.118649,55.761168,49.235861,315382675
315384967,4.638531,55.801081,49.20504,315384967
315385841,1.957832,55.786025,49.169332,315385841
315386613,1.242507,55.796117,49.13154,315386613
315387453,1.415117,55.736686,49.200261,315387453
315387468,0.357635,55.761158,49.185538,315387468
315388447,2.483796,55.815104,49.137954,315388447
315391828,2.613545,55.825502,49.04116,315391828
315391832,3.035114,55.800296,49.059477,315391832
315392190,2.559571,55.813754,49.138942,315392190
315392191,0.889241,55.816379,49.084235,315392191
315393115,-1.0,55.845051,48.906997,315393115
315393386,1.026794,55.753397,49.179887,315393386
315394470,0.545682,55.762996,49.183849,315394470
315394780,0.908099,55.783342,49.151626,315394780
315397828,5.288904,55.809783,49.203558,315397828
315401902,3.027218,55.818746,49.146551,315401902
315402224,4.537789,55.80059,49.202156,315402224
315403453,7.379678,55.678352,49.199794,315403453
315403463,1.34314,55.748974,49.183049,315403463
315403479,7.331744,55.678869,49.198958,315403479
315403484,3.843984,55.833284,49.152066,315403484
315405296,3.664414,55.734177,49.14665,315405296
315405301,1.280059,55.863616,49.099308,315405301
315407800,0.744382,55.86012,49.075799,315407800
315407802,2.213165,55.771337,49.100377,315407802
315407809,2.744819,55.834548,49.128351,315407809
315407819,0.817274,55.756655,49.213924,315407819
315407823,0.228142,55.749091,49.211885,315407823
315410131,2.758734,55.768005,49.09399,315410131
315409667,0.756657,55.821563,49.079572,315409667
315411801,0.43842,55.741039,49.213924,315411801
315411803,0.592301,55.772203,49.138412,315411803
315411805,2.81892,55.818736,49.143218,315411805
315412130,0.800761,55.755895,49.180723,315412130
315413874,3.803536,55.828217,49.155453,315413874
315414036,1.259239,55.81781,49.11838,315414036
315415444,1.991337,55.823889,49.12739,315415444
315417081,1.180604,55.860069,49.101725,315417081
315433113,0.292702,55.792716,49.108651,315433113
315433727,5.538264,55.800914,49.241628,315433727
315434428,2.57987,55.818012,49.13949,315434428
315436241,1.183245,55.789932,49.142176,315436241
315436683,1.277448,55.741085,49.195698,315436683
315437329,7.153678,55.680235,49.201707,315437329
315437452,2.109288,55.844172,49.048778,315437452
315437875,0.372266,55.756898,49.192086,315437875
315438534,1.076509,55.859155,49.100611,315438534
315439282,1.050263,55.737122,49.207088,315439282
315438538,1.259978,55.865172,49.095419,315438538
315439283,3.646792,55.823859,49.15513,315439283
315439284,5.339024,55.804926,49.221569,315439284
315439820,3.455842,55.836772,49.140254,315439820
315440059,4.537789,55.80059,49.202156,315440059
315440069,-1.0,55.864141,48.879473,315440069
315444803,1.410039,55.788343,49.152489,315444803
315444808,0.491033,55.779692,49.148743,315444808
315445167,5.527516,55.802776,49.236221,315445167
315446399,1.785536,55.821714,49.125386,315446399
315446402,2.315891,55.838218,49.118577,315446402
315447279,0.421845,55.740674,49.222943,315447279
315452440,4.541443,55.842666,49.154707,315452440
315450153,3.646792,55.823859,49.15513,315450153
315454063,3.859304,55.722467,49.1705,315454063
315455490,1.640686,55.822903,49.122036,315455490
315455493,0.703385,55.759927,49.17977,315455493
315455945,2.433419,55.81737,49.137208,315455945
315455952,3.476003,55.785194,49.224111,315455952
315457269,0.455578,55.816662,49.091152,315457269
315458406,2.086684,55.769221,49.108768,315458406
315458409,0.674679,55.75514,49.196928,315458409
315458472,1.669547,55.779975,49.170176,315458472
315458717,1.052418,55.824546,49.067068,315458717
315460224,1.595599,55.831964,49.058058,315460224
315460227,1.137756,55.782218,49.107842,315460227
315460230,2.300861,55.78077,49.194125,315460230
315461158,1.143575,55.760631,49.150144,315461158
315461211,0.705759,55.771727,49.136274,315461211
315462930,0.892912,55.819863,49.111391,315462930
315462931,1.205324,55.738601,49.202112,315462931
315462932,0.887503,55.772249,49.153962,315462932
315462934,0.560563,55.768025,49.173824,315462934
315462936,1.195961,55.766304,49.144727,315462936
315462937,2.603085,55.76639,49.238089,315462937
315468968,3.079613,55.839087,49.131109,315468968
315477410,4.040437,55.786779,49.234765,315477410
315482616,3.617629,55.795312,49.190182,315482616
315482796,0.643814,55.826488,49.072754,315482796
315483099,1.810143,55.786202,49.166332,315483099
315483101,3.164204,55.793202,49.183984,315483101
315483103,4.288683,55.809049,49.180444,315483103
315484467,0.781174,55.841508,49.094664,315484467
315485108,2.375782,55.815119,49.136229,315485108
315487754,3.646792,55.823859,49.15513,315487754
315488384,2.72614,55.825583,49.039337,315488384
315488586,0.102185,55.777829,49.143182,315488586
315493681,2.287375,55.8143,49.134684,315493681
315494680,0.425726,55.768826,49.164849,315494680
315499685,0.366447,55.762672,49.194781,315499685
315505991,4.268377,55.809277,49.179231,315505991
315505178,3.601628,55.779722,49.236697,315505178
315507696,8.964709,55.863586,49.227067,315507696
315507890,8.722994,55.859761,49.223707,315507890
315508936,3.169633,55.722872,49.184684,315508936
315512258,1.650049,55.806171,49.079635,315512258
315515241,2.315891,55.838218,49.118577,315515241
315515538,9.1898,55.874077,49.227669,315515538
315515752,5.738814,55.804364,49.238071,315515752
315515755,2.272309,55.781666,49.187729,315515755
315533542,7.373902,55.80911,49.270177,315533542
315533728,4.351043,55.719252,49.165029,315533728
315536289,2.85637,55.819778,49.143622,315536289
315536615,8.025793,55.845208,49.215937,315536615
315540609,2.817112,55.778279,49.222333,315540609
315541830,0.742198,55.768117,49.155965,315541830
315541949,2.886415,55.732393,49.174794,315541949
315544841,2.564688,55.814457,49.139158,315544841
315544843,0.391563,55.757126,49.194054,315544843
315545482,0.228142,55.749091,49.211885,315545482
315545985,1.122157,55.765919,49.148707,315545985
315547747,1.476962,55.851,49.062504,315547747
315548588,1.839711,55.822018,49.126114,315548588
315548776,2.412919,55.747708,49.143649,315548776
315549485,2.86113,55.831802,49.13516,315549485
315550262,0.477693,55.780826,49.14594,315550262
315550570,0.266583,55.779332,49.141808,315550570
315550578,0.325501,55.828941,49.087594,315550578
315551420,2.712404,55.787477,49.183705,315551420
315552686,1.137756,55.782218,49.107842,315552686
315553135,0.705759,55.771727,49.136274,315553135
315553139,0.556146,55.765048,49.188969,315553139
315553359,0.47267,55.824096,49.084881,315553359
315553365,2.545338,55.837166,49.121937,315553365
315555888,1.920857,55.836398,49.111229,315555888
315556149,3.500587,55.82799,49.15044,315556149
315556151,2.503343,55.833784,49.124075,315556151
315557726,1.005436,55.843293,49.098105,315557726
315558183,3.128841,55.796304,49.178782,315558183
315558208,2.954682,55.822706,49.144269,315558208
315558223,1.916466,55.83069,49.052353,315558223
315558263,1.137756,55.782218,49.107842,315558263
315558906,4.091622,55.833056,49.156747,315558906
315558907,0.575955,55.760793,49.181855,315558907
315562433,3.646792,55.823859,49.15513,315562433
315562439,5.473616,55.795494,49.251654,315562439
315562443,0.545213,55.781777,49.140855,315562443
315562445,0.545213,55.781777,49.140855,315562445
315564507,0.721988,55.786075,49.113484,315564507
315564603,4.336496,55.802052,49.195473,315564603
315565982,-1.0,55.849807,49.253738,315565982
315564739,3.405053,55.782861,49.227363,315564739
315565983,0.732703,55.782517,49.135286,315565983
315565984,0.732703,55.782517,49.135286,315565984
315567818,0.424887,55.778887,49.136714,315567818
315581076,2.633428,55.798981,49.065568,315581076
315582339,3.360743,55.839133,49.135627,315582339
315582164,2.519641,55.816495,49.13861,315582164
315582527,4.148041,55.804086,49.187936,315582527
315584420,1.632378,55.840417,49.10813,315584420
315585684,4.046472,55.788262,49.2319,315585684
315586419,5.077797,55.791132,49.250396,315586419
315587025,1.055438,55.746355,49.193048,315587025
315587026,0.84629,55.838405,49.070311,315587026
315587029,1.235229,55.831428,49.063771,315587029
315589319,3.969102,55.802047,49.187559,315589319
315599004,3.890161,55.785802,49.233112,315599004
315606902,0.457508,55.767362,49.172638,315606902
315608104,0.687778,55.756108,49.20963,315608104
315609931,-1.0,55.863444,48.879095,315609931
315612721,2.770523,55.877339,49.06298,315612721
315612797,1.003518,55.791865,49.136445,315612797
315616109,1.356199,55.865904,49.096236,315616109
315616638,1.974938,55.820708,49.053988,315616638
315619335,1.74913,55.791496,49.153225,315619335
315623512,-1.0,55.86357,48.873202,315623512
315623534,0.991623,55.834184,49.094224,315623534
315623652,1.021411,55.786151,49.142643,315623652
315623800,1.588315,55.825042,49.05786,315623800
315624885,3.175472,55.782997,49.221326,315624885
315625231,1.237902,55.862787,49.099731,315625231
315625235,2.927386,55.769129,49.240506,315625235
315625527,5.077797,55.791132,49.250396,315625527
315625537,2.48618,55.814806,49.137954,315625537
315628054,3.131398,55.840452,49.132133,315628054
315628265,0.830862,55.784344,49.138017,315628265
315629807,2.132681,55.822513,49.050072,315629807
315630180,1.807943,55.781605,49.170194,315630180
315630185,1.503487,55.753874,49.234828,315630185
315630190,2.12712,55.823378,49.04973,315630190
315630688,4.525887,55.805725,49.193587,315630688
315630716,4.993392,55.788429,49.252768,315630716
315632078,0.787421,55.770178,49.139122,315632078
315632081,2.987546,55.802998,49.057294,315632081
315632211,4.010544,55.788626,49.230175,315632211
315632213,5.623885,55.802644,49.239508,315632213
315632393,1.338039,55.765037,49.140155,315632393
315634024,1.724817,55.870763,49.090487,315634024
315634930,7.138903,55.68059,49.199336,315634930
315635252,4.638531,55.801081,49.20504,315635252
315635656,1.249679,55.840351,49.101958,315635656
315635669,0.723422,55.819348,49.087999,315635669
315635676,5.041865,55.792321,49.247566,315635676
315635678,5.045522,55.787786,49.254726,315635678
315635692,3.386083,55.841973,49.136274,315635692
315635757,2.602704,55.785063,49.18817,315635757
315635759,3.86582,55.805224,49.178414,315635759
315635762,0.524387,55.816176,49.106755,315635762
315636033,2.300861,55.78077,49.194125,315636033
315636040,2.300861,55.78077,49.194125,315636040
315636985,0.290541,55.762667,49.192374,315636985
315637006,1.137756,55.782218,49.107842,315637006
315637206,0.997355,55.777758,49.117248,315637206
315637341,3.032945,55.823798,49.14506,315637341
315637883,0.875821,55.768365,49.17924,315637883
315638646,-1.0,55.867228,48.877874,315638646
315641694,2.985723,55.738617,49.159289,315641694
315641703,3.325875,55.776684,49.235134,315641703
315641707,2.968964,55.826114,49.142634,315641707
315641812,4.429219,55.864379,49.015603,315641812
315642163,5.092391,55.793713,49.246156,315642163
315642226,1.80352,55.830422,49.054105,315642226
315642297,3.820528,55.803155,49.181953,315642297
315643287,3.11313,55.738708,49.150261,315643287
315643290,3.601628,55.779722,49.236697,315643290
315643295,3.110993,55.738221,49.153126,315643295
315644169,0.825683,55.833552,49.09161,315644169
314521485,1.892904,53.196229,50.290977,314521485
314530224,4.825736,53.25479,50.23017,314530224
314530227,3.344606,53.23102,50.187644,314530227
314530231,0.754419,53.217748,50.240654,314530231
314530932,3.684715,53.24527,50.259527,314530932
314533600,0.991435,53.209109,50.205557,314533600
314543476,1.359757,53.202686,50.117387,314543476
314543482,1.461253,53.19803,50.123792,314543482
314549402,-1.0,53.305895,50.314909,314549402
314549408,2.52916,53.188832,50.118752,314549408
314552822,0.344668,53.203338,50.17576,314552822
314555832,4.627922,53.245097,50.190761,314555832
314568311,1.192747,53.209238,50.186297,314568311
314580985,0.800102,53.207426,50.175292,314580985
314580986,0.800102,53.207426,50.175292,314580986
314586467,-1.0,53.304232,50.286073,314586467
314587791,1.153755,53.190866,50.183764,314587791
314587793,1.242503,53.212124,50.170747,314587793
314587798,0.813321,53.194567,50.184114,314587798
314587991,1.207208,53.222309,50.27496,314587991
314589776,1.159503,53.217246,50.163902,314589776
314591010,-1.0,53.110038,50.07849,314591010
314596310,1.2986,53.198494,50.142441,314596310
314596311,4.800968,53.25493,50.232704,314596311
314599865,1.083183,53.191368,50.202368,314599865
314621360,2.032647,53.191319,50.134536,314621360
314626620,0.098041,53.207863,50.235695,314626620
314640313,1.020275,53.218486,50.137824,314640313
314640611,1.634699,53.186285,50.200787,314640611
314651294,3.642777,53.242872,50.226757,314651294
314668228,5.135228,53.253244,50.211306,314668228
314691976,7.263135,53.135129,50.169974,314691976
314699931,-1.0,53.307364,50.285381,314699931
314702645,4.896675,53.25013,50.209527,314702645
314712188,-1.0,53.321706,50.305027,314712188
314713952,1.231403,53.212728,50.168663,314713952
314716243,0.928714,53.201326,50.132164,314716243
314716248,1.309059,53.202141,50.119013,314716248
314716525,1.621938,53.195085,50.136674,314716525
314717355,1.08594,53.219516,50.159186,314717355
314718026,-1.0,53.325379,50.313238,314718026
314721637,-1.0,53.310823,50.310731,314721637
314727720,4.034764,53.248492,50.237501,314727720
314728453,8.402653,53.286573,50.221376,314728453
314729268,0.487902,53.198327,50.225382,314729268
314729277,2.281115,53.221231,50.19457,314729277
314736139,-1.0,53.115298,50.074762,314736139
314739831,1.833797,53.195053,50.121241,314739831
314739859,-1.0,53.349317,50.210614,314739859
314746537,5.018145,53.254391,50.219265,314746537
314763977,0.525539,53.201073,50.212617,314763977
314769446,2.80158,53.237515,50.278284,314769446
314777660,1.249212,53.220169,50.161665,314777660
314785531,0.562809,53.195959,50.19828,314785531
314785535,0.887557,53.195592,50.21162,314785535
314785538,1.390092,53.188616,50.183979,314785538
314785542,0.711605,53.196925,50.164665,314785542
314785544,1.185558,53.208872,50.186988,314785544
314785546,6.350063,53.26705,50.21878,314785546
314785549,1.018531,53.203106,50.123415,314785549
314785555,1.187808,53.21262,50.167495,314785555
314785563,0.786209,53.205528,50.190609,314785563
314785564,2.150887,53.228967,50.2307,314785564
314785573,2.437163,53.233344,50.271529,314785573
314786651,9.715326,53.125474,50.093106,314786651
314789511,4.033458,53.240199,50.186755,314789511
314795159,0.145744,53.200194,50.197804,314795159
314795160,1.514834,53.218449,50.22355,314795160
314810218,4.523397,53.252091,50.230871,314810218
314818363,1.686376,53.199018,50.116093,314818363
314821144,2.328394,53.221495,50.206212,314821144
314821230,7.123895,53.136409,50.169292,314821230
314821232,2.409361,53.198581,50.103131,314821232
314821235,1.353707,53.188854,50.201622,314821235
314821471,4.631577,53.24576,50.206015,314821471
314821839,3.542948,53.244612,50.24519,314821839
314822750,1.116719,53.212399,50.221699,314822750
314823249,1.049208,53.192787,50.207416,314823249
314823257,3.457887,53.234567,50.184428,314823257
314825079,3.774408,53.241897,50.219301,314825079
314825344,-1.0,53.30569,50.286639,314825344
314831846,0.177279,53.211077,50.133269,314831846
314834091,1.267047,53.194745,50.147112,314834091
314834425,0.032632,53.207275,50.235722,314834425
314837405,1.537667,53.196007,50.13847,314837405
314837688,7.145473,53.155275,50.077169,314837688
314839034,-1.0,53.307208,50.289235,314839034
314840899,0.344668,53.203338,50.17576,314840899
314841645,6.033474,53.266242,50.232892,314841645
314847469,1.40036,53.212906,50.193016,314847469
314854412,2.361167,53.222131,50.197382,314854412
314868660,0.626046,53.195128,50.180296,314868660
314870649,1.384702,53.223684,50.155727,314870649
314874304,1.694722,53.228056,50.247589,314874304
314880102,4.495128,53.248589,50.312726,314880102
314883729,4.344148,53.185864,50.082559,314883729
314883733,1.334547,53.212291,50.193061,314883733
314883735,-1.0,53.307208,50.289235,314883735
314896805,-1.0,53.340043,50.225697,314896805
314896809,-1.0,53.34836,50.230018,314896809
314897600,0.769212,53.196256,50.208018,314897600
314901008,8.271314,53.148746,50.06312,314901008
314901011,2.01647,53.191524,50.131715,314901011
314901014,1.004902,53.221403,50.253194,314901014
314901017,1.666675,53.196881,50.120971,314901017
314901018,2.459193,53.186906,50.134949,314901018
314901020,1.000802,53.193364,50.166929,314901020
314901022,9.437651,53.143664,50.045387,314901022
314905756,4.472156,53.243626,50.190124,314905756
314906524,0.775749,53.205954,50.183242,314906524
314916336,8.356584,53.147779,50.063201,314916336
314916337,2.200974,53.194589,50.112707,314916337
314921978,5.587366,53.257063,50.208835,314921978
314925348,2.0887,53.219106,50.207533,314925348
314926285,3.042821,53.23509,50.221969,314926285
314926356,6.526568,53.251218,50.355953,314926356
314929200,3.426793,53.243616,50.247005,314929200
314929222,2.336714,53.221549,50.192756,314929222
314930449,1.512004,53.22625,50.24484,314930449
314930659,4.123065,53.181466,50.094013,314930659
314930994,1.40144,53.196477,50.142369,314930994
314931008,0.503583,53.213402,50.240959,314931008
314935565,1.691898,53.221635,50.168465,314935565
314946247,0.430687,53.212124,50.142549,314946247
314947532,1.053373,53.209433,50.20659,314947532
314948893,5.166778,53.255113,50.216462,314948893
314951243,5.737991,53.262719,50.226703,314951243
314959426,0.373762,53.211584,50.129694,314959426
314963328,4.006114,53.246956,50.229317,314963328
314968967,3.994284,53.247937,50.235956,314968967
314970664,8.766115,53.137641,50.080799,314970664
314972971,2.459193,53.186906,50.134949,314972971
314972972,1.014683,53.220384,50.26843,314972972
314978540,6.056962,53.262908,50.212887,314978540
314978542,0.559202,53.204563,50.227143,314978542
314978545,5.403047,53.25882,50.222481,314978545
314978547,-1.0,53.352305,50.203868,314978547
314979073,0.651992,53.210651,50.124591,314979073
314996320,0.706429,53.218389,50.243313,314996320
314998309,4.990473,53.250216,50.207156,314998309
315003701,0.681585,53.211056,50.159087,315003701
315003939,-1.0,53.312163,50.309653,315003939
315005687,4.473693,53.253034,50.247993,315005687
315006412,2.172545,53.219824,50.191237,315006412
315028490,4.479047,53.181672,50.085901,315028490
315031529,0.918544,53.194821,50.208773,315031529
315046682,0.650746,53.211903,50.158727,315046682
315051195,6.037328,53.26698,50.242819,315051195
315055848,3.74719,53.240248,50.179308,315055848
315055849,4.162308,53.246908,50.222732,315055849
315055851,3.013202,53.232864,50.218079,315055851
315058099,1.179169,53.19071,50.204074,315058099
315061293,1.4047,53.187661,50.175724,315061293
315062320,-1.0,53.340565,50.222445,315062320
315066817,0.910193,53.19365,50.193456,315066817
315074384,5.037222,53.257575,50.236998,315074384
315074846,-1.0,53.103032,50.031876,315074846
315076957,5.677204,53.255711,50.202368,315076957
315082972,4.006114,53.246956,50.229317,315082972
315084880,5.190961,53.257968,50.228805,315084880
315084882,1.6206,53.226816,50.278383,315084882
315085174,1.474934,53.214205,50.199053,315085174
315085181,0.652921,53.195047,50.172076,315085181
315086431,0.571644,53.198327,50.184428,315086431
315086438,3.601526,53.23869,50.179281,315086438
315086445,3.547377,53.237106,50.181536,315086445
315094962,5.618213,53.258108,50.211207,315094962
315097056,3.547377,53.237106,50.181536,315097056
315107414,2.669644,53.230104,50.17505,315107414
315109007,3.609468,53.245254,50.246771,315109007
315109328,0.69707,53.197513,50.185875,315109328
315109329,0.69707,53.197513,50.185875,315109329
315117679,0.718401,53.214825,50.260534,315117679
315118007,-1.0,53.128413,50.05172,315118007
315118850,2.294477,53.233376,50.251416,315118850
315124705,9.501282,53.297834,50.285093,315124705
315127889,3.991715,53.237914,50.205512,315127889
315128924,1.892284,53.192673,50.137159,315128924
315135973,5.750665,53.263366,50.230422,315135973
315136075,1.225057,53.196482,50.145495,315136075
315138128,0.758704,53.208165,50.217666,315138128
315147507,3.557208,53.241244,50.170172,315147507
315150238,9.294907,53.145241,50.045549,315150238
315150503,4.132716,53.249957,50.25014,315150503
315150509,3.109115,53.240183,50.276649,315150509
315152582,0.814425,53.20693,50.206617,315152582
315154525,1.295088,53.211886,50.211521,315154525
315157515,2.190011,53.196342,50.10994,315157515
315158127,4.214652,53.243238,50.184464,315158127
315158221,4.929126,53.254052,50.221412,315158221
315162322,9.976579,53.30208,50.286935,315162322
315163097,0.681585,53.211056,50.159087,315163097
315163100,5.482293,53.259019,50.219867,315163100
315163101,4.623279,53.245776,50.1891,315163101
315163102,4.14659,53.18853,50.082991,315163102
315163392,0.557089,53.199498,50.166749,315163392
315185942,1.965326,53.201876,50.107721,315185942
315188116,3.666514,53.245534,50.255162,315188116
315189375,3.800551,53.239498,50.212878,315189375
315189529,-1.0,53.310662,50.310345,315189529
315190782,1.135567,53.220384,50.236998,315190782
315192233,1.007791,53.21146,50.164953,315192233
315192239,1.768829,53.19372,50.135856,315192239
315192575,4.79179,53.244515,50.195864,315192575
315193656,1.146556,53.210457,50.192944,315193656
315193662,3.871797,53.247614,50.246879,315193662
315194418,2.011424,53.230471,50.285354,315194418
315194552,-1.0,53.517405,50.140312,315194552
315194580,3.759751,53.239978,50.214917,315194580
315195436,0.521683,53.213903,50.131158,315195436
315198691,-1.0,53.304173,50.282973,315198691
315203368,-1.0,53.327358,50.316355,315203368
315236315,1.286643,53.217306,50.227098,315236315
315236652,-1.0,53.314826,50.30783,315236652
315238639,0.339405,53.213828,50.266714,315238639
315238640,0.677518,53.201564,50.23115,315238640
315241703,-1.0,53.314562,50.311145,315241703
315247459,0.735132,53.217678,50.272337,315247459
315252603,0.95394,53.219516,50.27355,315252603
315258420,0.482635,53.209848,50.241193,315258420
315260459,-1.0,53.324605,50.317352,315260459
315260600,3.360061,53.188972,50.097444,315260600
315262557,-1.0,53.327493,50.315448,315262557
315264676,1.92838,53.18881,50.143492,315264676
315265255,1.902801,53.19187,50.138614,315265255
315267202,0.786808,53.198635,50.150993,315267202
315276989,3.698872,53.234389,50.189791,315276989
315280185,0.549532,53.200096,50.153625,315280185
315284420,1.591048,53.215424,50.214666,315284420
315286340,1.170832,53.221802,50.270262,315286340
315287625,2.500092,53.223188,50.204946,315287625
315289500,7.123895,53.136409,50.169292,315289500
315309635,3.080883,53.232627,50.216184,315309635
315313757,-1.0,53.319102,50.313408,315313757
315314812,6.932136,53.267066,50.197256,315314812
315314908,1.032421,53.22102,50.151972,315314908
315315956,2.746604,53.234066,50.227467,315315956
315326191,1.032421,53.22102,50.151972,315326191
315326903,-1.0,53.323733,50.313121,315326903
315327413,4.054775,53.24763,50.230422,315327413
315328323,0.942674,53.195339,50.210857,315328323
315328379,0.370714,53.198225,50.220621,315328379
315331896,0.651992,53.210651,50.124591,315331896
315333942,0.295451,53.198964,50.219472,315333942
315339058,0.606069,53.206979,50.219642,315339058
315339278,2.184479,53.19946,50.106176,315339278
315339924,2.816033,53.236912,50.235462,315339924
315339973,4.351687,53.251935,50.249323,315339973
315340181,6.041542,53.15022,50.138075,315340181
315340210,2.66185,53.227258,50.21463,315340210
315340452,0.59433,53.21324,50.239567,315340452
315340458,9.304378,53.143113,50.04978,315340458
315340476,2.127845,53.19215,50.121106,315340476
315340538,0.706429,53.218389,50.243313,315340538
315340548,3.23988,53.24194,50.247265,315340548
315342817,2.369594,53.222039,50.194624,315342817
315342825,-1.0,53.103432,50.034464,315342825
315343734,1.325138,53.197987,50.138695,315343734
315348066,4.803071,53.254898,50.264549,315348066
315348545,-1.0,53.390863,50.168636,315348545
315356060,1.463378,53.213601,50.193573,315356060
315363012,1.032421,53.22102,50.151972,315363012
315365163,3.94012,53.240792,50.183126,315365163
315366140,1.036171,53.218222,50.235785,315366140
315367252,4.966882,53.257155,50.239666,315367252
315382181,6.95691,53.138008,50.167297,315382181
315390053,4.3043,53.239558,50.195594,315390053
315392625,2.006438,53.229301,50.270891,315392625
315395102,1.514834,53.218449,50.22355,315395102
315399157,4.736608,53.183317,50.078418,315399157
315401789,1.803644,53.19242,50.139782,315401789
315410725,-1.0,53.327358,50.316355,315410725
315411770,4.79179,53.244515,50.195864,315411770
315413256,4.677681,53.242953,50.196762,315413256
315413862,1.409847,53.19303,50.147085,315413862
315413878,3.729804,53.240991,50.218142,315413878
315414876,5.643472,53.257537,50.20853,315414876
315414879,1.857902,53.190208,50.142261,315414879
315418814,1.470829,53.225808,50.24422,315418814
315427937,5.095469,53.254101,50.215375,315427937
315433369,2.604033,53.197545,50.100768,315433369
315433373,1.554243,53.216502,50.170963,315433373
315435072,1.228927,53.218848,50.163309,315435072
315436380,2.237751,53.196444,50.108835,315436380
315438175,2.822749,53.237661,50.277602,315438175
315439879,1.216862,53.211423,50.212599,315439879
315440076,-1.0,53.319646,50.310013,315440076
315443009,4.416607,53.243174,50.189737,315443009
315443287,1.053373,53.209433,50.20659,315443287
315444367,-1.0,53.318295,50.31154,315444367
315445193,-1.0,53.304953,50.285381,315445193
315450835,-1.0,53.304958,50.286315,315450835
315450839,0.160456,53.20055,50.197274,315450839
315462886,3.556637,53.238922,50.177466,315462886
315482339,4.006114,53.246956,50.229317,315482339
315486597,6.574882,53.156797,50.090015,315486597
315486701,-1.0,53.351278,50.213695,315486701
315486710,0.828632,53.210004,50.163686,315486710
315490134,-1.0,53.342339,50.227493,315490134
315490179,0.758772,53.210349,50.160039,315490179
315499101,2.66185,53.227258,50.21463,315499101
315499103,3.23988,53.24194,50.247265,315499103
315499105,2.816033,53.236912,50.235462,315499105
315499106,4.351687,53.251935,50.249323,315499106
315499109,9.304378,53.143113,50.04978,315499109
315499112,0.706429,53.218389,50.243313,315499112
315499357,2.127845,53.19215,50.121106,315499357
315499359,6.041542,53.15022,50.138075,315499359
315499361,0.960486,53.219921,50.269481,315499361
315501065,0.758772,53.210349,50.160039,315501065
315515130,2.756305,53.225129,50.1906,315515130
315515329,0.467547,53.201887,50.15367,315515329
315515448,1.456481,53.224945,50.151074,315515448
315517896,7.213592,53.135593,50.169498,315517896
315518769,2.425169,53.234594,50.246412,315518769
315519248,1.056464,53.200096,50.133593,315519248
315519253,3.532423,53.2353,50.211072,315519253
315520695,-1.0,53.310495,50.310085,315520695
315523796,0.549532,53.200096,50.153625,315523796
315529304,1.284717,53.223134,50.275203,315529304
315529915,4.034764,53.248492,50.237501,315529915
315533199,1.251262,53.20953,50.187465,315533199
315534406,0.711605,53.196925,50.164665,315534406
315535234,5.662635,53.26287,50.233018,315535234
315535237,2.728881,53.235219,50.231752,315535237
315535240,4.323266,53.243217,50.18733,315535240
315536413,4.547131,53.241751,50.195801,315536413
315537096,7.787964,53.150064,50.07292,315537096
315537097,2.166814,53.231328,50.258593,315537097
315537303,-1.0,53.316386,50.311351,315537303
315543324,1.669486,53.22659,50.274125,315543324
315545542,1.390092,53.188616,50.183979,315545542
315545773,-1.0,53.314395,50.310785,315545773
315545775,0.683019,53.217095,50.266211,315545775
315547006,0.671435,53.2173,50.270424,315547006
315548875,0.29522,53.210366,50.279901,315548875
315553421,4.226339,53.24347,50.184204,315553421
315563171,0.493828,53.205161,50.133557,315563171
315586954,0.293088,53.207114,50.240151,315586954
315590464,4.318419,53.250879,50.26118,315590464
315590619,0.696054,53.195328,50.219454,315590619
315591657,2.645784,53.224277,50.208593,315591657
315591689,9.887192,53.123944,50.092432,315591689
315591852,1.431773,53.188265,50.203095,315591852
315591931,0.871046,53.212275,50.226164,315591931
315591942,0.718401,53.214825,50.260534,315591942
315591945,-1.0,53.317871,50.306042,315591945
315593202,0.713672,53.19816,50.15314,315593202
315593203,1.803644,53.19242,50.139782,315593203
315593246,0.71139,53.206806,50.203868,315593246
315593304,3.953373,53.247387,50.23468,315593304
315595136,2.228195,53.225274,50.173837,315595136
315599548,1.999148,53.187909,50.143788,315599548
315603570,2.299478,53.195339,50.109257,315603570
315603571,0.746191,53.206979,50.176487,315603571
315604787,1.577398,53.186782,50.199502,315604787
315606749,-1.0,53.314498,50.307057,315606749
315606807,-1.0,53.486121,49.851405,315606807
315607439,4.479047,53.181672,50.085901,315607439
315607883,2.942037,53.23911,50.253311,315607883
315609022,1.573556,53.186863,50.201487,315609022
315333264,0.868267,56.291983,43.921176,315333264
315333268,1.938235,56.296394,43.994766,315333268
315336013,1.772453,56.346691,43.929648,315336013
315336034,4.874885,56.292253,44.062481,315336034
315340515,0.432493,56.313808,43.941146,315340515
315342317,4.724915,56.293507,44.060963,315342317
315342604,1.52243,56.281236,43.951423,315342604
315342648,5.049399,56.291499,44.064952,315342648
315342662,5.295545,56.303531,44.077465,315342662
315347967,3.241883,56.285029,43.985837,315347967
315347987,0.379689,56.315061,43.988227,315347987
315347990,4.303281,56.302997,43.851584,315347990
315347998,4.283607,56.299396,44.058098,315347998
315348011,0.901411,56.309459,43.981624,315348011
315347839,0.94595,56.292713,43.920979,315347839
315350672,1.826456,56.240478,43.828695,315350672
315364700,4.857982,56.283824,44.050947,315364700
315367188,2.233741,56.294516,44.003902,315367188
315368656,7.898236,56.379646,43.798179,315368656
315368658,2.800372,56.21722,43.865059,315368658
315382097,2.23042,56.318546,44.028938,315382097
315385736,4.381316,56.230102,43.952537,315385736
315385973,5.405743,56.307167,44.080448,315385973
315388324,1.321999,56.250182,43.842457,315388324
315388845,2.126444,56.225528,43.875174,315388845
315391510,0.563145,56.315855,43.985613,315391510
315391653,6.915126,56.367801,43.801889,315391653
315404555,7.996855,56.380089,43.79676,315404555
315409674,3.96151,56.23433,43.950255,315409674
315414387,5.200829,56.36108,43.827276,315414387
315414800,0.824228,56.28982,43.917565,315414800
315414802,1.924867,56.313643,43.889933,315414802
315417724,0.048001,56.326053,43.912687,315417724
315418111,4.973198,56.293747,44.065715,315418111
315428725,1.586027,56.258518,43.860307,315428725
315429563,4.362961,56.228756,43.949689,315429563
315430462,0.832391,56.248956,43.863208,315430462
315434239,5.285188,56.292008,44.069776,315434239
315437206,1.361341,56.315296,43.900758,315437206
315437784,2.561428,56.22835,43.82485,315437784
315443872,3.453861,56.336403,43.839286,315443872
315443914,2.805584,56.292168,44.017179,315443914
315443916,0.686249,56.331897,43.913352,315443916
315496105,6.865816,56.366316,43.801099,315496105
315500465,5.569532,56.284469,44.066802,315500465
315506325,4.973198,56.293747,44.065715,315506325
315538192,1.323856,56.340136,43.93007,315538192
315541228,5.776454,56.295715,44.081391,315541228
315544709,8.181835,56.378434,43.790454,315544709
315545868,0.809607,56.336264,43.936627,315545868
315546934,2.825349,56.320787,44.037814,315546934
315546962,1.898969,56.348188,43.929567,315546962
315548187,0.782718,56.307132,43.997955,315548187
315548749,1.20923,56.235536,43.873602,315548749
315548846,1.004597,56.309464,43.979684,315548846
315554015,0.34779,56.321291,43.932037,315554015
315591233,2.102144,56.319864,44.026091,315591233
315592421,1.352181,56.342126,43.909777,315592421
315597775,0.256185,56.326552,43.915993,315597775
315607852,2.299741,56.345294,43.864619,315607852
315609115,2.94311,56.334238,43.84729,315609115
315609988,2.540377,56.31231,44.034885,315609988
314653997,4.777902,55.802538,49.203818,314653997
314678009,2.564688,55.814457,49.139158,314678009
314678011,7.123719,55.681661,49.191565,314678011
314695703,2.602704,55.785063,49.18817,314695703
314704426,0.30524,55.742468,49.214697,314704426
314714092,-1.0,55.873849,49.24382,314714092
314717522,3.217292,55.729995,49.17156,314717522
314717523,1.20868,55.866435,49.082761,314717523
314717531,2.559571,55.813754,49.138942,314717531
314720970,1.16875,55.865995,49.081665,314720970
314730908,0.80437,55.851758,49.07376,314730908
314737268,3.905568,55.828521,49.156989,314737268
314737271,1.469105,55.790297,49.146838,314737271
314740839,5.543096,55.803322,49.235062,314740839
314747096,1.261254,55.765848,49.138825,314747096
314751660,2.435009,55.813455,49.136867,314751660
314780779,5.716985,55.803368,49.240254,314780779
314786737,1.410039,55.788343,49.152489,314786737
314786742,0.575337,55.761801,49.199668,314786742
314787746,0.560563,55.768025,49.173824,314787746
314787751,2.97022,55.842423,49.034818,314787751
314790383,2.716345,55.793024,49.175189,314790383
314790389,5.339024,55.804926,49.221569,314790389
314790400,1.613108,55.779484,49.169907,314790400
314794255,0.556146,55.765048,49.188969,314794255
314794265,2.519641,55.816495,49.13861,314794265
314794267,0.424887,55.778887,49.136714,314794267
314796399,3.938788,55.784071,49.237254,314796399
314798517,5.145527,55.793035,49.248635,314798517
314801204,0.712615,55.821937,49.104563,314801204
314801610,-1.0,55.856593,48.904509,314801610
314808156,3.772244,55.714937,49.187388,314808156
314810969,2.495351,55.790408,49.174416,314810969
314820232,0.961805,55.834598,49.092796,314820232
314822272,-1.0,55.867228,48.877874,314822272
314823583,0.531292,55.821209,49.10027,314823583
314823585,1.663996,55.822625,49.122673,314823585
314823881,0.419596,55.826888,49.076284,314823881
314825896,3.219344,55.823889,49.148096,314825896
314826085,2.559571,55.813754,49.138942,314826085
314827490,1.914649,55.760135,49.233175,314827490
314827958,0.732552,55.746355,49.198833,314827958
314830583,1.640711,55.824789,49.120122,314830583
314832769,3.890624,55.723481,49.168173,314832769
314832771,0.81566,55.820354,49.10954,314832771
314832955,0.228142,55.749091,49.211885,314832955
314835746,4.810251,55.807901,49.196129,314835746
314836729,1.249679,55.840351,49.101958,314836729
314842655,5.716985,55.803368,49.240254,314842655
314842659,2.810681,55.771251,49.232645,314842659
314842661,0.457508,55.767362,49.172638,314842661
314843527,0.903955,55.826154,49.068613,314843527
314844680,1.102483,55.816571,49.08083,314844680
314845102,3.823404,55.796967,49.192131,314845102
314845122,5.054125,55.811573,49.194745,314845122
314845129,4.646756,55.873163,49.017256,314845129
314849364,3.055929,55.842747,49.033462,314849364
314871449,2.53511,55.782947,49.191709,314871449
314871450,4.011494,55.720961,49.16953,314871450
314871456,7.096292,55.68091,49.200036,314871456
314871458,9.076828,55.85869,49.229447,314871458
314871465,0.732703,55.782517,49.135286,314871465
314871467,0.732703,55.782517,49.135286,314871467
314871469,0.732703,55.782517,49.135286,314871469
314871471,0.732703,55.782517,49.135286,314871471
314871475,0.73802,55.862212,49.083228,314871475
314876568,2.637554,55.783731,49.195527,314876568
314876589,1.436005,55.752227,49.167059,314876589
314880627,3.163584,55.78202,49.223213,314880627
314880649,-1.0,55.847609,48.902478,314880649
314881804,0.732703,55.782517,49.135286,314881804
314884092,0.629766,55.756989,49.199246,314884092
314884097,0.693117,55.754269,49.194422,314884097
314891873,2.47038,55.823115,49.044206,314891873
314891879,1.316632,55.835169,49.099497,314891879
314896784,0.517726,55.819924,49.104105,314896784
314900925,8.573633,55.799821,48.955425,314900925
314902436,1.438328,55.807683,49.081737,314902436
314902452,2.681027,55.81562,49.141152,314902452
314905459,-1.0,55.854522,48.899577,314905459
314905460,1.211555,55.838571,49.100584,314905460
314926129,-1.0,55.868364,48.88338,314926129
314926150,3.265365,55.836671,49.136328,314926150
314926151,0.744171,55.756011,49.181702,314926151
314926162,0.732703,55.782517,49.135286,314926162
314926163,3.86582,55.805224,49.178414,314926163
314926168,0.710361,55.817633,49.109585,314926168
314928831,1.290404,55.755966,49.226168,314928831
314931839,3.737817,55.797979,49.189059,314931839
314931852,0.491033,55.779692,49.148743,314931852
314932926,7.271819,55.679042,49.203172,314932926
314935191,2.441372,55.822842,49.044799,314935191
314935195,0.468112,55.824809,49.078045,314935195
314935226,2.218276,55.791273,49.167203,314935226
314935230,2.997834,55.842135,49.130076,314935230
314943605,1.30178,55.825841,49.111031,314943605
314943607,4.227084,55.744161,49.108714,314943607
314946363,1.378419,55.820602,49.119197,314946363
314948408,2.231799,55.866344,49.054482,314948408
314951771,0.530165,55.739412,49.215487,314951771
314957719,1.184741,55.749972,49.185645,314957719
314960854,3.999996,55.798009,49.194269,314960854
314967258,3.93958,55.838096,49.148284,314967258
314967943,0.240966,55.793166,49.105588,314967943
314969099,0.552626,55.770036,49.16776,314969099
314970414,2.674789,55.824319,49.138798,314970414
314972383,0.917273,55.863101,49.090774,314972383
314974590,0.556146,55.765048,49.188969,314974590
314994409,0.534366,55.82134,49.099021,314994409
314994411,5.472009,55.799446,49.243416,314994411
314994412,8.982531,55.860054,49.22783,314994412
314998476,1.239742,55.767028,49.20654,314998476
315002044,1.166084,55.862469,49.098706,315002044
315006993,1.322585,55.778942,49.107492,315006993
315020194,0.659388,55.836418,49.085798,315020194
315023193,7.64995,55.854163,49.206729,315023193
315023376,1.126592,55.766932,49.140415,315023376
315029133,0.581771,55.755799,49.196012,315029133
315029156,2.477578,55.776456,49.217886,315029156
315029159,1.195961,55.766304,49.144727,315029159
315034842,-1.0,55.865697,48.87128,315034842
315036996,2.559571,55.813754,49.138942,315036996
315037019,2.559571,55.813754,49.138942,315037019
315037040,1.165194,55.795393,49.131468,315037040
315039046,1.137903,55.860342,49.100728,315039046
315039919,0.325501,55.828941,49.087594,315039919
315042367,2.10929,55.768902,49.220796,315042367
315042371,1.18829,55.753666,49.226339,315042371
315042376,0.698271,55.760641,49.202058,315042376
315045222,0.593528,55.79387,49.097835,315045222
315045230,2.254955,55.775793,49.213852,315045230
315045234,5.739164,55.800838,49.004949,315045234
315045238,4.197462,55.864252,49.019349,315045238
315046919,2.370573,55.788368,49.174497,315046919
315049209,1.310853,55.822215,49.064526,315049209
315049211,3.428929,55.840411,49.136885,315049211
315049217,0.756657,55.821563,49.079572,315049217
315049219,1.918441,55.779378,49.183696,315049219
315049250,0.851784,55.860403,49.073976,315049250
315049540,0.522575,55.773915,49.136265,315049540
315050615,1.381033,55.748356,49.184325,315050615
315051264,0.947279,55.770628,49.132528,315051264
315052738,1.730796,55.869208,49.09806,315052738
315053605,0.408102,55.824572,49.084073,315053605
315053608,1.731996,55.798151,49.141251,315053608
315057112,5.031751,55.809014,49.199156,315057112
315057115,1.717967,55.780603,49.169188,315057115
315057124,0.837979,55.768815,49.154896,315057124
315057126,3.294898,55.772831,49.241898,315057126
315057131,3.805072,55.723475,49.17023,315057131
315057135,0.149911,55.856821,49.085717,315057135
315058697,3.994414,55.795135,49.20531,315058697
315058700,5.473616,55.795494,49.251654,315058700
315058702,7.088061,55.807774,49.266,315058702
315058711,0.609576,55.860292,49.089705,315058711
315058823,2.233437,55.765812,49.23039,315058823
315061711,0.789794,55.756118,49.214832,315061711
315076498,4.197033,55.807531,49.181765,315076498
315078286,2.365794,55.777099,49.213772,315078286
315079365,1.783176,55.780972,49.170599,315079365
315080626,6.741327,55.833445,49.201707,315080626
315080630,0.844349,55.743213,49.232412,315080630
315080633,1.819922,55.77392,49.206675,315080633
315080656,0.467587,55.764344,49.191952,315080656
315080662,1.973539,55.772345,49.10406,315080662
315082845,1.539636,55.82708,49.058103,315082845
315084600,3.658021,55.80395,49.175872,315084600
315084619,3.249443,55.722507,49.183516,315084619
315084620,7.229558,55.679646,49.200575,315084620
315094820,1.122633,55.807749,49.089687,315094820
315098383,3.131502,55.737203,49.160475,315098383
315100890,0.473798,55.767919,49.172216,315100890
315101989,0.99387,55.770725,49.178854,315101989
315101995,7.153678,55.680235,49.201707,315101995
315102012,0.803779,55.801359,49.113627,315102012
315102018,0.837408,55.769605,49.145221,315102018
315102024,2.327644,55.784182,49.181765,315102024
315102038,2.354746,55.757207,49.129249,315102038
315105693,1.068093,55.822645,49.068631,315105693
315105723,3.249443,55.722507,49.183516,315105723
315105766,0.575632,55.81168,49.095347,315105766
315105771,2.575192,55.817355,49.139472,315105771
315108964,0.872878,55.771839,49.173698,315108964
315108971,2.59248,55.760626,49.247432,315108971
315131436,2.312296,55.788991,49.172638,315131436
315132056,1.38534,55.778441,49.10689,315132056
315132059,1.131171,55.763027,49.148895,315132059
315138646,2.095041,55.78569,49.172171,315138646
315142030,3.249443,55.722507,49.183516,315142030
315142037,2.801478,55.732124,49.177129,315142037
315142038,4.537789,55.80059,49.202156,315142038
315142045,0.78019,55.838834,49.093344,315142045
315142530,1.974964,55.765974,49.222117,315142530
315145785,0.976294,55.820126,49.076284,315145785
315145786,-1.0,55.846431,48.896064,315145786
315153107,4.979598,55.787604,49.253648,315153107
315154890,2.069559,55.820526,49.130669,315154890
315156667,1.238611,55.754512,49.226591,315156667
315156668,4.638531,55.801081,49.20504,315156668
315156672,0.643768,55.850899,49.078692,315156672
315156675,4.536722,55.868748,49.016008,315156675
315156944,1.037292,55.777798,49.1159,315156944
315160135,2.294506,55.816303,49.135016,315160135
315160146,0.609576,55.860292,49.089705,315160146
315160422,0.836216,55.817365,49.111678,315160422
315165634,2.305164,55.780881,49.191736,315165634
315184839,3.057959,55.794988,49.179375,315184839
315184842,3.007104,55.77075,49.239167,315184842
315184843,1.121508,55.83615,49.096811,315184843
315184848,0.922147,55.743613,49.199156,315184848
315187822,2.281459,55.831903,49.12253,315187822
315188776,3.027218,55.818746,49.146551,315188776
315192813,2.976047,55.833284,49.135448,315192813
315192815,2.277737,55.818761,49.13454,315192815
315196588,1.67459,55.824359,49.056737,315196588
315199515,-1.0,55.864914,48.884566,315199515
315199518,2.85637,55.819778,49.143622,315199518
315199519,0.934941,55.835437,49.072889,315199519
315199525,0.649083,55.838329,49.090289,315199525
315199535,3.646022,55.797989,49.049092,315199535
315199540,0.705759,55.771727,49.136274,315199540
315199562,2.632197,55.823171,49.041538,315199562
315199564,0.759369,55.799492,49.116385,315199564
315199566,2.525075,55.789821,49.175746,315199566
315199573,5.186656,55.794295,49.247252,315199573
315199575,2.649714,55.770183,49.23084,315199575
315199577,3.039739,55.777616,49.228235,315199577
315199578,0.579274,55.748924,49.217634,315199578
315199583,3.524786,55.736067,49.144233,315199583
315201936,3.499235,55.830685,49.148284,315201936
315201940,3.646792,55.823859,49.15513,315201940
315201943,3.005958,55.732134,49.172647,315201943
315201955,2.564688,55.814457,49.139158,315201955
315201958,2.564688,55.814457,49.139158,315201958
315201960,3.633441,55.722644,49.174875,315201960
315211238,1.143284,55.785194,49.153504,315211238
315211247,1.97136,55.760155,49.234262,315211247
315211264,3.523874,55.724226,49.174839,315211264
315211269,2.573258,55.732727,49.181289,315211269
315211289,5.527516,55.802776,49.236221,315211289
315205240,2.069856,55.837813,49.114418,315205240
315205242,1.219793,55.782046,49.15981,315205242
315205269,0.934604,55.770512,49.152075,315205269
315207733,2.220001,55.789416,49.17023,315207733
315207746,3.183863,55.737213,49.155471,315207746
315211229,1.086316,55.787756,49.141844,315211229
315211233,0.934425,55.86402,49.084333,315211233
315211249,0.445467,55.756189,49.190496,315211249
315211286,2.728434,55.733933,49.175728,315211286
315211290,1.214572,55.851919,49.066367,315211290
315211294,5.640099,55.80103,49.244126,315211294
315213385,5.705646,55.806064,49.231468,315213385
315239222,2.768277,55.767494,49.094709,315239222
315202823,-1.0,55.864429,48.87738,315202823
315218433,1.150369,55.834851,49.096559,315218433
315243864,1.116212,55.755099,49.16608,315243864
315245481,0.944313,55.783858,49.151375,315245481
315245482,1.010025,55.767398,49.150952,315245482
315252211,4.804442,55.804653,49.201339,315252211
315252706,2.537017,55.826311,49.042247,315252706
315254147,3.922491,55.839673,49.145643,315254147
315285140,1.122633,55.807749,49.089687,315285140
315305862,1.539636,55.82708,49.058103,315305862
315312446,2.81892,55.818736,49.143218,315312446
315314468,-1.0,55.813855,48.909809,315314468
315328341,9.038029,55.871849,49.226043,315328341
315334945,0.473798,55.767919,49.172216,315334945
315335650,0.274071,55.744667,49.214957,315335650
315340021,0.660352,55.860736,49.089966,315340021
315342744,7.101612,55.680752,49.201213,315342744
315346915,0.447225,55.763427,49.172988,315346915
315347397,0.991751,55.786359,49.10477,315347397
315349764,4.232662,55.862671,49.018181,315349764
315353882,0.470443,55.747956,49.218461,315353882
315354032,3.299979,55.784526,49.220958,315354032
315354197,0.560563,55.768025,49.173824,315354197
315357425,1.552134,55.869556,49.08569,315357425
315358055,4.232662,55.862671,49.018181,315358055
315361889,0.367278,55.766927,49.171425,315361889
315363183,0.372266,55.756898,49.192086,315363183
315382426,1.661808,55.819757,49.060663,315382426
315382451,-1.0,55.822094,48.896621,315382451
315392513,0.796152,55.823702,49.098662,315392513
315401580,1.436005,55.752227,49.167059,315401580
315402609,2.483796,55.815104,49.137954,315402609
315410777,1.731996,55.798151,49.141251,315410777
315410786,3.151973,55.820334,49.148249,315410786
315435789,1.436005,55.752227,49.167059,315435789
315448637,3.249443,55.722507,49.183516,315448637
315455270,1.721553,55.820374,49.058848,315455270
315455495,2.37616,55.770056,49.224524,315455495
315463346,1.148482,55.825047,49.108812,315463346
315463348,1.675752,55.83889,49.108399,315463348
315481626,1.761903,55.839289,49.109935,315481626
315483447,1.728205,55.823818,49.122781,315483447
315501782,5.626844,55.806186,49.228091,315501782
315507073,2.954682,55.822706,49.144269,315507073
315507207,3.734707,55.842701,49.141826,315507207
315508777,2.979739,55.821143,49.145248,315508777
315508789,3.151973,55.820334,49.148249,315508789
315521290,4.637877,55.798874,49.218344,315521290
315523226,1.042724,55.741267,49.202408,315523226
315544421,1.28386,55.752237,49.232825,315544421
315545341,3.762978,55.795201,49.193874,315545341
315552377,0.669467,55.829916,49.092805,315552377
315573790,9.310096,55.874617,49.22942,315573790
315577428,2.537017,55.826311,49.042247,315577428
315577473,1.22691,55.776781,49.113214,315577473
315580395,0.202797,55.828809,49.085609,315580395
315581075,0.771598,55.857958,49.096209,315581075
315581754,8.811668,55.858594,49.225216,315581754
315581980,2.435009,55.813455,49.136867,315581980
315582029,3.578901,55.797367,49.186678,315582029
315582490,4.167267,55.839724,49.150638,315582490
315585888,5.705646,55.806064,49.231468,315585888
315587000,1.164403,55.860908,49.100656,315587000
315587138,2.127093,55.786769,49.171686,315587138
315588092,2.913856,55.79099,49.181801,315588092
315588094,0.894192,55.822397,49.072628,315588094
315588179,3.774159,55.722264,49.172521,315588179
315588190,1.218964,55.836969,49.099515,315588190
315590209,1.185017,55.736387,49.205363,315590209
315591286,0.365517,55.785655,49.130785,315591286
314722212,6.667364,53.272273,50.276524,314722212
314724917,4.709196,53.254995,50.242388,314724917
314728258,0.570421,53.204007,50.182362,314728258
314731112,0.870258,53.218783,50.155224,314731112
314741846,5.105292,53.253912,50.214396,314741846
314749466,9.917494,53.301558,50.278787,314749466
314763344,3.74719,53.240248,50.179308,314763344
314763558,-1.0,53.305895,50.314909,314763558
314767869,7.123895,53.136409,50.169292,314767869
314771303,5.601663,53.254321,50.20093,314771303
314776284,2.546682,53.234966,50.258144,314776284
314781853,8.294202,53.285858,50.223586,314781853
314781881,3.733978,53.239795,50.180098,314781881
314785120,1.178804,53.221894,50.257587,314785120
314795747,2.521941,53.235009,50.286558,314795747
314822894,-1.0,53.114838,50.082416,314822894
314823244,2.025208,53.218443,50.207964,314823244
314823251,1.44436,53.193806,50.144929,314823251
314824113,1.672475,53.226304,50.272787,314824113
314824115,1.077607,53.20954,50.181194,314824115
314825078,5.104794,53.253907,50.214396,314825078
314830788,3.991715,53.237914,50.205512,314830788
314831854,5.643472,53.257537,50.20853,314831854
314837076,5.550207,53.25563,50.205754,314837076
314843488,1.636247,53.218497,50.170891,314843488
314868626,1.852038,53.229447,50.246744,314868626
314868661,1.869109,53.192792,50.13485,314868661
314875778,2.338437,53.232287,50.270882,314875778
314877073,-1.0,53.31652,50.307453,314877073
314879293,0.339405,53.213828,50.266714,314879293
314880919,0.44309,53.200469,50.22682,314880919
314882462,2.312825,53.233613,50.249233,314882462
314891945,2.256625,53.231813,50.272427,314891945
314897115,5.866274,53.26343,50.223783,314897115
314897117,1.058456,53.195463,50.150436,314897117
314897902,2.830448,53.228934,50.214369,314897902
314897903,3.413346,53.241444,50.230009,314897903
314903196,7.226056,53.277082,50.264109,314903196
314903556,4.440282,53.251946,50.235282,314903556
314926595,-1.0,53.321372,50.314028,314926595
314929450,-1.0,53.325869,50.316274,314929450
314935561,1.185558,53.208872,50.186988,314935561
314936078,-1.0,53.308402,50.315591,314936078
314940447,1.292892,53.195026,50.146133,314940447
314944064,0.693404,53.217381,50.267343,314944064
314948886,5.104794,53.253907,50.214396,314948886
314948887,6.033474,53.266242,50.232892,314948887
314948888,2.402637,53.190472,50.117459,314948888
314948899,1.70871,53.227015,50.153643,314948899
314948902,1.293352,53.207755,50.115069,314948902
314948907,4.825736,53.25479,50.23017,314948907
314948908,1.591048,53.215424,50.214666,314948908
314972525,7.705787,53.150496,50.074097,314972525
314978513,0.48492,53.201202,50.153751,314978513
314992372,7.024797,53.275569,50.27956,314992372
314992373,9.680367,53.125047,50.095639,314992373
314992374,9.158287,53.145257,50.048756,314992374
314995076,8.219511,53.144009,50.077619,314995076
314996625,2.602963,53.235974,50.254138,314996625
314999991,-1.0,53.364982,50.185551,314999991
315001317,1.150569,53.190618,50.199367,315001317
315001318,-1.0,53.107184,50.084661,315001318
315001319,4.529311,53.253449,50.24404,315001319
315003703,1.032421,53.22102,50.151972,315003703
315019582,5.626078,53.254338,50.200328,315019582
315020657,1.116534,53.22177,50.152143,315020657
315035536,2.551287,53.22343,50.192046,315035536
315048601,1.217586,53.219365,50.162339,315048601
315049645,-1.0,53.324019,50.312321,315049645
315051345,0.814425,53.20693,50.206617,315051345
315054984,1.213207,53.21461,50.222795,315054984
315059838,0.407877,53.206332,50.131365,315059838
315061284,6.667364,53.272273,50.276524,315061284
315061289,1.845941,53.21688,50.191848,315061289
315061296,3.684715,53.24527,50.259527,315061296
315061955,2.884566,53.238291,50.278751,315061955
315082970,1.380411,53.223883,50.274475,315082970
315082973,2.150887,53.228967,50.2307,315082973
315084444,1.188495,53.189976,50.181221,315084444
315085457,0.369835,53.20467,50.231796,315085457
315085775,0.828939,53.194125,50.183512,315085775
315089290,4.389336,53.251967,50.240214,315089290
315090875,2.242868,53.221101,50.198631,315090875
315091957,1.186166,53.199282,50.138749,315091957
315093751,0.491737,53.203031,50.182263,315093751
315096107,4.890957,53.182173,50.076981,315096107
315097055,2.942037,53.23911,50.253311,315097055
315105476,1.255814,53.191611,50.210111,315105476
315108775,6.1223,53.266134,50.225724,315108775
315109327,2.918806,53.191621,50.102358,315109327
315109330,2.918806,53.191621,50.102358,315109330
315109331,7.123895,53.136409,50.169292,315109331
315109333,1.114788,53.197038,50.146861,315109333
315117993,7.384041,53.148789,50.089943,315117993
315131536,4.247136,53.250653,50.256985,315131536
315133071,7.393073,53.278288,50.267379,315133071
315134123,-1.0,53.30456,50.284447,315134123
315135321,0.407988,53.204541,50.223981,315135321
315135325,0.706429,53.218389,50.243313,315135325
315141350,1.007002,53.208866,50.181239,315141350
315144886,0.828632,53.210004,50.163686,315144886
315145655,3.270681,53.231484,50.185524,315145655
315146310,3.971135,53.236987,50.203589,315146310
315147783,4.774189,53.182956,50.078176,315147783
315149644,4.646959,53.248082,50.211126,315149644
315151534,1.159503,53.217246,50.163902,315151534
315154534,4.3043,53.239558,50.195594,315154534
315160677,0.806039,53.218255,50.26622,315160677
315181407,1.905683,53.228406,50.268654,315181407
315181614,3.31954,53.23516,50.215474,315181614
315183564,2.316047,53.221684,50.196493,315183564
315184350,2.010434,53.22915,50.265007,315184350
315184809,0.575619,53.199303,50.168052,315184809
315185534,1.008774,53.195295,50.152053,315185534
315190349,1.076208,53.200042,50.131553,315190349
315192358,0.841785,53.196822,50.210614,315192358
315193672,1.871933,53.217182,50.206958,315193672
315193687,1.360074,53.223182,50.264836,315193687
315194547,-1.0,53.517314,50.1368,315194547
315194898,1.480838,53.187888,50.184608,315194898
315197886,5.897652,53.259875,50.207758,315197886
315199983,0.357301,53.199557,50.181724,315199983
315201082,3.22736,53.233058,50.213803,315201082
315201084,2.743979,53.178261,50.156652,315201084
315201086,5.305723,53.257403,50.220217,315201086
315207037,5.033109,53.254914,50.22081,315207037
315207228,1.396647,53.201202,50.118627,315207228
315210314,3.602544,53.244887,50.240869,315210314
315212139,0.681585,53.211056,50.159087,315212139
315212140,2.190011,53.196342,50.10994,315212140
315213003,1.109489,53.191055,50.201523,315213003
315216102,1.271629,53.211045,50.190645,315216102
315230691,0.562047,53.214426,50.131805,315230691
315232267,-1.0,53.315574,50.30951,315232267
315234370,2.896609,53.228083,50.210381,315234370
315236225,5.364401,53.260139,50.232991,315236225
315236312,4.714339,53.244079,50.19493,315236312
315238463,1.005171,53.220152,50.15517,315238463
315242616,4.134846,53.245275,50.21825,315242616
315242628,1.01793,53.20042,50.145792,315242628
315245889,0.354373,53.21571,50.246152,315245889
315246652,2.579407,53.223711,50.192244,315246652
315247290,1.190633,53.211164,50.20491,315247290
315248481,4.523397,53.252091,50.230871,315248481
315249501,1.375466,53.188605,50.200346,315249501
315249503,0.48492,53.201202,50.153751,315249503
315250912,1.014683,53.220384,50.26843,315250912
315251098,2.070246,53.229678,50.264836,315251098
315266431,8.38379,53.143296,50.074609,315266431
315277898,0.962045,53.194589,50.164953,315277898
315279106,1.863634,53.228492,50.274448,315279106
315282585,1.673866,53.189706,50.148199,315282585
315284490,3.290285,53.237995,50.222562,315284490
315284588,6.95691,53.138008,50.167297,315284588
315287289,0.786808,53.198635,50.150993,315287289
315287648,4.513327,53.246105,50.209788,315287648
315288981,0.35606,53.210511,50.252098,315288981
315306532,1.468676,53.213989,50.172175,315306532
315308033,1.733023,53.227657,50.27682,315308033
315308811,2.334709,53.190413,50.119992,315308811
315310299,8.474409,53.146996,50.061988,315310299
315332888,3.311696,53.242419,50.253805,315332888
315341611,1.369372,53.216168,50.168223,315341611
315342063,2.931915,53.237984,50.235354,315342063
315347478,1.231403,53.212728,50.168663,315347478
315352068,-1.0,53.119935,50.082559,315352068
315354042,5.036751,53.257936,50.242136,315354042
315354082,3.91146,53.244591,50.223334,315354082
315362031,0.464982,53.196941,50.201505,315362031
315365980,3.814211,53.181418,50.101666,315365980
315380281,3.814211,53.181418,50.101666,315380281
315385872,0.653575,53.196952,50.206733,315385872
315430628,5.095469,53.254101,50.215375,315430628
315435573,1.757642,53.185746,50.192495,315435573
315455656,-1.0,53.312787,50.311154,315455656
315456161,3.642777,53.242872,50.226757,315456161
315456662,0.343282,53.201963,50.155556,315456662
315457563,1.975005,53.229107,50.272275,315457563
315460774,1.801459,53.191157,50.141785,315460774
315460778,4.982794,53.25403,50.219202,315460778
315465566,4.930591,53.250054,50.186566,315465566
315468774,3.951057,53.24825,50.252619,315468774
315475411,4.129209,53.241579,50.209339,315475411
315477116,1.844319,53.226304,50.297796,315477116
315478817,5.061174,53.252748,50.212105,315478817
315478819,5.869831,53.256234,50.198478,315478819
315478820,5.061174,53.252748,50.212105,315478820
315478822,1.691898,53.221635,50.168465,315478822
315482335,7.123895,53.136409,50.169292,315482335
315483872,9.739867,53.141287,50.043096,315483872
315485278,1.135567,53.220384,50.236998,315485278
315508627,2.190011,53.196342,50.10994,315508627
315533966,4.479047,53.181672,50.085901,315533966
315535139,8.207244,53.144825,50.075454,315535139
315535188,4.538332,53.252942,50.236135,315535188
315535379,7.123895,53.136409,50.169292,315535379
315535897,6.667364,53.272273,50.276524,315535897
315539389,1.599384,53.18662,50.197894,315539389
315540253,5.643472,53.257537,50.20853,315540253
315544557,2.127845,53.19215,50.121106,315544557
315547928,1.114788,53.197038,50.146861,315547928
315548022,2.013026,53.229215,50.293996,315548022
315548095,4.794588,53.246832,50.204335,315548095
315548455,3.839521,53.245728,50.265789,315548455
315548671,6.241979,53.266656,50.222122,315548671
315549344,0.843866,53.193073,50.180467,315549344
315549824,1.886214,53.228929,50.239576,315549824
315552344,5.817219,53.263102,50.224538,315552344
315552495,0.368929,53.202044,50.204793,315552495
315552591,1.12925,53.210242,50.173352,315552591
315552762,-1.0,53.387829,50.166705,315552762
315553913,0.974447,53.20193,50.127098,315553913
315556077,1.075419,53.222239,50.244723,315556077
315556104,2.363078,53.232519,50.268762,315556104
315556476,2.482625,53.192226,50.110847,315556476
315558772,-1.0,53.327358,50.316355,315558772
315560409,4.226191,53.250626,50.242199,315560409
315562590,-1.0,53.115898,50.072031,315562590
315562591,-1.0,53.120735,50.081095,315562591
315562700,-1.0,53.120443,50.082865,315562700
315564216,0.271049,53.20364,50.222535,315564216
315564312,0.542314,53.200571,50.212492,315564312
315565688,4.800968,53.25493,50.232704,315565688
315565969,0.629226,53.20748,50.245424,315565969
315568012,3.711885,53.190208,50.088973,315568012
315569057,0.792488,53.20981,50.162662,315569057
315574314,4.479047,53.181672,50.085901,315574314
315577463,2.060538,53.187386,50.143438,315577463
315577504,0.832453,53.195851,50.208683,315577504
315579504,4.247643,53.251003,50.248047,315579504
315579594,1.22853,53.190801,50.206787,315579594
315580181,2.545514,53.18778,50.122669,315580181
315580287,5.238998,53.25883,50.231716,315580287
315580981,3.497784,53.237019,50.180503,315580981
315581114,1.461253,53.19803,50.123792,315581114
315558187,1.436005,55.752227,49.167059,315558187
315558609,2.611035,55.823843,49.138008,315558609
315559145,1.490364,55.786804,49.158705,315559145
315559472,0.910049,55.754922,49.179869,315559472
315559586,0.401325,55.74334,49.225351,315559586
315559604,0.664484,55.767367,49.15672,315559604
315560623,1.66795,55.83802,49.107896,315560623
315561309,1.751876,55.780729,49.170069,315561309
315562441,3.803536,55.828217,49.155453,315562441
315564003,0.894192,55.822397,49.072628,315564003
315566202,5.560363,55.802229,49.238781,315566202
313916825,0.820184,56.300635,43.951144,313916825
313925468,0.604696,56.316714,43.985684,313925468
313963557,5.559966,56.364406,43.824554,313963557
313997012,1.429466,56.303157,43.980995,313997012
313827226,1.220062,56.3155,43.90524,313827226
313829069,1.0969,56.249777,43.847012,313829069
313829757,1.0969,56.249777,43.847012,313829757
313842000,1.715386,56.328509,43.985711,313842000
313842017,3.129066,56.314247,44.044479,313842017
313858148,0.446128,56.274644,43.91496,313858148
313860776,2.144706,56.311696,44.028372,313860776
313864253,0.763427,56.263027,43.894757,313864253
313871109,4.874885,56.292253,44.062481,313871109
313871787,1.287939,56.267582,43.892053,313871787
313872172,1.240817,56.263092,43.88219,313872172
313872766,1.610152,56.256203,43.852581,313872766
313873764,0.411396,56.279832,43.918733,313873764
313876685,1.554472,56.340774,43.91602,313876685
313902904,5.909606,56.346841,43.802464,313902904
313911055,0.637225,56.27414,43.930806,313911055
313916820,6.403478,56.362551,43.805716,313916820
313919499,2.057741,56.29561,43.988002,313919499
313928273,1.451505,56.257638,43.861798,313928273
313941185,5.851074,56.263107,44.018841,313941185
313943395,3.789684,56.275714,43.986655,313943395
313955875,1.465259,56.253242,43.845547,313955875
313958497,3.207236,56.354931,43.860675,313958497
313958504,1.472472,56.341578,43.928677,313958504
313958513,5.489419,56.275304,44.049321,313958513
313973861,1.39659,56.337217,43.873413,313973861
313975505,3.714743,56.270391,43.98166,313975505
313976193,0.641914,56.30481,43.938128,313976193
314006427,0.664464,56.261178,43.893311,314006427
314008521,4.607178,56.303556,43.843005,314008521
314008525,1.094371,56.257188,43.919371,314008525
314009983,3.635256,56.2351,43.944461,314009983
314014054,4.037616,56.238517,43.957145,314014054
314015933,1.16872,56.303856,43.999995,314015933
314019607,0.781849,56.291888,43.931274,314019607
314063143,0.768109,56.332072,43.938577,314063143
314064170,4.388096,56.30448,43.846392,314064170
314067073,5.620915,56.200383,43.806893,314067073
314069268,4.874885,56.292253,44.062481,314069268
314086529,1.931218,56.318316,43.878992,314086529
314087588,1.295961,56.343623,43.93502,314087588
314088947,5.785428,56.367981,43.825227,314088947
314089235,1.899188,56.267807,43.875353,314089235
314091903,6.109293,56.299066,44.089,314091903
314092688,0.455462,56.303072,43.936915,314092688
314111519,0.327792,56.276409,43.926683,314111519
314118823,5.40024,56.201019,43.811636,314118823
314131713,3.49313,56.314227,44.050363,314131713
314146053,1.910919,56.325339,44.016775,314146053
314154916,4.838957,56.314846,44.072093,314154916
314159470,5.06296,56.203483,43.814816,314159470
314161320,2.224431,56.294341,44.002097,314161320
314167384,5.73212,56.264057,44.017799,314167384
314169774,3.786395,56.277618,43.987481,314169774
314176401,1.673384,56.227124,43.860971,314176401
314188714,1.313095,56.234155,43.842304,314188714
314191728,1.908937,56.306583,44.021905,314191728
314193645,2.912848,56.302557,44.036421,314193645
314193650,5.608973,56.285973,44.069452,314193650
314193661,1.335768,56.316055,44.015122,314193661
314193674,0.434628,56.307741,43.942035,314193674
314199270,1.742792,56.267462,43.879998,314199270
314199492,2.951295,56.218001,43.838055,314199492
314210361,1.382619,56.238257,43.836789,314210361
314210460,2.738095,56.353186,43.868895,314210460
314213169,0.574759,56.308595,43.945799,314213169
314221198,2.600235,56.231103,43.820987,314221198
314240153,0.645695,56.31243,44.004064,314240153
314244781,2.825349,56.320787,44.037814,314244781
314247114,4.595295,56.286198,43.846392,314247114
314248343,3.949116,56.238202,43.955115,314248343
314250094,1.490963,56.342411,43.912436,314250094
314250360,5.188084,56.361708,43.828389,314250360
314250647,0.222653,56.274499,43.920575,314250647
314253004,2.25497,56.264177,43.855797,314253004
314254610,1.735589,56.301444,43.976818,314254610
314254615,4.231741,56.28287,44.033655,314254615
314254618,0.84768,56.3189,43.983762,314254618
314303751,0.953023,56.33543,43.879935,314303751
314305266,5.608673,56.265722,44.02097,314305266
314306209,2.356352,56.348203,43.867861,314306209
314306599,2.841199,56.220173,43.834471,314306599
314306602,4.752593,56.284739,44.050157,314306602
314317537,3.027463,56.298407,44.034247,314317537
314318074,1.61476,56.30894,44.018509,314318074
314323063,1.921142,56.317877,44.024087,314323063
314324414,3.332176,56.351649,43.85233,314324414
314324417,3.773357,56.317467,44.05454,314324417
314325595,3.13914,56.303506,43.880986,314325595
314331016,0.651651,56.313768,43.983394,314331016
314363240,4.757881,56.294926,44.062886,314363240
314389249,1.704554,56.233479,43.835253,314389249
314389625,5.285188,56.292008,44.069776,314389625
314393671,5.80122,56.27342,44.053139,314393671
314394612,0.565087,56.310083,43.987697,314394612
314398851,6.01073,56.358856,43.809255,314398851
314407437,1.832802,56.226064,43.864969,314407437
314413393,0.435734,56.277588,43.92812,314413393
314789345,1.896362,56.230662,43.880734,314789345
314724789,4.27678,56.357983,43.841909,314724789
314727961,1.124485,56.232464,43.852375,314727961
314727962,6.650098,56.361494,43.800066,314727962
314733549,0.545815,56.312675,44.00251,314733549
314739400,0.938963,56.313234,43.978785,314739400
314784755,1.781186,56.229892,43.876656,314784755
314824252,1.487803,56.259218,43.86478,314824252
314827228,5.372187,56.365234,43.829773,314827228
314831966,2.077926,56.271725,43.880222,314831966
314832959,0.88961,56.310797,43.922865,314832959
314833428,4.36664,56.341588,43.825847,314833428
314840590,2.001529,56.224087,43.858267,314840590
314858067,0.746516,56.287432,43.939179,314858067
314883042,0.915822,56.290629,43.916865,314883042
314883106,0.870741,56.274929,43.907603,314883106
314890284,1.224907,56.336399,43.917224,314890284
314898491,4.409703,56.241649,43.968868,314898491
314902983,4.118796,56.232429,43.950641,314902983
314924888,0.438362,56.283954,43.934615,314924888
314929448,1.422516,56.321127,43.887633,314929448
314952291,2.793811,56.324241,44.034975,314952291
314997374,1.39176,56.337551,43.919631,314997374
315004533,1.547707,56.241544,43.83307,315004533
315004786,2.584606,56.219152,43.864717,315004786
315035023,2.648724,56.226459,43.825775,315035023
315035547,2.850605,56.353769,43.867251,315035547
315046648,4.989527,56.203412,43.817313,315046648
315053577,4.164344,56.35345,43.838154,315053577
315079084,1.045125,56.334248,43.932792,315079084
315082198,3.547449,56.269731,43.977995,315082198
315083985,0.645695,56.31243,44.004064,315083985
315084043,4.60338,56.284259,44.045952,315084043
315088721,1.492857,56.260528,43.869928,315088721
315089241,0.845096,56.326852,43.93846,315089241
315094106,3.027979,56.346028,43.851611,315094106
315100995,1.271327,56.257298,43.86584,315100995
315102782,0.984653,56.282395,43.942979,315102782
315108525,1.736812,56.238157,43.830896,315108525
315114525,2.239886,56.266992,43.864385,315114525
315117513,3.801144,56.290469,44.038757,315117513
315134784,1.138766,56.263097,43.886304,315134784
315135058,0.97739,56.265522,43.896131,315135058
315142624,0.832708,56.310448,43.923782,315142624
315147024,1.697876,56.301059,43.978839,315147024
315159296,0.509875,56.32483,43.942655,315159296
315160665,1.713231,56.343892,43.914861,315160665
315168623,2.540377,56.31231,44.034885,315168623
315171873,2.936618,56.320053,44.040024,315171873
315177580,1.225828,56.233824,43.844901,315177580
315201110,2.393101,56.224953,43.83466,315201110
315212692,1.119114,56.313503,43.975848,315212692
315219084,1.528522,56.24558,43.834184,315219084
315246598,2.12707,56.261588,43.85339,315246598
315247666,4.367784,56.235335,43.959813,315247666
315247700,2.23042,56.318546,44.028938,315247700
315247701,5.851074,56.263107,44.018841,315247701
315247706,3.430102,56.329437,43.839816,315247706
315248109,3.965262,56.294106,44.0473,315248109
315254360,1.197417,56.303426,43.988793,315254360
315258520,1.392545,56.343234,43.90842,315258520
315306967,4.414467,56.285338,44.043572,315306967
315332976,1.287723,56.342685,43.906902,315332976
315336010,1.772453,56.346691,43.929648,315336010
315336014,1.788314,56.347012,43.929884,315336014
315336015,1.772453,56.346691,43.929648,315336015
315362534,5.922413,56.283864,44.073001,315362534
315388864,5.785428,56.367981,43.825227,315388864
315390098,0.542438,56.334313,43.886277,315390098
315400152,2.833521,56.311361,43.871509,315400152
315411329,1.653569,56.302957,43.975659,315411329
315417007,5.974788,56.366191,43.818544,315417007
315448816,1.38071,56.280436,43.948494,315448816
315472421,0.798515,56.309124,44.003714,315472421
315473151,2.329747,56.230577,43.826611,315473151
315478424,2.285688,56.348691,43.870467,315478424
315478425,2.87101,56.331009,43.848602,315478425
315483123,4.938381,56.312445,44.073683,315483123
315485581,4.795938,56.292313,43.849401,315485581
315485584,5.700045,56.270506,44.04306,315485584
315485585,0.61102,56.309908,44.000893,315485585
315485587,1.920066,56.296614,43.991272,315485587
315485590,0.83868,56.326737,43.9344,315485590
315486694,2.397548,56.230237,43.825704,315486694
315487039,2.436831,56.231848,43.82326,315487039
315487484,5.569532,56.284469,44.066802,315487484
315495344,1.275517,56.288911,43.947812,315495344
315495946,1.800741,56.297873,43.999024,315495946
315498855,2.52437,56.32216,44.03184,315498855
315500887,3.129066,56.314247,44.044479,315500887
315504690,3.540263,56.267412,43.97618,315504690
315509242,1.132815,56.255898,43.919488,315509242
315512815,1.785073,56.348387,43.933025,315512815
315512976,1.069197,56.29037,43.945611,315512976
315515499,1.247284,56.337741,43.929926,315515499
315516215,5.019714,56.222996,43.954019,315516215
315516379,3.604793,56.309903,44.051747,315516379
315517064,1.263934,56.280646,43.946608,315517064
315517337,1.770275,56.300745,43.909777,315517337
315519006,3.856215,56.233719,43.947021,315519006
315519861,0.929108,56.343064,43.944281,315519861
315521870,5.485817,56.289255,44.070764,315521870
315529491,5.948907,56.36283,43.814708,315529491
315529497,2.294951,56.293567,44.001037,315529497
315532098,0.48307,56.330016,43.913729,315532098
315536612,4.628811,56.286802,43.846976,315536612
315536945,3.562479,56.332985,43.837247,315536945
314823259,1.409847,53.19303,50.147085,314823259
314825080,8.356584,53.147779,50.063201,314825080
314825082,2.369594,53.222039,50.194624,314825082
314832401,1.185558,53.208872,50.186988,314832401
314834510,7.073663,53.276,50.279111,314834510
314839598,1.192747,53.209238,50.186297,314839598
314840070,-1.0,53.312787,50.311154,314840070
314840121,0.245135,53.202313,50.156922,314840121
314850982,0.474577,53.209988,50.253724,314850982
314866496,0.407877,53.206332,50.131365,314866496
314866694,4.529311,53.253449,50.24404,314866694
314880079,3.452816,53.234966,50.212204,314880079
314893784,1.688838,53.185864,50.202224,314893784
314894612,7.787964,53.150064,50.07292,314894612
314900780,2.596612,53.236168,50.248676,314900780
314918483,0.305294,53.200458,50.162851,314918483
314922855,0.557484,53.203414,50.241624,314922855
314930990,0.786209,53.205528,50.190609,314930990
314945439,-1.0,53.312475,50.310408,314945439
314948885,6.922228,53.274659,50.28035,314948885
314948889,3.677275,53.235403,50.207686,314948889
314948891,0.282667,53.207141,50.133018,314948891
314951144,2.474144,53.189771,50.117387,314951144
314951442,1.579085,53.217408,50.170783,314951442
314967246,6.667364,53.272273,50.276524,314967246
314969265,1.384702,53.223684,50.155727,314969265
314969266,0.718002,53.209821,50.15915,314969266
314977688,1.207911,53.222104,50.271089,314977688
314986288,1.59297,53.219888,50.225454,314986288
314994120,0.828632,53.210004,50.163686,314994120
314994489,0.948137,53.208316,50.206724,314994489
315000844,4.559546,53.244941,50.189396,315000844
315003587,2.164633,53.224099,50.17425,315003587
315005975,4.644793,53.253869,50.235722,315005975
315019580,-1.0,53.322276,50.303239,315019580
315025485,0.763185,53.194189,50.181778,315025485
315030223,1.934908,53.227037,50.298407,315030223
315030227,0.601323,53.214297,50.140905,315030227
315030230,8.318716,53.144106,50.074169,315030230
315031188,5.458914,53.2612,50.234797,315031188
315031610,2.942037,53.23911,50.253311,315031610
315033245,0.747319,53.20659,50.172714,315033245
315034343,0.706429,53.218389,50.243313,315034343
315035263,-1.0,53.310398,50.308036,315035263
315039413,0.746191,53.206979,50.176487,315039413
315041093,0.456698,53.213677,50.134635,315041093
315044107,4.307805,53.249252,50.226568,315044107
315044111,1.801648,53.216249,50.208422,315044111
315048898,0.924776,53.19413,50.20747,315048898
315058213,0.987128,53.193531,50.207659,315058213
315058621,1.017831,53.208651,50.119031,315058621
315076844,5.214316,53.257737,50.226128,315076844
315076942,5.061174,53.252748,50.212105,315076942
315079674,4.646959,53.248082,50.211126,315079674
315087413,5.633364,53.261211,50.223595,315087413
315096875,4.035742,53.24187,50.212231,315096875
315096878,-1.0,53.122912,50.087707,315096878
315103029,2.320641,53.191907,50.115761,315103029
315114694,4.614464,53.242689,50.195298,315114694
315125372,5.817902,53.256627,50.200849,315125372
315125373,2.638371,53.224627,50.201748,315125373
315125380,5.425881,53.260231,50.22938,315125380
315129493,2.746228,53.188535,50.112734,315129493
315131430,1.175946,53.199066,50.135901,315131430
315135090,1.945404,53.217683,50.209213,315135090
315139626,5.033109,53.254914,50.22081,315139626
315139627,3.602544,53.244887,50.240869,315139627
315139859,3.321656,53.234023,50.213408,315139859
315145599,-1.0,53.321372,50.314028,315145599
315151241,-1.0,53.304953,50.285381,315151241
315154518,0.924167,53.21908,50.155988,315154518
315154552,0.71139,53.206806,50.203868,315154552
315158223,4.950716,53.257214,50.243295,315158223
315162319,-1.0,53.391803,50.167773,315162319
315167672,-1.0,53.319361,50.309393,315167672
315178287,0.930379,53.208834,50.204236,315178287
315215836,1.602915,53.190828,50.147184,315215836
315247735,-1.0,53.304098,50.28654,315247735
315254544,0.88301,53.20803,50.179299,315254544
315256105,1.0855,53.207955,50.188264,315256105
315258301,5.740327,53.25527,50.199565,315258301
315266159,0.258778,53.203354,50.164261,315266159
315286349,1.651051,53.226309,50.291507,315286349
315290785,2.01647,53.191524,50.131715,315290785
315309077,2.486838,53.22529,50.214423,315309077
315318992,2.209755,53.231592,50.273649,315318992
315327324,0.610804,53.207594,50.226685,315327324
315330529,-1.0,53.487182,49.847282,315330529
315333496,-1.0,53.486667,49.856813,315333496
315333891,7.263135,53.135129,50.169974,315333891
315335599,0.659818,53.215623,50.257156,315335599
315354485,2.659656,53.226972,50.213947,315354485
315383791,-1.0,53.314395,50.310785,315383791
315388860,2.576128,53.235807,50.243672,315388860
315389402,-1.0,53.357642,50.210605,315389402
315391127,3.659708,53.244569,50.262815,315391127
315391967,0.476278,53.200749,50.206697,315391967
315391968,5.001908,53.249306,50.190555,315391968
315392038,0.407877,53.206332,50.131365,315392038
315394826,4.332175,53.251181,50.259617,315394826
315396767,3.446441,53.189442,50.09501,315396767
315396864,1.008774,53.195295,50.152053,315396864
315400205,6.667364,53.272273,50.276524,315400205
315400241,2.008112,53.23081,50.245783,315400241
315400243,-1.0,53.314869,50.311899,315400243
315401060,9.294907,53.145241,50.045549,315401060
315401062,6.618378,53.269543,50.218573,315401062
315401071,3.791204,53.23468,50.191561,315401071
315401075,-1.0,53.332897,50.315645,315401075
315402198,-1.0,53.304087,50.285417,315402198
315405307,1.910446,53.228347,50.266301,315405307
315405309,1.860168,53.229549,50.247993,315405309
315405497,0.681585,53.211056,50.159087,315405497
315405501,0.558604,53.201391,50.184662,315405501
315405506,0.687207,53.206439,50.177098,315405506
315405511,1.600746,53.187537,50.21507,315405511
315405514,4.644793,53.253869,50.235722,315405514
315405521,1.035001,53.221328,50.254757,315405521
315405526,0.517281,53.196315,50.199143,315405526
315405529,9.683803,53.299475,50.285022,315405529
315405531,0.683019,53.217095,50.266211,315405531
315407844,0.66591,53.198171,50.1542,315407844
315409063,0.71139,53.206806,50.203868,315409063
315410052,4.896675,53.25013,50.209527,315410052
315410402,4.69867,53.183199,50.079298,315410402
315411773,0.53003,53.203451,50.230449,315411773
315417125,0.746191,53.206979,50.176487,315417125
315420727,0.456698,53.213677,50.134635,315420727
315428708,3.79865,53.246703,50.241346,315428708
315429173,3.02188,53.230314,50.212626,315429173
315430440,0.434073,53.199428,50.225886,315430440
315439514,3.863674,53.237499,50.207722,315439514
315440012,-1.0,53.486732,49.85586,315440012
315451643,1.747193,53.228536,50.248433,315451643
315452837,2.892092,53.231382,50.218106,315452837
315453137,1.54115,53.20631,50.111773,315453137
315461768,0.518108,53.201655,50.212689,315461768
315462581,0.680447,53.206936,50.125005,315462581
315462830,0.802471,53.211892,50.226972,315462830
315463629,5.931229,53.262121,50.21463,315463629
315464417,3.35143,53.184952,50.105332,315464417
315465568,-1.0,53.322238,50.308468,315465568
315466031,3.566702,53.244866,50.250284,315466031
315472782,2.369594,53.222039,50.194624,315472782
315474488,1.941608,53.230207,50.245729,315474488
315475703,4.04288,53.241519,50.211288,315475703
315476532,0.596741,53.198435,50.165662,315476532
315477891,6.667364,53.272273,50.276524,315477891
315479282,7.886641,53.148125,50.075454,315479282
315481318,4.774189,53.182956,50.078176,315481318
315481341,1.146556,53.210457,50.192944,315481341
315482981,0.901738,53.219376,50.268654,315482981
315483222,1.661829,53.226622,50.15332,315483222
315483651,2.163779,53.187694,50.140132,315483651
315484119,0.711605,53.196925,50.164665,315484119
315484198,1.057068,53.200366,50.130359,315484198
315484300,1.089057,53.209832,50.180009,315484300
315484374,3.998695,53.248551,50.254991,315484374
315484388,-1.0,53.327294,50.316849,315484388
315484449,0.94231,53.216535,50.235749,315484449
315484588,0.828632,53.210004,50.163686,315484588
315484732,-1.0,53.507509,49.834795,315484732
315484740,3.956214,53.241498,50.181841,315484740
315485919,3.359237,53.237596,50.219669,315485919
315486042,3.74719,53.240248,50.179308,315486042
315486706,4.513327,53.246105,50.209788,315486706
315486715,1.358219,53.188897,50.196448,315486715
315486717,7.705787,53.150496,50.074097,315486717
315487477,3.837803,53.247301,50.250401,315487477
315487527,1.78041,53.220546,50.221636,315487527
315488431,0.924776,53.19413,50.20747,315488431
315489312,6.667364,53.272273,50.276524,315489312
315490142,7.762191,53.1482,50.079056,315490142
315499233,0.629039,53.207324,50.246358,315499233
315501069,1.164092,53.202049,50.284007,315501069
315501074,4.020775,53.244796,50.173945,315501074
315501950,6.922228,53.274659,50.28035,315501950
315502460,1.117903,53.216254,50.164081,315502460
315502465,0.888087,53.215553,50.235938,315502465
315502668,2.942037,53.23911,50.253311,315502668
315506058,-1.0,53.341221,50.219723,315506058
315506227,0.491737,53.203031,50.182263,315506227
315506351,-1.0,53.31142,50.307623,315506351
315508617,9.344321,53.296375,50.287959,315508617
315509385,2.363078,53.232519,50.268762,315509385
315509390,3.712855,53.23779,50.211539,315509390
315510890,3.48893,53.194168,50.088722,315510890
315512726,3.899003,53.240409,50.21242,315512726
314823593,0.754098,55.756731,49.208723,314823593
314838280,4.647696,55.81255,49.18154,314838280
314845123,2.881847,55.841923,49.128225,314845123
314850614,0.551941,55.780203,49.149255,314850614
314868826,5.337755,55.879733,49.010905,314868826
314886894,4.336496,55.802052,49.195473,314886894
314884099,2.582905,55.825644,49.136328,314884099
314879800,1.810143,55.786202,49.166332,314879800
314889880,7.591233,55.852586,49.205696,314889880
314890092,0.948398,55.837596,49.095194,314890092
314920897,0.800761,55.755895,49.180723,314920897
314926133,7.052678,55.68124,49.200746,314926133
314929839,1.250041,55.810688,49.081414,314929839
314939783,-1.0,55.852758,48.900206,314939783
314943745,2.758575,55.731647,49.179007,314943745
314943979,0.408102,55.824572,49.084073,314943979
314947964,0.84451,55.81777,49.111714,314947964
314973379,-1.0,55.819767,48.8893,314973379
315047713,1.845854,55.774897,49.20451,315047713
315049281,3.164204,55.793202,49.183984,315049281
315057144,-1.0,55.853243,48.902425,315057144
315062820,0.920551,55.827737,49.097269,315062820
315100267,-1.0,55.845051,48.906997,315100267
315112690,4.537789,55.80059,49.202156,315112690
315134270,0.468112,55.824809,49.078045,315134270
315144005,3.169633,55.722872,49.184684,315144005
315145557,1.034854,55.767838,49.145581,315145557
315165351,1.485189,55.824799,49.117041,315165351
315165897,2.900726,55.823328,49.143101,315165897
315171788,-1.0,55.813855,48.909809,315171788
315187789,0.365517,55.785655,49.130785,315187789
315215332,2.336678,55.831898,49.12385,315215332
315250649,2.728434,55.733933,49.175728,315250649
315258523,1.844698,55.82091,49.056117,315258523
315277578,3.952669,55.789198,49.227255,315277578
315283979,0.660352,55.860736,49.089966,315283979
315333358,2.542297,55.798358,49.06687,315333358
315345660,2.067396,55.836676,49.113843,315345660
315357476,0.666806,55.755348,49.213224,315357476
315382445,0.564856,55.75517,49.189562,315382445
315388499,5.054125,55.811573,49.194745,315388499
315391829,1.436005,55.752227,49.167059,315391829
315401900,3.162323,55.832055,49.140694,315401900
315408269,0.723422,55.819348,49.087999,315408269
315410774,0.422674,55.818705,49.103971,315410774
315439824,1.436005,55.752227,49.167059,315439824
315440947,5.186656,55.794295,49.247252,315440947
315440953,2.918106,55.842802,49.128782,315440953
315440959,2.940479,55.789887,49.183462,315440959
315440963,1.738601,55.74714,49.246021,315440963
315440967,1.292696,55.864252,49.098428,315440967
315441907,1.042598,55.860686,49.098617,315441907
315448812,9.076215,55.86013,49.229321,315448812
315448818,-1.0,55.819145,48.900736,315448818
315452275,2.93713,55.820035,49.144862,315452275
315454835,3.386083,55.841973,49.136274,315454835
315455075,3.323048,55.840447,49.135196,315455075
315455314,2.413597,55.83753,49.119925,315455314
315455438,1.721553,55.820374,49.058848,315455438
315455473,0.967629,55.785954,49.14037,315455473
315455487,1.838087,55.824147,49.054141,315455487
315455647,8.5191,55.868531,49.218712,315455647
315455674,4.351043,55.719252,49.165029,315455674
315455938,0.399112,55.746816,49.211652,315455938
315455960,5.12243,55.792291,49.249426,315455960
315456838,1.279594,55.739909,49.198707,315456838
315457017,1.133178,55.800858,49.122,315457017
315457427,0.934941,55.835437,49.072889,315457427
315458531,1.489646,55.778213,49.171425,315458531
315460887,2.279857,55.814902,49.134666,315460887
315461067,8.888791,55.860984,49.226231,315461067
315461155,1.555934,55.786516,49.160699,315461155
315461157,2.126484,55.770628,49.103899,315461157
315462933,1.086482,55.778067,49.113933,315462933
315463150,0.445467,55.756189,49.190496,315463150
315470283,2.765075,55.785448,49.191844,315470283
315472804,9.193338,55.859883,49.231217,315472804
315476289,1.915768,55.827833,49.121497,315476289
315478939,2.213165,55.771337,49.100377,315478939
315481231,1.017622,55.750525,49.192419,315481231
315484260,0.581237,55.859403,49.091017,315484260
315484469,3.345203,55.798262,49.180211,315484469
315485306,-1.0,55.820278,48.895768,315485306
315486215,1.079085,55.86205,49.097512,315486215
315486239,2.733709,55.830275,49.134585,315486239
315487908,1.726899,55.820642,49.124991,315487908
315489757,1.214572,55.851919,49.066367,315489757
315490634,2.954682,55.822706,49.144269,315490634
315493710,2.653524,55.824789,49.138142,315493710
315493724,-1.0,55.852758,48.900206,315493724
315499661,1.007424,55.737826,49.206864,315499661
315499670,4.136231,55.788981,49.2326,315499670
315499716,0.837455,55.772801,49.131477,315499716
315501845,2.113274,55.761134,49.235799,315501845
315501851,2.033009,55.78441,49.172171,315501851
315501862,3.057108,55.820071,49.146784,315501862
315504158,1.262534,55.74944,49.236382,315504158
315505032,-1.0,55.848028,48.904077,315505032
315505848,6.92399,55.719049,49.092481,315505848
315506187,0.910049,55.754922,49.179869,315506187
313806679,4.139808,56.306638,43.848134,313806679
313806684,5.489419,56.275304,44.049321,313806684
313806685,0.595973,56.244455,43.866613,313806685
313813040,0.722902,56.311781,43.982819,313813040
313817173,6.409657,56.365802,43.809327,313817173
313822352,1.632542,56.341737,43.925911,313822352
313847450,1.789805,56.261378,43.86178,313847450
313858433,4.4541,56.357973,43.838199,313858433
313860723,1.386991,56.268032,43.890185,313860723
313860727,4.614442,56.229842,43.957208,313860727
313862802,6.695417,56.369003,43.807755,313862802
313869834,4.505571,56.229842,43.954845,313869834
313869895,2.186592,56.31887,44.028058,313869895
313888418,2.427753,56.233334,43.822137,313888418
313890809,5.795116,56.260593,44.010478,313890809
313896459,3.184194,56.298152,44.036987,313896459
313901971,-1.0,56.336438,43.618004,313901971
313902298,0.726043,56.263762,43.901602,313902298
313904157,0.217416,56.32492,43.915257,313904157
313905259,0.709503,56.258128,43.883672,313905259
313906415,5.563823,56.29569,44.077699,313906415
313911104,1.057754,56.30446,43.997093,313911104
313916812,1.125206,56.310113,44.010855,313916812
313958507,1.465259,56.253242,43.845547,313958507
313962393,2.335049,56.319325,44.030322,313962393
313962812,1.526074,56.319245,44.016551,313962812
313965275,3.030261,56.286767,43.9882,313965275
313987726,1.814662,56.31875,43.88148,313987726
313987836,0.848811,56.268821,43.926387,313987836
313990017,3.044372,56.348746,43.85427,313990017
313996857,2.409296,56.31873,44.031831,313996857
314002213,0.295887,56.282555,43.926665,314002213
314011189,2.028155,56.235115,43.827779,314011189
314014052,5.541045,56.200508,43.808869,314014052
314030239,5.276681,56.203723,43.808016,314030239
314032591,5.700045,56.270506,44.04306,314032591
314032593,5.621383,56.270641,44.041039,314032593
314058665,5.150236,56.305229,44.075696,314058665
314062168,6.80439,56.361998,43.797721,314062168
314106415,0.749785,56.330201,43.957594,314106415
314106699,0.645695,56.31243,44.004064,314106699
314106700,2.322661,56.293597,44.0033,314106700
314106703,0.497058,56.312255,43.986385,314106703
314106709,1.327007,56.325709,43.994443,314106709
314107644,3.198161,56.3005,43.884229,314107644
314109539,1.696962,56.230602,43.876054,314109539
314111127,2.87323,56.322829,44.037418,314111127
314111866,0.670531,56.319794,43.994865,314111866
314114018,2.609496,56.228596,43.823575,314114018
314114022,4.17988,56.236921,43.958061,314114022
314133789,1.050784,56.337352,43.933025,314133789
314135144,2.078313,56.317388,43.877159,314135144
314141636,1.334333,56.336039,43.923225,314141636
314144531,5.594323,56.360058,43.81831,314144531
314153195,0.641082,56.329133,43.920512,314153195
314169893,3.012095,56.334802,43.846221,314169893
314191577,4.456801,56.248666,43.977815,314191577
314191581,3.690636,56.23473,43.945063,314191581
314193655,2.132172,56.317348,44.02778,314193655
314193671,1.225828,56.233824,43.844901,314193671
314193684,1.908937,56.306583,44.021905,314193684
314193705,1.395924,56.317942,43.894479,314193705
314193747,2.096622,56.295415,43.986565,314193747
314193843,5.2052,56.30457,44.076369,314193843
314193879,2.000157,56.331398,44.000363,314193879
314194049,1.584484,56.259883,43.863738,314194049
314194154,5.24373,56.291698,43.841289,314194154
314195437,6.442891,56.366306,43.8093,314195437
314198427,1.854882,56.300065,43.976953,314198427
314198431,0.54822,56.310398,44.000336,314198431
314198433,1.263782,56.276469,43.941793,314198433
314198434,5.150236,56.305229,44.075696,314198434
314202035,1.527816,56.324316,43.876108,314202035
314203590,1.413635,56.276459,43.944533,314203590
314203594,2.878497,56.318301,44.039727,314203594
314203596,2.228919,56.34706,43.868733,314203596
314211586,0.694334,56.341363,43.951881,314211586
314211777,0.632884,56.240798,43.848063,314211777
314211788,4.624177,56.354667,43.830761,314211788
314211790,0.256185,56.326552,43.915993,314211790
314211795,1.209833,56.291204,43.911663,314211795
314213174,1.726199,56.299975,44.006561,314213174
314223004,5.531627,56.286767,44.068895,314223004
314224918,0.952783,56.294426,43.951162,314224918
314244134,2.841617,56.317557,44.039341,314244134
314247347,1.06394,56.266932,43.89623,314247347
314247357,4.139808,56.306638,43.848134,314247357
314250093,2.473851,56.317058,44.033466,314250093
314253397,0.947704,56.32781,43.937975,314253397
314254562,0.611125,56.248916,43.867349,314254562
314254627,0.752987,56.310013,44.00401,314254627
314254630,1.985347,56.31588,44.025785,314254630
314260348,0.8499,56.319325,44.00339,314260348
314268444,2.139254,56.262962,43.855986,314268444
314270939,2.825349,56.320787,44.037814,314270939
314294199,1.788233,56.302752,43.972946,314294199
314297775,4.153879,56.261743,43.983008,314297775
314298267,2.665643,56.327401,43.853057,314298267
314299694,2.020211,56.271501,43.88121,314299694
314299711,0.728381,56.325724,43.933861,314299711
314300899,4.144493,56.262232,43.983214,314300899
314302072,0.334331,56.32237,43.930914,314302072
314302075,2.75828,56.329008,43.85091,314302075
314304411,1.994059,56.261218,43.855851,314304411
314304862,4.262196,56.233574,43.955402,314304862
314306207,0.437159,56.328229,43.91761,314306207
314306213,3.548828,56.27341,43.981139,314306213
314318073,0.820184,56.300635,43.951144,314318073
314328120,3.295637,56.284379,43.988029,314328120
314363844,0.541899,56.294721,43.942224,314363844
314384723,3.095355,56.343493,43.848305,314384723
314391566,1.945675,56.296579,43.988541,314391566
314394402,3.086147,56.347679,43.852222,314394402
314409991,2.951295,56.218001,43.838055,314409991
314411500,0.474501,56.323523,43.940957,314411500
314411532,3.393691,56.346152,43.845116,314411532
314411969,1.667942,56.266857,43.880537,314411969
314413468,0.769296,56.27317,43.932325,314413468
314440477,3.587158,56.266917,43.976701,314440477
314449548,1.408264,56.251417,43.842727,314449548
314453610,2.397663,56.293672,44.007711,314453610
314473941,6.168711,56.36281,43.81045,314473941
314478303,2.805584,56.292168,44.017179,314478303
314481573,5.023962,56.240208,43.979333,314481573
314484428,1.697876,56.301059,43.978839,314484428
314484440,1.129096,56.335276,43.931336,314484440
314489092,0.982429,56.327271,43.958232,314489092
314489096,1.016994,56.305284,43.999887,314489096
314489779,3.247107,56.305549,44.044246,314489779
314494269,2.000823,56.259518,43.850353,314494269
314494274,1.827399,56.314247,44.023441,314494274
314494275,2.58683,56.230042,43.822317,314494275
314494277,2.786831,56.328564,43.850587,314494277
314497782,4.398026,56.306313,43.84287,314497782
314502373,2.212116,56.307776,44.027986,314502373
314502772,1.826456,56.240478,43.828695,314502772
314511927,3.727412,56.235616,43.947264,314511927
314700532,4.476245,56.298477,44.060784,314700532
314717634,4.645023,56.231518,43.960352,314717634
314718715,5.449678,56.286088,44.066488,314718715
314723299,1.344295,56.322035,43.886834,314723299
314723392,1.38454,56.345833,43.937813,314723392
314726750,1.775211,56.233349,43.83404,314726750
314726829,0.915822,56.290629,43.916865,314726829
314726830,0.870741,56.274929,43.907603,314726830
314728109,0.788901,56.253687,43.870143,314728109
314728421,2.766729,56.322929,44.035505,314728421
314728422,2.766729,56.322929,44.035505,314728422
314728424,2.766729,56.322929,44.035505,314728424
314728426,2.766729,56.322929,44.035505,314728426
314728428,2.766729,56.322929,44.035505,314728428
314728430,2.766729,56.322929,44.035505,314728430
314733532,1.660221,56.31598,43.891864,314733532
314733535,2.766729,56.322929,44.035505,314733535
314733536,2.766729,56.322929,44.035505,314733536
314733537,2.766729,56.322929,44.035505,314733537
314733723,1.513806,56.231188,43.872667,314733723
314733731,1.094371,56.257188,43.919371,314733731
314733951,1.188471,56.28992,43.910711,314733951
314740532,1.928616,56.238557,43.827554,314740532
314742314,1.902124,56.261448,43.858735,314742314
314745778,2.440292,56.229431,43.825856,314745778
314746344,5.395851,56.275539,44.047417,314746344
314750864,1.079917,56.237177,43.842969,314750864
314761552,1.240624,56.231103,43.854405,314761552
314766515,0.61102,56.309908,44.000893,314766515
314769147,6.968291,56.244755,43.745727,314769147
314769523,5.608973,56.285973,44.069452,314769523
314771851,4.139808,56.306638,43.848134,314771851
314779705,1.451505,56.257638,43.861798,314779705
314788949,1.945216,56.309449,44.024366,314788949
314789365,0.656725,56.246956,43.863927,314789365
314789371,4.434997,56.229321,43.952384,314789371
314789793,4.169194,56.229416,43.946365,314789793
314789794,3.295637,56.284379,43.988029,314789794
314793522,4.573991,56.237392,43.965966,314793522
314795887,5.200829,56.36108,43.827276,314795887
314825519,1.735589,56.301444,43.976818,314825519
314825530,0.70751,56.27265,43.911017,314825530
314831353,0.497465,56.306198,43.935756,314831353
314837082,0.439991,56.310108,43.996482,314837082
314840127,3.92201,56.255097,43.973297,314840127
314840129,1.052864,56.249792,43.848233,314840129
314842898,3.958622,56.269856,43.985568,314842898
314842899,4.367784,56.235335,43.959813,314842899
314844721,1.703502,56.274784,43.948728,314844721
314845088,3.924877,56.307951,43.850686,314845088
314847197,2.049349,56.263642,43.860423,314847197
314847199,2.233741,56.294516,44.003902,314847199
314874824,0.383246,56.328773,43.909058,314874824
314877998,1.554472,56.340774,43.91602,314877998
314878988,5.054169,56.203072,43.816298,314878988
314882431,0.749785,56.330201,43.957594,314882431
314882858,1.884903,56.321825,43.872371,314882858
314883093,1.157063,56.31895,43.977689,314883093
314886179,0.66387,56.262527,43.89641,314886179
314890249,0.620642,56.325973,43.923934,314890249
314890280,0.696913,56.272525,43.93016,314890280
314897456,1.328086,56.249577,43.841379,314897456
314902981,1.608808,56.244785,43.832531,314902981
314903813,0.724454,56.235556,43.857944,314903813
314905348,1.949861,56.267312,43.872344,314905348
314925900,1.772453,56.346691,43.929648,314925900
314928072,6.075755,56.285903,44.078274,314928072
314928073,2.342013,56.294196,44.007657,314928073
314934852,4.509963,56.283989,44.043249,314934852
314935980,4.874885,56.292253,44.062481,314935980
314936370,0.475354,56.238432,43.862049,314936370
314936411,2.769685,56.34939,43.860747,314936411
314940350,1.751427,56.299241,44.004657,314940350
314945835,3.050633,56.286882,43.984696,314945835
314946196,1.057832,56.282835,43.944434,314946196
314946206,0.465007,56.310942,43.999411,314946206
314947610,0.169915,56.327291,43.911807,314947610
314948034,1.357018,56.268556,43.891811,314948034
314949648,3.38851,56.320183,44.047462,314949648
314949701,3.201019,56.285059,43.992413,314949701
314967775,6.109293,56.299066,44.089,314967775
314968112,0.842525,56.306857,43.999357,314968112
314970665,4.109116,56.209636,43.826386,314970665
314971646,3.657868,56.334986,43.835783,314971646
314971648,1.955786,56.224577,43.861016,314971648
314992555,2.325751,56.224477,43.837777,314992555
315002998,0.922395,56.317462,44.007289,315002998
315022706,5.356808,56.29506,44.07363,315022706
315022710,1.011876,56.302388,43.923009,315022710
315025313,3.691205,56.311591,44.053435,315025313
315026725,0.301376,56.276653,43.916541,315026725
315030749,0.995508,56.237247,43.844487,315030749
315030752,0.448482,56.262812,43.910208,315030752
315030765,4.911997,56.223807,43.953049,315030765
315034524,4.23443,56.284549,44.037643,315034524
315034589,1.950756,56.327291,44.014026,315034589
315034767,3.657868,56.334986,43.835783,315034767
315036466,0.601353,56.311791,43.927761,315036466
315038266,1.916272,56.349021,43.930986,315038266
315039128,3.983584,56.239448,43.957118,315039128
315039133,3.614949,56.330565,43.8366,315039133
315039144,5.42271,56.267667,44.022012,315039144
315039176,5.741703,56.271496,44.046959,315039176
315041981,1.572849,56.301873,43.913316,315041981
315044734,0.932921,56.291369,43.917808,315044734
315046356,4.998597,56.233384,43.969668,315046356
315052112,6.910926,56.363558,43.79729,315052112
315052122,3.57838,56.31901,44.050983,315052122
315056688,3.513353,56.359031,43.862058,315056688
315088944,0.26513,56.278288,43.918679,315088944
315088953,1.722879,56.312739,43.897093,315088953
315093979,2.696861,56.218441,43.867628,315093979
315094248,4.047338,56.341583,43.831138,315094248
315094256,1.766812,56.299456,44.006148,315094256
315094259,1.115044,56.232203,43.854863,315094259
315094260,5.851074,56.263107,44.018841,315094260
315094271,2.851678,56.291743,44.01735,315094271
315094713,3.565495,56.281926,43.988308,315094713
315097957,4.476245,56.298477,44.060784,315097957
315097963,5.665332,56.294891,44.078894,315097963
315098247,1.091282,56.232504,43.861906,315098247
315101103,0.795988,56.291124,43.934858,315101103
315101447,4.499805,56.306318,43.840634,315101447
315101454,5.203117,56.304086,44.076154,315101454
315101462,1.513462,56.228901,43.851916,315101462
315102673,3.225005,56.344401,43.846706,315102673
315104287,4.5757,56.239648,43.969362,315104287
315105169,4.231741,56.28287,44.033655,315105169
315108302,3.612731,56.3,44.046752,315108302
315108828,3.924877,56.307951,43.850686,315108828
315108921,4.975555,56.309983,44.074025,315108921
315108922,4.975555,56.309983,44.074025,315108922
315109703,3.295516,56.353664,43.856237,315109703
315111682,4.822529,56.311042,44.071689,315111682
315111792,1.376187,56.28944,43.952195,315111792
315117645,1.276717,56.279812,43.946123,315117645
315121838,4.224668,56.298692,44.056535,315121838
315129068,2.537778,56.219728,43.866173,315129068
315134850,1.880033,56.297078,43.989655,315134850
315135164,5.394157,56.287227,44.066784,315135164
315135481,1.005809,56.291269,43.915948,315135481
315138735,1.012557,56.303591,43.924042,315138735
315138741,5.765554,56.272095,44.049124,315138741
315153707,2.342013,56.294196,44.007657,315153707
315154561,0.919123,56.333325,43.87998,315154561
315157319,3.11453,56.285853,43.991613,315157319
315157637,4.37209,56.291334,44.051854,315157637
315157832,2.766649,56.33319,43.850111,315157832
315162126,2.048793,56.229541,43.882235,315162126
315162130,6.063312,56.299441,44.088416,315162130
315164011,2.757263,56.346267,43.856902,315164011
315168967,1.090905,56.327286,43.88086,315168967
315187648,3.338535,56.318576,44.047183,315187648
315188831,5.557383,56.266382,44.021958,315188831
315194834,1.471726,56.237797,43.835549,315194834
315196658,7.796835,56.377856,43.797604,315196658
315198039,2.910981,56.353829,43.865786,315198039
315199804,-1.0,56.387859,43.740669,315199804
315201114,0.805,56.328194,43.952357,315201114
315201120,4.367784,56.235335,43.959813,315201120
315202239,0.745594,56.311077,43.925219,315202239
315202392,0.914138,56.249166,43.850623,315202392
315202695,1.585137,56.317827,43.89084,315202695
315202775,1.68676,56.24584,43.831668,315202775
315203111,0.66387,56.262527,43.89641,315203111
315210735,1.735589,56.301444,43.976818,315210735
315211610,4.699417,56.303581,44.067593,315211610
315211619,0.558957,56.311746,44.002169,315211619
315212690,1.788095,56.313329,43.893832,315212690
315212928,0.776299,56.320403,43.989925,315212928
315217021,1.653569,56.302957,43.975659,315217021
315235389,3.280948,56.305174,44.044614,315235389
315238805,3.085536,56.341662,43.847299,315238805
315238815,5.796223,56.283884,44.070548,315238815
315241644,0.242883,56.28338,43.930205,315241644
315241648,3.641915,56.311646,43.850659,315241648
315243896,2.951295,56.218001,43.838055,315243896
315255611,1.090905,56.327286,43.88086,315255611
315262049,2.254545,56.293547,43.994012,315262049
315262052,1.283256,56.257816,43.867027,315262052
315282045,3.953276,56.31572,44.057711,315282045
315284551,1.784694,56.344356,43.915661,315284551
315284887,0.896933,56.287377,43.941766,315284887
315292241,0.432493,56.313808,43.941146,315292241
315300231,4.699417,56.303581,44.067593,315300231
315314997,0.521159,56.328669,43.918715,315314997
315332978,5.849787,56.272875,44.053175,315332978
315334196,5.283558,56.358582,43.822577,315334196
315339776,3.614949,56.330565,43.8366,315339776
315340689,3.647542,56.348507,43.842637,315340689
315340769,3.64134,56.319859,44.051747,315340769
315348012,4.413825,56.233054,43.957774,315348012
315348484,2.274866,56.293477,43.997776,315348484
315350486,2.038369,56.347784,43.874778,315350486
315350488,3.11453,56.285853,43.991613,315350488
315350490,3.249998,56.319789,44.045324,315350490
315350653,5.429959,56.260948,44.004486,315350653
315352195,0.49012,56.323223,43.920206,315352195
315354343,1.605852,56.313289,44.019856,315354343
315354355,4.662406,56.281356,44.041542,315354355
315354359,1.566495,56.315016,43.895781,315354359
315357488,3.114956,56.303247,44.040536,315357488
315360216,4.429547,56.230592,43.954414,315360216
315361683,0.929851,56.279777,43.939385,315361683
315361687,4.43759,56.24591,43.974752,315361687
315361698,1.785073,56.348387,43.933025,315361698
315365683,0.948056,56.264112,43.892332,315365683
315369866,2.825349,56.320787,44.037814,315369866
315382213,5.851074,56.263107,44.018841,315382213
315382219,0.056667,56.266332,43.912481,315382219
315384490,3.482362,56.320173,44.049016,315384490
315384495,0.318001,56.333594,43.945413,315384495
315386341,1.722879,56.312739,43.897093,315386341
315386343,0.405903,56.324062,43.917889,315386343
315388323,1.272159,56.257713,43.867062,315388323
315388337,5.395851,56.275539,44.047417,315388337
315388339,4.813169,56.303731,44.069551,315388339
315388429,2.342013,56.294196,44.007657,315388429
315388431,2.800372,56.21722,43.865059,315388431
315391606,2.508615,56.293627,44.011987,315391606
315389533,8.616297,56.380279,43.784138,315389533
315392604,2.675134,56.218832,43.86902,315392604
315396904,1.217946,56.274299,43.94067,315396904
315409569,1.02631,56.277763,43.937822,315409569
315414396,1.908937,56.306583,44.021905,315414396
315417723,0.711241,56.341328,43.953174,315417723
315437996,2.254545,56.293547,43.994012,315437996
315439734,1.259534,56.253302,43.855725,315439734
315439740,5.885973,56.284464,44.073019,315439740
315439759,0.785735,56.246831,43.848673,315439759
315440236,1.719287,56.22777,43.868508,315440236
315440288,0.592796,56.323403,43.934696,315440288
315446512,0.683597,56.237091,43.864484,315446512
315446682,0.946855,56.292033,43.946859,315446682
315447598,1.050784,56.337352,43.933025,315447598
315447605,3.960039,56.276394,43.989835,315447605
315447679,2.081977,56.225278,43.872811,315447679
315448165,2.435465,56.292193,43.987751,315448165
315452980,2.920549,56.215894,43.861232,315452980
315453333,3.780959,56.293472,43.868571,315453333
315453833,5.750398,56.260278,44.009535,315453833
315453840,3.64134,56.319859,44.051747,315453840
315455262,4.154432,56.305,43.851,315455262
315456657,4.279149,56.284119,44.037841,315456657
315457011,3.827044,56.294111,44.044605,315457011
315457364,0.92615,56.310662,43.980061,315457364
315457517,5.127117,56.202596,43.815436,315457517
315459524,4.624177,56.354667,43.830761,315459524
315462718,3.683084,56.297453,44.045656,315462718
315463200,0.357939,56.328479,43.915221,315463200
315464794,5.569532,56.284469,44.066802,315464794
315477709,1.812142,56.32529,44.014655,315477709
315478151,1.812142,56.32529,44.014655,315478151
315479728,4.312738,56.316284,44.06347,315479728
315479746,5.597918,56.274484,44.050282,315479746
315479765,5.851074,56.263107,44.018841,315479765
315479768,3.901233,56.231818,43.944667,315479768
315479862,1.292913,56.336907,43.874994,315479862
315480104,1.351243,56.3379,43.874653,315480104
315480143,1.137621,56.259908,43.876818,315480143
315481130,0.847383,56.320108,43.986277,315481130
315482219,0.699132,56.240908,43.846931,315482219
315483254,3.694803,56.280252,43.987382,315483254
315483659,4.443651,56.305669,43.842951,315483659
314370759,0.718401,53.214825,50.260534,314370759
314382855,-1.0,53.517812,50.141848,314382855
314385751,0.763185,53.194189,50.181778,314385751
314389507,1.058456,53.195463,50.150436,314389507
314391563,-1.0,53.340565,50.222445,314391563
314395867,7.393073,53.278288,50.267379,314395867
314395868,7.393073,53.278288,50.267379,314395868
314396902,0.943948,53.207426,50.120522,314396902
314406389,2.799309,53.237343,50.288866,314406389
314417661,2.507414,53.223376,50.203284,314417661
314417670,6.667364,53.272273,50.276524,314417670
314417678,0.509651,53.20343,50.182039,314417678
314421889,1.584184,53.219166,50.223505,314421889
314421891,2.638371,53.224627,50.201748,314421891
314421901,7.846342,53.147374,50.078957,314421901
314424181,1.189841,53.22094,50.260057,314424181
314425013,2.579716,53.192814,50.107532,314425013
314432005,-1.0,53.348822,50.227458,314432005
314436519,-1.0,53.314826,50.30783,314436519
314436941,8.38379,53.143296,50.074609,314436941
314437405,5.166778,53.255113,50.216462,314437405
314443005,0.588438,53.202837,50.230305,314443005
314443013,1.384702,53.223684,50.155727,314443013
314452742,4.485254,53.184515,50.081634,314452742
314465606,-1.0,53.1194,50.091057,314465606
314467719,2.251752,53.232966,50.251847,314467719
314470299,2.918806,53.191621,50.102358,314470299
314478641,8.356584,53.147779,50.063201,314478641
314481194,3.208011,53.231867,50.183656,314481194
314485473,1.007931,53.200539,50.135012,314485473
314491053,2.505182,53.22322,50.194049,314491053
314491108,2.01647,53.191524,50.131715,314491108
314492933,0.735618,53.21908,50.244822,314492933
314496233,1.851217,53.191411,50.140321,314496233
314500586,3.549129,53.232966,50.323299,314500586
314521418,6.667364,53.272273,50.276524,314521418
314549399,-1.0,53.325379,50.313238,314549399
314593246,2.456252,53.234373,50.278006,314593246
314598458,1.87033,53.217144,50.209985,314598458
314598648,1.020275,53.218486,50.137824,314598648
314602367,5.488657,53.25549,50.187492,314602367
314621410,2.200974,53.194589,50.112707,314621410
314630095,1.390092,53.188616,50.183979,314630095
314698717,4.69867,53.183199,50.079298,314698717
314699786,0.570421,53.204007,50.182362,314699786
314711704,0.818684,53.202243,50.135021,314711704
314716309,5.817902,53.256627,50.200849,314716309
314723857,1.334697,53.188994,50.198137,314723857
314730745,-1.0,53.312948,50.306339,314730745
314781336,1.117903,53.216254,50.164081,314781336
314785559,1.014362,53.200744,50.137896,314785559
314825549,-1.0,53.115357,50.082209,314825549
314879965,9.76625,53.124652,50.094094,314879965
314894611,3.961531,53.190208,50.084455,314894611
314894671,6.968967,53.275073,50.279919,314894671
314903837,0.780134,53.208203,50.216741,314903837
314922761,0.674775,53.196763,50.161261,314922761
314935562,9.789203,53.300401,50.278545,314935562
315057159,0.557484,53.203414,50.241624,315057159
315086442,-1.0,53.118962,50.085335,315086442
315089012,7.393073,53.278288,50.267379,315089012
315093580,-1.0,53.121194,50.080224,315093580
315114682,7.393073,53.278288,50.267379,315114682
315127576,1.591048,53.215424,50.214666,315127576
315129540,1.396943,53.197232,50.137922,315129540
315131179,2.334709,53.190413,50.119992,315131179
315135287,-1.0,53.330392,50.313606,315135287
315154071,0.251429,53.211282,50.136665,315154071
315154970,3.079721,53.228277,50.192253,315154970
315158224,2.551287,53.22343,50.192046,315158224
315190297,1.860168,53.229549,50.247993,315190297
315232951,-1.0,53.351278,50.213695,315232951
315233003,6.667364,53.272273,50.276524,315233003
315236226,0.888087,53.215553,50.235938,315236226
315258418,4.054101,53.238986,50.206176,315258418
315275556,-1.0,53.309414,50.309231,315275556
315285009,1.084172,53.221263,50.153571,315285009
315308709,2.256625,53.231813,50.272427,315308709
315341609,1.358219,53.188897,50.196448,315341609
315348618,2.586634,53.235025,50.273209,315348618
315362666,1.669486,53.22659,50.274125,315362666
315366636,0.343282,53.201963,50.155556,315366636
315368586,-1.0,53.307337,50.287546,315368586
315371468,1.020275,53.218486,50.137824,315371468
315379002,-1.0,53.305534,50.281779,315379002
315399939,1.345403,53.188309,50.179389,315399939
315400737,0.251557,53.20981,50.13044,315400737
315402183,4.314521,53.251493,50.253338,315402183
315404988,0.086235,53.212701,50.247167,315404988
315405233,4.350663,53.251267,50.236495,315405233
315405516,6.667364,53.272273,50.276524,315405516
315405971,1.584734,53.195538,50.138102,315405971
315406241,3.43567,53.184526,50.104155,315406241
315406328,1.868738,53.19433,50.122489,315406328
315412231,3.344606,53.23102,50.187644,315412231
315415325,0.629039,53.207324,50.246358,315415325
315415882,0.916642,53.209821,50.167693,315415882
315416619,1.722877,53.185665,50.195549,315416619
315416673,1.65505,53.221964,50.228877,315416673
315417570,4.307805,53.249252,50.226568,315417570
315418655,9.739867,53.141287,50.043096,315418655
315423283,7.123895,53.136409,50.169292,315423283
315425073,0.746191,53.206979,50.176487,315425073
315428161,0.425405,53.208699,50.283584,315428161
315432535,9.683803,53.299475,50.285022,315432535
315433290,1.032421,53.22102,50.151972,315433290
315434526,1.700659,53.196666,50.120585,315434526
315435291,8.944167,53.135453,50.082514,315435291
315435793,0.587994,53.211477,50.157757,315435793
315438050,5.536302,53.260328,50.223757,315438050
315440394,1.108482,53.201434,50.124645,315440394
315441365,9.513434,53.141309,50.048567,315441365
315442057,2.456047,53.234492,50.28009,315442057
314591439,3.110993,55.738221,49.153126,314591439
314591733,2.003937,55.829669,49.050736,314591733
314591738,3.65313,55.734562,49.145347,314591738
314591742,1.31754,55.771439,49.184496,314591742
314591746,2.545188,55.746188,49.143811,314591746
314593260,1.675752,55.83889,49.108399,314593260
314593261,1.029773,55.765478,49.150135,314593261
314594544,1.438328,55.807683,49.081737,314594544
314598627,1.762774,55.821178,49.057339,314598627
314601884,0.744333,55.743036,49.230786,314601884
314602701,1.303071,55.749187,49.183849,314602701
314603757,0.744333,55.743036,49.230786,314603757
314605876,9.310096,55.874617,49.22942,314605876
314625453,1.205324,55.738601,49.202112,314625453
314626509,4.550448,55.874668,49.020293,314626509
314633656,0.19958,55.776436,49.139544,314633656
314634756,1.925701,55.750783,49.247009,314634756
314634758,0.992434,55.816318,49.082591,314634758
314634843,4.683699,55.80954,49.18985,314634843
314643293,1.111148,55.799143,49.123266,314643293
314658860,-1.0,55.855916,48.905874,314658860
314697372,3.439946,55.798384,49.182115,314697372
314717496,0.944313,55.783858,49.151375,314717496
314722199,4.893648,55.81427,49.184091,314722199
314722201,5.783547,55.807688,49.228252,314722201
314733989,4.697047,55.873157,49.016367,314733989
314739418,2.090925,55.843389,49.04894,314739418
314748297,0.609055,55.75514,49.187199,314748297
314761065,2.346497,55.767787,49.10495,314761065
314778827,2.288525,55.818043,49.134828,314778827
314822205,2.9741,55.797837,49.172189,314822205
314828255,-1.0,55.818731,48.888384,314828255
314875341,2.85383,55.815079,49.143865,314875341
314893099,3.859304,55.722467,49.1705,314893099
314904556,5.188979,55.809039,49.202615,314904556
314926152,1.819922,55.77392,49.206675,314926152
314926160,1.601623,55.746588,49.182618,314926160
314931849,2.768277,55.767494,49.094709,314931849
314943318,1.690791,55.820369,49.124524,314943318
314943608,0.75697,55.773682,49.132025,314943608
314944802,0.518768,55.840664,49.090163,314944802
314980442,1.510696,55.82352,49.059935,314980442
315008362,1.393417,55.839744,49.104105,315008362
315021460,0.814082,55.796506,49.119772,315021460
315035006,1.785536,55.821714,49.125386,315035006
315039341,0.646801,55.753757,49.2008,315039341
315042751,2.109288,55.844172,49.048778,315042751
315043485,0.961805,55.834598,49.092796,315043485
315055350,2.408151,55.837181,49.1197,315055350
315074423,1.730917,55.819464,49.059684,315074423
315080624,2.375782,55.815119,49.136229,315080624
315113895,0.819,55.817067,49.085384,315113895
315138633,3.994414,55.795135,49.20531,315138633
315138640,4.979598,55.787604,49.253648,315138640
315138651,0.936558,55.863677,49.080255,315138651
315156290,4.366471,55.794436,49.224848,315156290
315160140,5.186656,55.794295,49.247252,315160140
315160424,2.368783,55.832727,49.12297,315160424
315162363,1.785536,55.821714,49.125386,315162363
315167505,7.153678,55.680235,49.201707,315167505
315174646,-1.0,55.854522,48.899577,315174646
315186459,1.260466,55.75323,49.22995,315186459
315188696,1.180125,55.819889,49.116286,315188696
315201953,2.93713,55.820035,49.144862,315201953
315213390,3.51899,55.788044,49.217437,315213390
315213399,1.162016,55.750418,49.184424,315213399
315237090,1.735233,55.757217,49.233049,315237090
315252179,1.330936,55.861156,49.10345,315252179
315261748,1.010025,55.767398,49.150952,315261748
315261779,1.241663,55.756482,49.224632,315261779
315264644,0.799216,55.742676,49.231585,315264644
315284747,2.801478,55.732124,49.177129,315284747
315312208,1.029514,55.742448,49.19903,315312208
315317207,-1.0,55.819595,48.883856,315317207
315318299,5.419802,55.818999,49.187819,315318299
315325201,1.088875,55.761041,49.150764,315325201
315328395,4.62456,55.80909,49.189337,315328395
315331845,0.473798,55.767919,49.172216,315331845
315348407,1.269852,55.823232,49.06431,315348407
315373427,-1.0,55.865556,48.881548,315373427
315388153,1.304959,55.850403,49.065954,315388153
315388161,1.436005,55.752227,49.167059,315388161
315399903,4.215019,55.869364,49.021874,315399903
315400773,0.732552,55.746355,49.198833,315400773
315403581,3.455842,55.836772,49.140254,315403581
315403868,3.803536,55.828217,49.155453,315403868
315409481,2.580721,55.834633,49.124183,315409481
315412155,1.991337,55.823889,49.12739,315412155
315412257,1.721553,55.820374,49.058848,315412257
315412704,1.122633,55.807749,49.089687,315412704
315415352,4.04814,55.792275,49.221282,315415352
315415354,-1.0,55.863732,48.877784,315415354
315415419,2.489937,55.770745,49.095284,315415419
315416023,2.674973,55.785037,49.190371,315416023
315416210,3.428929,55.840411,49.136885,315416210
315416358,5.640099,55.80103,49.244126,315416358
315417043,2.14952,55.79061,49.166835,315417043
315417133,0.477074,55.765924,49.173994,315417133
315418607,8.598289,55.80064,48.954437,315418607
315421459,2.758734,55.768005,49.09399,315421459
315421469,0.903955,55.826154,49.068613,315421469
315426831,5.836473,55.807643,49.230462,315426831
314062409,0.807068,55.861767,49.077749,314062409
314080489,0.968231,55.745954,49.194907,314080489
314081305,2.259416,55.791091,49.168452,314081305
314083047,0.908099,55.783342,49.151626,314083047
314083049,0.262268,55.830473,49.083202,314083049
314083051,-1.0,55.85288,48.896999,314083051
314083053,2.064453,55.787568,49.169584,314083053
314083056,5.644924,55.803681,49.237182,314083056
314086055,1.730402,55.754887,49.238206,314086055
314086557,2.245355,55.784476,49.176581,314086557
314087143,0.823024,55.86301,49.083893,314087143
314095795,8.180456,55.858337,49.215146,314095795
314088684,1.668206,55.870541,49.082016,314088684
314090188,3.325875,55.776684,49.235134,314090188
314095516,4.025707,55.828855,49.158813,314095516
314097576,3.643384,55.781134,49.235556,314097576
314099967,2.883542,55.743122,49.142293,314099967
314100512,1.97136,55.760155,49.234262,314100512
314102775,0.935058,55.852693,49.070616,314102775
314104223,0.744333,55.743036,49.230786,314104223
314104225,3.51899,55.788044,49.217437,314104225
314110790,0.997277,55.737046,49.208454,314110790
314111410,4.134171,55.712695,49.182906,314111410
314112000,4.745909,55.877667,49.019718,314112000
314119897,4.336496,55.802052,49.195473,314119897
314134545,4.351043,55.719252,49.165029,314134545
314135041,3.51899,55.788044,49.217437,314135041
314135642,3.318933,55.78324,49.22448,314135642
314137597,1.064969,55.839577,49.065774,314137597
314139156,1.630134,55.834477,49.059145,314139156
314140732,2.844662,55.838172,49.12712,314140732
314141930,0.75369,55.756016,49.213951,314141930
314142048,0.507317,55.773059,49.146703,314142048
314142051,0.274496,55.826559,49.07924,314142051
314143578,1.204371,55.754355,49.168389,314143578
314144359,5.738814,55.804364,49.238071,314144359
314144362,2.272309,55.781666,49.187729,314144362
314145191,9.076215,55.86013,49.229321,314145191
314147770,1.180604,55.860069,49.101725,314147770
314147778,0.869334,55.757328,49.165676,314147778
314148135,1.386571,55.851662,49.063618,314148135
314198792,2.069096,55.789846,49.166368,314198792
314204140,4.04814,55.792275,49.221282,314204140
314204144,2.869531,55.76761,49.241898,314204144
314167307,2.733709,55.830275,49.134585,314167307
314169143,0.507275,55.790114,49.125934,314169143
314170304,-1.0,55.852511,48.903709,314170304
314171514,3.303985,55.794867,49.184594,314171514
314176502,3.759758,55.780881,49.238296,314176502
314176503,0.874432,55.746086,49.196479,314176503
314186182,0.945329,55.742367,49.201851,314186182
314188449,1.112649,55.755393,49.223464,314188449
314189421,2.483796,55.815104,49.137954,314189421
314190372,-1.0,55.820779,48.904634,314190372
314191861,0.769062,55.839411,49.093613,314191861
314207856,1.050263,55.737122,49.207088,314207856
314250691,0.670342,55.771135,49.139993,314250691
314216033,8.459923,55.80101,48.956548,314216033
314238070,0.411994,55.859054,49.082115,314238070
314238074,3.155339,55.722041,49.186696,314238074
314243874,0.609576,55.860292,49.089705,314243874
314245512,5.783547,55.807688,49.228252,314245512
314245544,0.178892,55.742321,49.21767,314245544
314249934,3.737825,55.72162,49.174246,314249934
314250351,3.622161,55.803347,49.176393,314250351
314258548,4.099713,55.795778,49.207681,314258548
314263446,0.618326,55.749263,49.22006,314263446
314266675,2.086684,55.769221,49.108768,314266675
314266998,2.954682,55.822706,49.144269,314266998
314267651,0.674679,55.75514,49.196928,314267651
314268670,1.137756,55.782218,49.107842,314268670
314270713,0.662068,55.818629,49.08852,314270713
314283540,0.574698,55.820799,49.103629,314283540
314283810,1.476962,55.851,49.062504,314283810
314285702,-1.0,55.82132,48.905551,314285702
314287593,0.65959,55.789765,49.102731,314287593
314289737,1.007922,55.824233,49.068092,314289737
314290110,2.758575,55.731647,49.179007,314290110
314294170,4.664566,55.805553,49.196955,314294170
314294176,1.093063,55.859029,49.100979,314294176
314295812,-1.0,55.865697,48.87128,314295812
314302120,0.593528,55.79387,49.097835,314302120
314304888,0.776522,55.784552,49.137199,314304888
314313592,-1.0,55.866672,48.875727,314313592
314318123,4.317512,55.868157,49.019349,314318123
314321310,2.341466,55.784734,49.179995,314321310
314324647,1.216331,55.826604,49.106019,314324647
314325951,-1.0,55.845885,48.906314,314325951
314326201,1.262534,55.74944,49.236382,314326201
314326893,2.184372,55.760023,49.238457,314326893
314328303,0.887503,55.772249,49.153962,314328303
314332515,2.45442,55.784359,49.185627,314332515
314333190,-1.0,55.845885,48.906314,314333190
314353582,0.603327,55.815974,49.107986,314353582
314355628,0.698427,55.812707,49.089615,314355628
314355822,2.79646,55.786981,49.188475,314355822
314366068,3.749709,55.802244,49.182097,314366068
314366148,3.631308,55.800145,49.183319,314366148
314369476,0.358114,55.748569,49.20345,314369476
314393635,2.744819,55.834548,49.128351,314393635
314394182,4.134171,55.712695,49.182906,314394182
314397444,4.738756,55.805052,49.199354,314397444
314411220,2.723787,55.822837,49.040172,314411220
314412054,-1.0,55.866369,48.874361,314412054
314413632,0.935897,55.833895,49.093487,314413632
314413656,1.083857,55.765296,49.149264,314413656
314413847,3.861507,55.782714,49.237739,314413847
314413994,0.724522,55.822994,49.096775,314413994
314415942,4.944897,55.804056,49.205058,314415942
314417331,0.945329,55.742367,49.201851,314417331
314417333,3.844675,55.781165,49.239616,314417333
314420197,-1.0,55.858074,48.908219,314420197
314420214,1.023261,55.863469,49.076078,314420214
314420227,1.191702,55.862196,49.099632,314420227
314420235,2.105802,55.784314,49.173509,314420235
314423727,-1.0,55.85968,48.897205,314423727
314424477,2.765584,55.778274,49.221156,314424477
314428066,2.360074,55.814356,49.135861,314428066
314428941,3.021129,55.838435,49.130031,314428941
314430468,0.407164,55.766445,49.172575,314430468
314430917,4.427488,55.872051,49.020203,314430917
314433805,2.300861,55.78077,49.194125,314433805
314433808,0.705759,55.771727,49.136274,314433808
314433815,1.122633,55.807749,49.089687,314433815
314433827,5.49132,55.800812,49.240577,314433827
314433832,1.205324,55.738601,49.202112,314433832
314436887,0.157083,55.826807,49.083408,314436887
314441764,1.563232,55.798986,49.132429,314441764
314442388,0.280197,55.854254,49.080857,314442388
314445209,1.436005,55.752227,49.167059,314445209
314446093,2.010747,55.762014,49.232439,314446093
314446717,0.79442,55.836656,49.090649,314446717
314449831,1.244262,55.810071,49.082249,314449831
314457578,0.778873,55.784815,49.137298,314457578
314466014,0.851053,55.817952,49.08507,314466014
314466192,0.563593,55.795909,49.1159,314466192
314467060,1.436005,55.752227,49.167059,314467060
314467316,0.444458,55.796354,49.11378,314467316
314468847,2.390726,55.8262,49.132492,314468847
314477344,-1.0,55.859312,48.903467,314477344
314478644,1.228243,55.778061,49.110654,314478644
314484694,5.693809,55.804329,49.236769,314484694
314485153,2.979739,55.821143,49.145248,314485153
314485442,2.765075,55.785448,49.191844,314485442
314495250,4.537789,55.80059,49.202156,314495250
314495447,8.529708,55.861934,49.220356,314495447
314497878,4.180397,55.801071,49.193685,314497878
314497900,1.436005,55.752227,49.167059,314497900
314501477,0.517969,55.740928,49.212433,314501477
314503670,2.723956,55.745868,49.139759,314503670
314506409,1.304959,55.850403,49.065954,314506409
314509379,3.149592,55.793966,49.182717,314509379
314510748,1.008525,55.751877,49.184549,314510748
314530722,2.559571,55.813754,49.138942,314530722
314534536,8.355879,55.800944,48.958372,314534536
314536276,2.19203,55.820228,49.132771,314536276
314536509,3.820528,55.803155,49.181953,314536509
314540337,2.505092,55.823358,49.043541,314540337
314542283,0.391563,55.757126,49.194054,314542283
314542285,0.825683,55.833552,49.09161,314542285
314545043,5.143605,55.804891,49.211607,314545043
314545581,-1.0,55.819004,48.88603,314545581
314550697,3.891619,55.800261,49.188843,314550697
314551805,1.157694,55.821917,49.114238,314551805
314560738,8.722994,55.859761,49.223707,314560738
314581631,8.402223,55.860979,49.218443,314581631
314589928,0.38075,55.774664,49.147045,314589928
314603769,5.49132,55.800812,49.240577,314603769
314603950,2.199897,55.758483,49.242329,314603950
314621072,0.406812,55.76214,49.170275,314621072
314639477,5.077797,55.791132,49.250396,314639477
314648061,0.807068,55.861767,49.077749,314648061
314668794,0.556146,55.765048,49.188969,314668794
314714544,1.056153,55.834765,49.094664,314714544
314718668,3.633441,55.722644,49.174875,314718668
314721359,0.825683,55.833552,49.09161,314721359
314722455,-1.0,55.847098,48.908264,314722455
314733986,2.12712,55.823378,49.04973,314733986
314740844,2.12712,55.823378,49.04973,314740844
314768119,1.009745,55.746502,49.234316,314768119
314771530,1.031499,55.767777,49.14064,314771530
314779173,1.280279,55.749243,49.184675,314779173
314789020,1.712769,55.819267,49.060277,314789020
314796600,1.162016,55.750418,49.184424,314796600
314802619,2.536622,55.78526,49.18543,314802619
314803049,3.882507,55.75053,49.102264,314803049
314814061,3.109313,55.841741,49.131854,314814061
314844681,4.126925,55.832217,49.158094,314844681
314931284,1.97136,55.760155,49.234262,314931284
314947116,1.627006,55.826286,49.117778,314947116
314956835,0.445467,55.756189,49.190496,314956835
314970153,0.809493,55.833658,49.074182,314970153
315049218,1.183245,55.789932,49.142176,315049218
315049253,4.537789,55.80059,49.202156,315049253
315083668,1.476962,55.851,49.062504,315083668
315100913,7.224469,55.680605,49.192473,315100913
315111633,1.853561,55.815418,49.063528,315111633
315114261,1.593322,55.817775,49.065074,315114261
315142518,0.794009,55.860261,49.074964,315142518
315187899,0.912525,55.837237,49.070356,315187899
315202240,5.116105,55.788758,49.254807,315202240
315203353,3.774159,55.722264,49.172521,315203353
315203358,2.236699,55.82351,49.047871,315203358
315278549,4.232662,55.862671,49.018181,315278549
315306599,-1.0,55.861812,48.899631,315306599
315315928,3.933881,55.827919,49.157843,315315928
315328757,1.724817,55.870763,49.090487,315328757
315333336,3.021129,55.838435,49.130031,315333336
315339315,2.10929,55.768902,49.220796,315339315
315341207,1.145009,55.784936,49.105336,315341207
315342626,2.41603,55.818948,49.136723,315342626
315349196,3.184816,55.831221,49.142041,315349196
315351964,0.564856,55.75517,49.189562,315351964
315352766,3.035114,55.800296,49.059477,315352766
315353105,3.835548,55.786328,49.230759,315353105
315353747,-1.0,55.85288,48.896999,315353747
315354891,1.476962,55.851,49.062504,315354891
315354899,4.893648,55.81427,49.184091,315354899
315354907,3.293339,55.839562,49.029833,315354907
315355491,0.880698,55.769089,49.141529,315355491
315355955,0.894192,55.822397,49.072628,315355955
315356182,1.310288,55.787012,49.153486,315356182
315358522,2.44857,55.831433,49.127183,315358522
315363739,0.724522,55.822994,49.096775,315363739
315364591,8.667041,55.866223,49.221731,315364591
315365843,4.053499,55.836999,49.151932,315365843
315365908,1.009745,55.746502,49.234316,315365908
315365957,4.176268,55.840411,49.149839,315365957
315366128,0.837455,55.772801,49.131477,315366128
315366934,4.804442,55.804653,49.201339,315366934
315367209,3.354418,55.822235,49.15097,315367209
315377188,3.890161,55.785802,49.233112,315377188
315377858,1.08315,55.864889,49.079303,315377858
315379312,9.076215,55.86013,49.229321,315379312
315380652,-1.0,55.820223,48.898077,315380652
315382050,3.655514,55.802214,49.179851,315382050
315382457,1.474537,55.787872,49.155938,315382457
315382460,0.270182,55.828784,49.07844,315382460
315382671,1.622321,55.870157,49.086588,315382671
315383188,5.553952,55.803823,49.23384,315383188
315383604,1.30461,55.809459,49.081854,315383604
315383633,0.698271,55.760641,49.202058,315383633
315383776,0.661131,55.748549,49.198366,315383776
315386406,1.177403,55.825482,49.10848,315386406
315386685,3.027218,55.818746,49.146551,315386685
315388320,2.44857,55.831433,49.127183,315388320
315391105,2.408986,55.831848,49.125602,315391105
315391950,3.158129,55.721605,49.187568,315391950
315392092,3.323048,55.840447,49.135196,315392092
315392562,3.176378,55.838996,49.132645,315392562
315392750,2.484489,55.815539,49.138008,315392750
315393863,0.552546,55.825189,49.075512,315393863
315394786,0.920551,55.827737,49.097269,315394786
315394933,1.166084,55.862469,49.098706,315394933
315395726,0.443051,55.839213,49.077156,315395726
315396417,1.552134,55.869556,49.08569,315396417
313985489,1.693965,56.299756,44.004468,313985489
314006859,0.980874,56.292183,43.918374,314006859
314011736,5.51634,56.360217,43.81999,314011736
314015928,5.240249,56.303352,44.076477,314015928
314044201,3.199436,56.316544,44.045387,314044201
314054594,1.313095,56.234155,43.842304,314054594
314061725,3.607262,56.358337,43.857908,314061725
314088252,4.398026,56.306313,43.84287,314088252
314091907,3.199436,56.316544,44.045387,314091907
314091912,1.357675,56.241604,43.836133,314091912
314091915,4.131132,56.23474,43.954351,314091915
314093696,0.749785,56.330201,43.957594,314093696
314102798,1.653569,56.302957,43.975659,314102798
314102802,1.592198,56.270141,43.888559,314102802
314106421,4.571614,56.207643,43.817834,314106421
314106424,0.725598,56.252902,43.869901,314106424
314109532,1.485058,56.345404,43.934004,314109532
314116272,1.429466,56.303157,43.980995,314116272
314131715,2.255346,56.31205,43.885289,314131715
314133326,1.472472,56.341578,43.928677,314133326
314135322,4.445584,56.352707,43.832055,314135322
314193623,1.075401,56.309599,43.978273,314193623
314193678,2.30743,56.313199,44.031193,314193678
314193729,0.850926,56.318416,43.982972,314193729
314194045,0.446128,56.274644,43.91496,314194045
314194168,1.132815,56.255898,43.919488,314194168
314202178,1.323043,56.339203,43.913361,314202178
314210118,0.759796,56.341348,43.944048,314210118
314210881,1.735589,56.301444,43.976818,314210881
314215083,4.89667,56.264567,43.997731,314215083
314247353,1.186557,56.336888,43.912876,314247353
314247360,6.809637,56.362496,43.798107,314247360
314257266,0.887109,56.330904,43.961601,314257266
314260023,7.828815,56.37827,43.79755,314260023
314260026,0.722902,56.311781,43.982819,314260026
314283019,5.386544,56.203112,43.806516,314283019
314294189,0.746555,56.274145,43.932711,314294189
314294195,4.672566,56.29525,44.061637,314294195
314300095,6.369129,56.283999,44.081741,314300095
314300511,2.087513,56.326423,44.018859,314300511
314307335,6.369129,56.283999,44.081741,314307335
314328276,2.253042,56.222716,43.868661,314328276
314389030,0.401117,56.313084,43.932558,314389030
314391685,5.049399,56.291499,44.064952,314391685
314413716,5.449678,56.286088,44.066488,314413716
314420818,8.676323,56.164546,43.872272,314420818
314421303,1.910919,56.325339,44.016775,314421303
314429989,3.631976,56.295125,43.87203,314429989
314430456,1.408264,56.251417,43.842727,314430456
314434435,0.387162,56.310483,43.992018,314434435
314435043,1.361341,56.315296,43.900758,314435043
314437930,1.910889,56.31228,44.02468,314437930
314439958,0.522926,56.303731,43.938774,314439958
314439967,2.435465,56.292193,43.987751,314439967
314439972,2.410571,56.220413,43.858169,314439972
314442984,0.565087,56.310083,43.987697,314442984
314453517,5.405743,56.307167,44.080448,314453517
314488063,1.817402,56.237842,43.829701,314488063
314497027,1.517813,56.301703,43.982603,314497027
314500351,1.931218,56.318316,43.878992,314500351
314526857,0.316269,56.274699,43.925417,314526857
314529090,0.675281,56.317243,43.938505,314529090
314533704,2.958224,56.299271,44.033942,314533704
314533707,0.784526,56.333864,43.937158,314533707
314533710,5.109648,56.301868,44.073639,314533710
314539954,0.247359,56.283545,43.925057,314539954
314540679,1.294476,56.303252,43.98511,314540679
314543630,0.072802,56.242439,43.857055,314543630
314544719,1.581389,56.227915,43.860262,314544719
314549624,2.47671,56.233479,43.821167,314549624
314549625,4.111579,56.353639,43.839394,314549625
314553650,3.983325,56.293517,43.86487,314553650
314554067,2.168579,56.311876,43.887544,314554067
314554073,4.499805,56.306318,43.840634,314554073
314554074,4.118796,56.232429,43.950641,314554074
314564738,1.762143,56.227635,43.869694,314564738
314578182,0.455862,56.277303,43.928588,314578182
314578351,5.471123,56.300809,44.079172,314578351
314578352,2.311266,56.312734,43.883034,314578352
314579907,5.270367,56.298427,44.074456,314579907
314581792,1.011441,56.237011,43.871572,314581792
314584185,3.293721,56.284254,43.991164,314584185
314585036,3.666463,56.316394,44.052986,314585036
314587665,5.80122,56.27342,44.053139,314587665
314587668,6.062911,56.361045,43.810513,314587668
314590892,1.602187,56.323942,43.875102,314590892
314596380,0.591869,56.310418,43.986538,314596380
314599005,1.532833,56.345095,43.907495,314599005
314607423,1.054274,56.257763,43.875551,314607423
314619295,1.594733,56.258038,43.859148,314619295
314619558,2.342013,56.294196,44.007657,314619558
314623471,1.596104,56.23534,43.83528,314623471
314629534,2.420858,56.292468,43.986322,314629534
314671994,2.129039,56.247906,43.825317,314671994
314672917,2.903715,56.299701,44.033394,314672917
314687285,0.852055,56.328853,43.957127,314687285
314690763,1.284892,56.249477,43.842134,314690763
314724498,1.616613,56.241444,43.831965,314724498
314728447,3.110604,56.300939,44.038541,314728447
314733542,5.79995,56.274245,44.054882,314733542
314743010,0.759796,56.341348,43.944048,314743010
314745784,0.569216,56.246441,43.868068,314745784
314782238,0.645695,56.31243,44.004064,314782238
314785436,0.345651,56.310857,43.995728,314785436
314789339,1.292913,56.336907,43.874994,314789339
314823658,6.012386,56.284464,44.075462,314823658
314824257,5.674907,56.283884,44.068141,314824257
314824380,6.454434,56.367871,43.811097,314824380
314825535,5.336918,56.267807,44.018212,314825535
314827948,0.114892,56.275489,43.922084,314827948
314827949,0.333391,56.264177,43.90984,314827949
314828423,0.072802,56.242439,43.857055,314828423
314841654,5.427301,56.293307,44.073477,314841654
314851787,1.916272,56.349021,43.930986,314851787
314870682,5.525086,56.271286,44.039952,314870682
314870716,1.104859,56.308176,43.919919,314870716
314877724,1.347196,56.277143,43.9442,314877724
314877848,1.35284,56.325305,43.986924,314877848
314881867,0.842525,56.306857,43.999357,314881867
314890272,5.44024,56.296589,44.076181,314890272
314928076,5.393198,56.267562,44.019892,314928076
314935670,0.842525,56.306857,43.999357,314935670
314935976,6.454434,56.367871,43.811097,314935976
314953116,1.488901,56.255402,43.856354,314953116
314953610,0.621482,56.331463,43.942224,314953610
314981756,2.220196,56.22218,43.860729,314981756
314983102,0.619172,56.262707,43.899518,314983102
314994928,0.360962,56.319819,43.952555,314994928
314996622,5.518808,56.260308,44.005609,314996622
315019029,4.410961,56.30457,43.845682,315019029
315020454,1.052269,56.29002,43.943248,315020454
315080435,1.932255,56.315346,44.025022,315080435
315082680,5.569532,56.284469,44.066802,315082680
315084469,0.729331,56.241739,43.846266,315084469
315088646,2.120489,56.271376,43.878435,315088646
315094712,5.822323,56.263597,44.020252,315094712
315105167,1.070453,56.323053,43.998584,315105167
315105173,2.449868,56.289715,43.889169,315105173
315112948,1.923664,56.32801,44.011592,315112948
315153204,3.845584,56.247076,43.964763,315153204
315167131,1.102067,56.288321,43.944703,315167131
315168313,5.70522,56.259553,44.008322,315168313
315188828,7.828815,56.37827,43.79755,315188828
315191481,2.473851,56.317058,44.033466,315191481
315206339,3.782087,56.319534,44.054163,315206339
315315204,1.094371,56.257188,43.919371,315315204
315382337,0.645695,56.31243,44.004064,315382337
315200291,7.938184,56.378006,43.794873,315200291
315201117,1.464163,56.265042,43.881228,315201117
315210004,1.735589,56.301444,43.976818,315210004
315210016,0.402955,56.280027,43.920449,315210016
315234363,0.788164,56.273805,43.909588,315234363
315244831,1.326367,56.256728,43.862993,315244831
315332163,4.027883,56.347414,43.834902,315332163
315333429,1.361341,56.315296,43.900758,315333429
315333699,4.305028,56.359569,43.843823,315333699
315333856,8.621399,56.382995,43.787947,315333856
315338371,5.518808,56.260308,44.005609,315338371
315340106,1.286027,56.335475,43.923377,315340106
315341830,1.757136,56.317477,43.887939,315341830
315341878,1.38071,56.280436,43.948494,315341878
315342075,7.822417,56.377647,43.79676,315342075
315342226,0.43365,56.317892,43.942826,315342226
315343327,7.822417,56.377647,43.79676,315343327
315344062,5.595863,56.265062,44.016003,315344062
315349973,5.833172,56.260928,44.011367,315349973
315350154,1.854882,56.300065,43.976953,315350154
315355057,0.357964,56.316184,43.997794,315355057
315355432,4.498301,56.232073,43.958124,315355432
315355726,6.454434,56.367871,43.811097,315355726
315355998,0.743016,56.282495,43.916326,315355998
315358540,1.729449,56.234535,43.833618,315358540
315361748,2.691805,56.230002,43.820394,315361748
315361941,0.956781,56.233509,43.856534,315361941
315363703,0.802989,56.286138,43.940697,315363703
315363729,4.186948,56.232048,43.951504,315363729
315367816,2.270235,56.323023,44.026639,315367816
315368539,4.573991,56.237392,43.965966,315368539
315368908,3.104799,56.285918,43.99279,315368908
315368981,0.777087,56.325564,43.95657,315368981
315369064,3.614949,56.330565,43.8366,315369064
314536604,0.718401,53.214825,50.260534,314536604
314543395,4.016461,53.240388,50.185946,314543395
314543399,4.627922,53.245097,50.190761,314543399
314560504,1.302863,53.188568,50.176281,314560504
314579713,4.121435,53.248966,50.261989,314579713
314582344,1.589138,53.190413,50.148693,314582344
314584946,1.341106,53.212738,50.17187,314584946
314599866,2.740179,53.236901,50.287735,314599866
314624203,4.748252,53.246493,50.204739,314624203
314631558,-1.0,53.116011,50.069695,314631558
314714479,4.945157,53.255668,50.228724,314714479
314720790,-1.0,53.305534,50.282443,314720790
314722584,-1.0,53.115244,50.083404,314722584
314729274,2.124718,53.182405,50.192064,314729274
314776354,0.861342,53.192625,50.174547,314776354
314781855,4.055524,53.247797,50.267657,314781855
314785571,2.076875,53.199778,50.107739,314785571
314788404,1.293286,53.212571,50.200176,314788404
314825094,-1.0,53.114741,50.087033,314825094
314880093,7.787964,53.150064,50.07292,314880093
314919185,-1.0,53.507488,49.835298,314919185
314922294,0.911234,53.194648,50.166606,314922294
314926063,2.931915,53.237984,50.235354,314926063
314976813,3.986173,53.243616,50.31207,314976813
314997848,2.0887,53.219106,50.207533,314997848
315044105,4.226339,53.24347,50.184204,315044105
315054295,4.31732,53.251067,50.237465,315054295
315158489,0.629039,53.207324,50.246358,315158489
315205386,7.393073,53.278288,50.267379,315205386
315243216,0.486445,53.203678,50.231006,315243216
315333500,5.931229,53.262121,50.21463,315333500
315334958,2.935732,53.193574,50.099268,315334958
315335266,5.104794,53.253907,50.214396,315335266
315336092,0.261881,53.200512,50.223954,315336092
315336865,2.340637,53.190656,50.276308,315336865
315337749,4.846957,53.24728,50.191354,315337749
315341085,0.197187,53.205609,50.233907,315341085
315342319,7.393073,53.278288,50.267379,315342319
315342832,4.417453,53.252522,50.249727,315342832
315342836,3.894419,53.247657,50.254227,315342836
315342844,1.54265,53.226228,50.279713,315342844
315342987,1.380411,53.223883,50.274475,315342987
315140029,3.083874,53.237224,50.226514,315140029
315328484,0.376247,53.214604,50.253239,315328484
315330826,1.863634,53.228492,50.274448,315330826
315199572,0.606079,55.818822,49.107205,315199572
315254250,3.151973,55.820334,49.148249,315254250
315278550,4.781116,55.812949,49.184208,315278550
7257940100,9.29467,53.117373,50.159653,7257940100
7253102741,0.948283,53.2083168,50.20672607,7253102741
315305891,3.804763,55.722537,49.171506,315305891
7233949995,0.65167,53.210635,50.124591,7233949995
7245785246,-1.0,53.486683,49.856804,7245785246
315329235,2.315891,55.838218,49.118577,315329235
315329267,2.50081,55.767382,49.233732,315329267
315329998,1.373669,55.738622,49.199102,315329998
315101426,5.429959,56.260948,44.004486,315101426
315104787,3.811455,56.360362,43.857189,315104787
315162763,0.862335,56.260543,43.888433,315162763
315285633,5.395853,56.307651,44.080403,315285633
315291507,3.104799,56.285918,43.99279,315291507
315325205,1.349635,56.263962,43.881381,315325205
315328356,4.323548,56.233009,43.95586,315328356
7240978210,1.056138,53.19555283,50.15031052,7240978210
7234787395,0.511601,53.208014,50.280728,7234787395
7248794518,1.027523,53.19406128,50.20980453,7248794518
7246256432,-1.0,53.30553436,50.28178024,7246256432
7243363288,4.577436,53.244208,50.20411,7243363288
7252466468,3.348292,53.18451494260972,50.10648030047419,7252466468
7256345960,0.309945,53.203673,50.223451,7256345960
7252132109,2.755015,53.234157,50.227476,7252132109
7230018352,0.664565,53.19601822,50.21671295,7230018352
7257206357,0.383117,53.21199799,50.13827133,7257206357
7238272777,9.352954,53.29650879,50.28421402,7238272777
7253969062,1.178878,53.199039,50.135892,7253969062
7229632647,0.62549,53.217311,50.151622,7229632647
7230697555,-1.0,53.30721283,50.28923416,7230697555
7233013649,2.864631,53.23816664478711,50.28518743865442,7233013649
7236965909,-1.0,53.31895828,50.3134079,7236965909
7251954147,2.477122,53.23464364738513,50.27927903613461,7251954147
7239112767,1.985551,53.19184857323029,50.13092771605666,7239112767
7232470236,-1.0,53.31961823,50.31448746,7232470236
7238386644,1.941173,53.23020554,50.24577332,7238386644
7229473841,1.111071,53.2008179808356,50.14214936826028,7229473841
7231591637,-1.0,53.10079575,50.17557907,7231591637
7230988884,2.034075,53.18838501,50.14180374,7230988884
7240993874,-1.0,53.09354782,50.16259003,7240993874
7244870258,4.055275,53.24763489,50.23042297,7244870258
315285272,1.592863,55.869864,49.08207,315285272
7247678289,3.524556,53.243998,50.257857,7247678289
315286576,1.101222,55.736513,49.207034,315286576
315327764,3.382482,55.836484,49.139149,315327764
315217020,1.945279,56.314762,44.025309,315217020
315327489,0.980777,56.34265,43.940966,315327489
7252932548,1.474864,55.839092,49.059252,7252932548
7258552871,1.890201,55.828506,49.052443,7258552871
7248178433,0.393147,55.82466888,49.08146667,7248178433
7248680226,2.31386,55.83864212,49.11867523,7248680226
7229895515,0.886309,55.85791779,49.09815979,7229895515
7252628478,9.504026,55.87538627363112,49.23228142631252,7252628478
7231896793,7.035089,55.726452786640685,49.32671734551887,7231896793
7255413870,2.315819,55.83821869,49.11857605,7255413870
7259841819,9.267279,55.71029282,49.35406113,7259841819
7257920198,6.44311,55.686152,49.208912,7257920198
7245035326,0.887632,55.83576202,49.09107208,7245035326
7260149293,1.167925,55.8624649,49.09875107,7260149293
7260916778,-1.0,55.805575658258846,49.4438289759114,7260916778
7240506644,3.38881,55.77760696,49.23523331,7240506644
7247995899,3.951513,55.82801056,49.15808487,7247995899
7229905094,5.18841,55.80900955,49.20265198,7229905094
7251920706,2.81892,55.818736,49.143218,7251920706
7245988836,4.695361,55.877632,49.020625,7245988836
7260347916,-1.0,55.900713,49.264383,7260347916
7234718475,-1.0,55.61940663157338,49.39762266771645,7234718475
315057290,0.115103,53.206698,50.234114,315057290
7245551126,5.086908,55.79149376266029,49.24999625982129,7245551126
7249893395,2.524095,55.816485,49.138681,7249893395
7259270473,1.269692,55.75372314,49.16717529,7259270473
7247339558,1.296035,55.86470957951664,49.09755380315523,7247339558
7256726072,2.696061,55.769157181882704,49.093404575810325,7256726072
7229935817,0.845747,55.759167,49.177614,7229935817
7259729285,0.733278,55.78251648,49.13529587,7259729285
7235593118,1.088875,55.761041,49.150764,7235593118
7240581006,0.961111,55.74135208,49.20429611,7240581006
315290342,1.114208,53.200868,50.142396,315290342
315312388,-1.0,53.319576,50.314432,315312388
7260705228,1.076424,55.75545883,49.16711426,7260705228
315111718,1.175946,53.199066,50.135901,315111718
7258098062,0.961056,55.85977173,49.09806824,7258098062
7239729952,8.667041,55.866223,49.221731,7239729952
7229135311,0.290426,53.21002579,50.1384697,7229135311
7235142877,3.835713,53.18645859,50.09162521,7235142877
7234520970,3.950258,53.24768448,50.2596817,7234520970
7244852391,-1.0,53.30101395,50.32565308,7244852391
7250394822,-1.0,53.30574260418479,50.31373744476288,7250394822
7237366728,4.67684,53.24294281,50.19665527,7237366728
7246405123,1.060243,53.215483,50.163704,7246405123
7240967134,-1.0,53.32591629,50.31755829,7240967134
7231101210,-1.0,53.1154747,50.07859039,7231101210
315317527,3.767108,55.78854,49.223707,315317527
7247437081,1.724713,55.87076187,49.09048843,7247437081
315246708,2.553493,56.333549,43.85356,315246708
315319422,1.108328,56.338918,43.932926,315319422
7249070210,2.489068,55.81553268,49.1380806,7249070210
7243880081,1.031731,53.22102,50.151918,7243880081
7245356149,4.179239,53.249451,50.262339,7245356149
7238024555,1.620297,53.22681427,50.27839279,7238024555
7229313722,3.114385,56.28585434,43.99161148,7229313722
7247707655,5.185524,56.238292,43.980034,7247707655
7238643992,6.375753,56.28335571,44.08115005,7238643992
7249650683,1.051878,56.2900238,43.94324875,7249650683
7239738760,4.188061,56.29036383185202,44.04684558413654,7239738760
7238887250,0.522129,56.328664,43.918742,7238887250
7259083194,0.772994,56.33325,43.882342,7259083194
7243654184,0.949975,56.29229355,43.91953278,7243654184
7242748600,0.999827,56.302468,43.953139,7242748600
7235426531,2.904314,56.22641033694971,43.82055081895391,7235426531
7256602318,3.751764,56.27661514,43.98646545,7256602318
7246994486,2.770623,56.3231,44.03545,7246994486
7251922795,4.670659,56.28813553,44.05360794,7251922795
7243323930,6.968291,56.244755,43.745727,7243323930
7237219516,1.756963,56.22728348,43.86794281,7237219516
7252732979,1.442899,56.330949,43.871886,7252732979
7258779072,7.906892,56.248311,44.043302,7258779072
7254369510,6.911142,56.184405,43.899258,7254369510
7250876777,1.589525,56.31895065,43.88953018,7250876777
7248084182,4.138679,56.35377884,43.83903503,7248084182
7235973660,5.125914,56.20317078,43.81380081,7235973660
7245188275,8.151019,56.37946701,43.79257202,7245188275
7252357017,3.251529,56.354976,43.859687,7252357017
7241340423,1.901101,56.344666,43.871967,7241340423
7238396724,0.570376,56.3087616,43.94584274,7238396724
7259462521,1.1042,56.338893,43.93298,7259462521
315063970,-1.0,53.306379,50.282488,315063970
7239750071,4.626173,56.3546524,43.83070755,7239750071
7242001817,3.135562,55.82632065,49.14533615,7242001817
7258591450,5.532515,56.2660675,44.01876831,7258591450
315192803,2.605591,55.760241,49.248429,315192803
7251912008,6.607634,56.362461,43.801808,7251912008
315201949,8.615033,55.80099,48.953916,315201949
315205255,1.137666,55.836307,49.067131,315205255
315213387,1.892683,55.82047,49.05565,315213387
315214715,2.433136,55.728738,49.190838,315214715
315239965,0.921781,55.839527,49.096272,315239965
315250648,-1.0,55.864657,48.877155,315250648
315114728,2.157974,53.232023,50.253113,315114728
7247353058,2.506413,53.233694,50.295155,7247353058
315316686,1.149188,53.208365,50.187599,315316686
315316912,2.459193,53.186906,50.134949,315316912
315318371,6.056962,53.262908,50.212887,315318371
315317335,1.019998,56.232919,43.857001,315317335
315317742,6.376577,56.28334,44.081148,315317742
7230721217,0.738875,55.78261094555168,49.13548259010335,7230721217
7253869456,8.473952,53.147001,50.061988,7253869456
7253660343,2.380724,53.192803,50.112087,7253660343
7250707298,4.285981,53.251348,50.248227,7250707298
315266035,0.728313,55.744374,49.230543,315266035
315114040,2.258367,55.780441,49.192724,315114040
315114260,3.109313,55.841741,49.131854,315114260
315114499,1.799695,56.280367,43.955627,315114499
315136762,3.539316,55.735687,49.145239,315136762
315146899,1.804404,56.307611,44.020872,315146899
315153715,2.714214,56.218116,43.8662,315153715
315150194,1.986698,53.229015,50.26101,315150194
315160153,2.385995,55.748827,49.141844,315160153
315164406,1.344132,55.866344,49.094493,315164406
315164157,1.854882,56.300065,43.976953,315164157
315164159,2.480562,56.307586,44.032415,315164159
315167298,0.791598,53.212819,50.16074,315167298
315203806,0.535564,53.205582,50.12973,315203806
315199571,2.346497,55.767787,49.10495,315199571
315216543,0.390562,53.20926,50.140007,315216543
315217851,0.461854,53.213731,50.241687,315217851
315211281,1.904721,55.757496,49.237038,315211281
315233487,2.564688,55.814457,49.139158,315233487
315238943,1.523354,53.188109,50.216166,315238943
315237091,2.564688,55.814457,49.139158,315237091
315244326,2.423253,53.222433,50.193609,315244326
315262524,1.469095,53.191265,50.149834,315262524
315252273,3.774159,55.722264,49.172521,315252273
315281899,0.333137,53.201504,50.204479,315281899
315289850,8.446293,53.147477,50.061575,315289850
315292066,2.66185,53.227258,50.21463,315292066
315292067,3.23988,53.24194,50.247265,315292067
315292068,4.351687,53.251935,50.249323,315292068
315292069,2.816033,53.236912,50.235462,315292069
315292071,9.304378,53.143113,50.04978,315292071
315283746,3.26504,55.736635,49.154177,315283746
315292074,0.706429,53.218389,50.243313,315292074
315292282,2.127845,53.19215,50.121106,315292282
7230373760,2.769643,55.78546906,49.19191742,7230373760
7259630011,-1.0,55.9421463,49.03406525,7259630011
315292283,0.960486,53.219921,50.269481,315292283
315290438,0.412577,56.329387,43.910621,315290438
315289607,4.803898,55.807415,49.196856,315289607
315292284,6.041542,53.15022,50.138075,315292284
7246571211,0.630098,55.794366,49.116951,7246571211
315292879,0.538193,53.204158,50.181311,315292879
7232153350,0.560563,55.768025,49.173824,7232153350
315290747,3.774159,55.722264,49.172521,315290747
315301414,-1.0,53.30265,50.271439,315301414
7247749274,-1.0,55.86181259,48.8996315,7247749274
315294204,0.876709,56.246251,43.846041,315294204
315291453,3.039103,55.770471,49.240532,315291453
315302863,3.991715,53.237914,50.205512,315302863
7252645058,3.637252,56.31167603,43.85071182,7252645058
315303600,-1.0,53.392979,50.168232,315303600
315304129,1.490364,55.786804,49.158705,315304129
7260040484,4.109063,56.20963669,43.8263855,7260040484
315306062,0.833216,53.208009,50.20376,315306062
315305986,3.256617,56.355006,43.859624,315305986
315306897,2.935732,53.193574,50.099268,315306897
7251014359,5.046324,56.30329132,44.07323456,7251014359
315309323,1.475536,55.839087,49.059243,315309323
315307257,8.150853,56.379466,43.792574,315307257
7240373304,2.804373,56.21718597,43.8650856,7240373304
315311054,4.933148,55.805305,49.203046,315311054
315309273,1.445165,56.330864,43.871877,315309273
7245078380,6.085066,56.358607,43.807656,7245078380
315310170,1.763699,56.227215,43.867924,315310170
315313600,4.699017,55.877637,49.020562,315313600
315312418,0.999615,56.302463,43.953139,315312418
315309078,0.584253,53.214593,50.262734,315309078
315313993,3.918382,55.804127,49.182322,315313993
315310968,4.914201,53.250604,50.210309,315310968
315312657,0.952365,56.292303,43.919488,315312657
315314221,3.547062,55.822716,49.153935,315314221
315311126,0.826285,53.208931,50.221843,315311126
315312896,0.543474,56.272655,43.926917,315312896
315311297,2.378591,53.191492,50.115231,315311297
315313732,1.999829,56.320892,44.023611,315313732
315315917,0.705759,55.771727,49.136274,315315917
315312398,2.347977,53.200425,50.102529,315312398
315315026,3.129066,56.314247,44.044479,315315026
315313392,2.888956,53.226622,50.206051,315313392
315313716,2.742044,53.236788,50.289226,315313716
315314518,7.814602,53.147363,50.080008,315314518
315314904,2.01647,53.191524,50.131715,315314904
315315884,2.461008,53.234492,50.279165,315315884
314591238,1.704554,56.233479,43.835253,314591238
314596703,1.154401,56.343743,43.938864,314596703
314597528,4.475772,56.235911,43.962562,314597528
314604331,3.751462,56.334622,43.834238,314604331
314676990,3.165006,56.285558,43.988056,314676990
314689170,0.837796,56.329717,43.958753,314689170
7215958657,-1.0,53.34853947307482,50.21421901226664,7215958657
314736265,2.147741,56.328409,44.016578,314736265
314749296,0.980777,56.34265,43.940966,314749296
314762190,2.144706,56.311696,44.028372,314762190
314769251,1.60704,56.320148,44.017242,314769251
314881865,2.085802,56.344461,43.867808,314881865
314967218,0.591108,56.284594,43.937355,314967218
7207991875,1.589776,53.190391,50.148738,7207991875
314947630,2.750522,55.81649,49.142293,314947630
314973866,3.249443,55.722507,49.183516,314973866
314857951,0.887702,53.214626,50.161485,314857951
314954127,-1.0,53.319172,50.308899,314954127
314972526,1.611523,53.225495,50.264845,314972526
314973154,0.775749,53.205954,50.183242,314973154
7201051760,1.488862,56.255402,43.856363,7201051760
7217157093,0.846229,56.30680295691677,43.99928251548809,7217157093
7238527911,3.666937,56.335016,43.835639,7238527911
7219625265,1.970321,56.22452164,43.86220932,7219625265
7238616599,1.947026,56.224657,43.861034,7238616599
7224482938,2.772191,56.33319855,43.85002136,7224482938
314875344,2.85383,55.815079,49.143865,314875344
314930209,3.004188,55.79681,49.175045,314930209
7224864807,9.465277,53.14447784,50.04309464,7224864807
7241590446,0.582881,53.21431351,50.14122772,7241590446
7216602230,2.339613,53.19041824,50.11979294,7216602230
7226271351,0.379019,53.20080948,50.22597504,7226271351
314973058,1.18631,55.866096,49.081064,314973058
7226358818,1.915453,55.83691025,49.11143494,7226358818
7241565096,4.281201,55.796936,49.211014,7241565096
7241980061,8.734235,55.865712,49.222934,7241980061
7238221419,0.934984,55.86402512,49.08434296,7238221419
7220294803,0.800581,55.8155098,49.0857811,7220294803
7201666487,4.993297,55.78842926,49.25276566,7201666487
7205251703,1.304421,55.85040283,49.06596375,7205251703
314749201,6.968967,53.275073,50.279919,314749201
314749465,2.771904,53.237106,50.276434,314749465
314752933,1.390542,53.187828,50.178347,314752933
314756502,5.061786,53.256864,50.229416,314756502
314882079,3.344606,53.23102,50.187644,314882079
314897518,4.519142,53.253131,50.240061,314897518
314951073,4.013168,53.181002,50.09757,314951073
314969727,2.155677,53.220309,50.198244,314969727
314971807,3.417477,53.232885,50.186369,314971807
314972272,3.971135,53.236987,50.203589,314972272
314883252,0.538835,55.85342,49.076949,314883252
314883256,-1.0,55.84261,48.905317,314883256
7224299246,2.856528,53.22637558,50.20550156,7224299246
314884484,0.473798,55.767919,49.172216,314884484
7254315211,2.458375,53.186911,50.134958,7254315211
7221132356,3.969506,53.23698044,50.2036171,7221132356
314971203,0.934425,55.86402,49.084333,314971203
7228073676,1.750232,56.25630188,43.84605789,7228073676
7205340011,4.536357,56.34190369,43.82316208,7205340011
7201517774,2.102871,56.269606,43.874428,7201517774
7228845024,1.007556,56.30942535,43.97966766,7228845024
7204317318,3.38612,56.32019806,44.04741669,7204317318
7201693026,3.051339,56.286867,43.984777,7201693026
7238399175,1.466303,56.34560394,43.93492126,7238399175
7245130458,0.249409,56.32786,43.91063,7245130458
314723532,0.563588,56.245135,43.865238,314723532
7227935975,-1.0,53.10926,50.14174,7227935975
7203408132,0.910186,53.213671,50.162294,7203408132
7219426466,-1.0,53.10261871573282,50.16623512392048,7219426466
7246021010,3.994284,53.247937,50.235956,7246021010
7200643277,0.718002,53.209821,50.15915,7200643277
7225644515,5.09454,53.25311279,50.21217728,7225644515
314730823,2.23042,56.318546,44.028938,314730823
7228534692,1.693674,53.22804642,50.24758148,7228534692
314969940,1.183245,55.789932,49.142176,314969940
314970190,1.034854,55.767838,49.145581,314970190
314970272,2.072463,55.771337,49.103719,314970272
314746229,4.087254,56.361494,43.852599,314746229
314970546,0.461748,55.789714,49.125755,314970546
314746347,1.283256,56.257816,43.867027,314746347
314747530,3.595452,56.271471,43.980456,314747530
7224115983,1.105659,55.86452866,49.09243774,7224115983
314938975,0.807902,56.292493,43.932603,314938975
7197685975,5.269666,55.804046,49.222512,7197685975
7208704394,0.931808,55.81785202,49.0837326,7208704394
7213532700,0.21413,55.77632466840974,49.13936612815949,7213532700
7221671979,3.746844,55.78190994,49.23655319,7221671979
7213495179,4.658873,55.87388611,49.0176506,7213495179
314969849,5.657428,56.36641,43.825497,314969849
7226760730,0.63215,55.84236145,49.09229279,7226760730
7228580286,0.731058,55.84101868,49.09376526,7228580286
7226692882,3.942474,55.838066,49.148383,7226692882
7226762590,1.494813,55.778254,49.171479,7226762590
7211203340,1.242538,55.73748016,49.20262527,7211203340
7209439789,0.240966,55.793166,49.105588,7209439789
7213901469,0.414824,55.74688339,49.21545029,7213901469
7221926231,1.097976,55.78196335,49.15767288,7221926231
7226223216,1.470639,55.778112,49.170769,7226223216
7226477288,0.478879,55.767919,49.172323,7226477288
7217102907,2.516407,55.767580908509245,49.23369086126894,7217102907
7238789800,0.618594,55.83990479,49.09137726,7238789800
7215093759,2.070734,55.771413,49.103602,7215093759
7201348118,0.441215,55.769055361075466,49.165682379218126,7201348118
7229517466,2.702331,55.813415,49.141161,7229517466
7215809890,2.723517,55.74443543170244,49.14337550530233,7215809890
314770427,4.416607,53.243174,50.189737,314770427
314857863,-1.0,53.517405,50.140312,314857863
314876878,6.968967,53.275073,50.279919,314876878
314970188,-1.0,53.345661,50.217917,314970188
7209551119,4.137422,53.24529266,50.21822357,7209551119
7210864824,9.966004,53.112363,50.148136,7210864824
7219549218,6.60757,53.271754030024745,50.27707370235378,7219549218
7199922574,0.83351,53.2080307,50.2036705,7199922574
7213567433,3.439769,53.18449044725587,50.104132275131946,7213567433
7218634682,1.411806,53.19298553,50.14712906,7218634682
7225352742,4.413307,53.2524860667666,50.24960846675441,7225352742
7219685285,4.392168,53.25230178950782,50.24808823681927,7219685285
314969693,2.559571,55.813754,49.138942,314969693
314969825,2.370806,55.815544,49.136193,314969825
7201996088,2.089915,56.344516,43.867799,7201996088
7210093299,0.960675,56.265279565623246,43.8957325682053,7210093299
7225259042,1.860303,56.238427,43.828731,7225259042
7221693003,0.554521,56.32548904,43.92819977,7221693003
7206728718,0.466637,56.310942,43.999447,7206728718
7201900757,4.874885,56.292253,44.062481,7201900757
7206961563,1.058239,56.28284,43.944443,7206961563
7201475022,6.446443,56.367791,43.811151,7201475022
7201285705,4.331959,56.20852,43.822631,7201285705
7201237038,1.832802,56.226064,43.864969,7201237038
7201744091,1.75394,56.299231,44.00472,7201744091
7206103074,0.60289,56.24747467,43.858284,7206103074
7214067760,1.272238,56.32019424,44.01095581,7214067760
7202019391,1.281833,56.23688126,43.83955383,7202019391
7225561595,0.823666,56.307067,43.999456,7225561595
7210687597,1.94748,56.26980972,43.87951279,7210687597
7217059675,5.57563,56.28491560125623,44.06749764550781,7217059675
7215741778,0.728842,56.32572937,43.93386078,7215741778
7201330799,6.109293,56.299066,44.089,7201330799
7218685159,2.201555,53.232454,50.252682,7218685159
314968291,0.467547,53.201887,50.15367,314968291
7218171119,1.156729,53.21726227,50.16383743,7218171119
7223488796,2.928968,53.237963,50.23539,7223488796
314968794,1.902778,53.192938,50.127673,314968794
7201510022,4.519224,53.25313187,50.24006271,7201510022
7238708918,-1.0,53.51820374,50.13644791,7238708918
7254832216,1.015306,53.22039,50.268439,7254832216
7225171023,4.714885,53.24409866,50.19490433,7225171023
314948170,1.105495,55.86453,49.092427,314948170
314750327,2.065002,56.246296,43.825587,314750327
314754760,6.152423,56.285988,44.079801,314754760
314968838,1.021411,55.786151,49.142643,314968838
314968178,1.899188,56.267807,43.875353,314968178
7203458544,9.741437,53.11394884732797,50.15240846916723,7203458544
7199087966,6.893007,53.2743760421035,50.27912132275387,7199087966
7215150082,8.356682,53.14777756,50.0632019,7215150082
314896782,3.309222,55.836474,49.137603,314896782
314967259,1.489646,55.778213,49.171425,314967259
7227863548,1.49249,55.78712463,49.1581192,7227863548
7221769152,0.871184,55.743198,49.201608,7221769152
7219906295,3.001715,55.84213,49.130138,7219906295
7219043895,2.420484,55.767757,49.230732,7219043895
7219273797,1.755591,55.826842,49.05468,7219273797
7227664565,-1.0,55.81917953,48.90520096,7227664565
7208058159,3.037336,55.84210587,49.033741,7208058159
7213831366,0.960121,55.836625,49.094224,7213831366
7212107431,4.422574,55.80768204,49.18730545,7212107431
7209259226,1.745338,55.823252,49.12359,7209259226
7210688516,1.827339,55.820187,49.057096,7210688516
7221984695,0.844332,55.81776,49.111714,7221984695
7216313952,1.796309,55.82201123160426,49.125383531033975,7216313952
7217221474,2.375362,55.81553268,49.1362648,7217221474
7220531270,3.113079,55.7387085,49.15026093,7220531270
7205875641,0.798176,55.79063416,49.13400269,7205875641
7227140981,4.122988,55.835519273032496,49.15491883493914,7227140981
7213647084,1.628792,55.826276,49.117832,7213647084
7217114462,2.877607,55.84214,49.036291,7217114462
314966870,7.705787,53.150496,50.074097,314966870
314967094,0.775749,53.205954,50.183242,314967094
7208674236,2.521996,56.32214,44.031813,7208674236
7211230503,5.27766,53.25956345,50.23495102,7211230503
7229956632,1.097496,53.195587,50.149313,7229956632
7223051938,2.495612,53.222579,50.189683,7223051938
7227232801,0.567899,53.2040062,50.1823082,7227232801
7215336438,2.316227,53.200069,50.103355,7215336438
7218623364,1.538714,56.264562,43.876907,7218623364
7206590540,5.786371,56.27093506,44.04676819,7206590540
7213009572,0.915947,56.24379,43.843571,7213009572
7213558377,4.61943,56.20716095,43.81775284,7213558377
7225452688,0.621104,56.331468,43.942224,7225452688
7219290344,5.702792,56.264547,44.01921,7219290344
7208304037,4.127884,56.20945429450634,43.82635286376835,7208304037
314951362,3.98287,55.791623,49.221237,314951362
314908913,1.627601,56.341468,43.916613,314908913
314966932,1.225828,56.233824,43.844901,314966932
7221502155,3.567879,55.822693453065625,49.154281287091855,7221502155
7223852645,1.471361,55.82611952323542,49.11461084770463,7223852645
7224609477,3.981362,55.79157930383643,49.22132923821681,7224609477
7209058612,0.385179,55.788955,49.126393,7209058612
7225629716,5.167386,53.255119,50.216462,7225629716
7206667565,0.706763,53.193974,50.177844,7206667565
7225044857,1.592467,53.215429,50.214612,7225044857
7225215344,1.592467,53.215429,50.214612,7225215344
7203736784,0.761511,56.32973825158464,43.88428471904922,7203736784
7222265512,1.723115,56.241704,43.830231,7222265512
7212356588,2.766907,56.349375,43.860783,7212356588
314918512,1.380411,53.223883,50.274475,314918512
314964238,1.611523,53.225495,50.264845,314964238
7197890623,4.772327,53.1830101,50.07814026,7197890623
7203623683,7.393278,53.27828979,50.26737976,7203623683
7208425894,4.002032,55.797984,49.194341,7208425894
7209496379,1.184741,55.749972,49.185645,7209496379
7198389770,8.911968,55.86293793,49.2263298,7198389770
7217348221,-1.0,53.3253212,50.31370544,7217348221
7254868996,1.587764,55.825042,49.057869,7254868996
314766522,4.498301,56.232073,43.958124,314766522
314955249,1.24475,55.823019,49.114616,314955249
314954395,3.950049,55.78565,49.234783,314954395
314896797,0.892669,53.206353,50.185228,314896797
314954589,3.950049,55.78565,49.234783,314954589
314954903,3.950049,55.78565,49.234783,314954903
314954962,3.950049,55.78565,49.234783,314954962
314954993,1.157694,55.821917,49.114238,314954993
314955006,3.500587,55.82799,49.15044,314955006
314955046,3.500587,55.82799,49.15044,314955046
314955122,3.909844,55.78931,49.225764,314955122
314955177,1.192618,55.822599,49.114122,314955177
314955448,3.615845,55.828258,49.152228,314955448
314955545,3.615845,55.828258,49.152228,314955545
314955605,3.658149,55.829431,49.152111,314955605
314955673,3.658149,55.829431,49.152111,314955673
314955708,3.659538,55.828086,49.15309,314955708
314955720,3.659538,55.828086,49.15309,314955720
314955748,1.24475,55.823019,49.114616,314955748
314947490,3.635825,56.341109,43.837777,314947490
314955755,3.691596,55.827621,49.153935,314955755
314955761,3.691596,55.827621,49.153935,314955761
314955800,3.726804,55.828536,49.153935,314955800
314955807,3.726804,55.828536,49.153935,314955807
314953839,1.433719,56.279092,43.948306,314953839
314955806,2.573917,56.293202,44.012814,314955806
314956040,0.49794,56.335316,43.941541,314956040
314868681,1.186949,55.839572,49.063771,314868681
7217339658,-1.0,53.09167715835439,50.16080627672457,7217339658
314953138,2.400211,55.759086,49.24585,314953138
314953163,1.20445,55.765017,49.147341,314953163
314954358,3.950049,55.78565,49.234783,314954358
314799096,2.350462,56.293172,43.985819,314799096
314831183,1.918665,56.341543,43.867637,314831183
314951537,0.434542,56.270306,43.914241,314951537
314952137,2.159798,56.322984,44.024662,314952137
314951857,0.797452,55.790631,49.133992,314951857
314948942,3.523901,53.243993,50.257848,314948942
314950946,0.657886,53.212787,50.158727,314950946
314948251,1.601181,56.315126,44.019686,314948251
314949982,1.630134,55.834477,49.059145,314949982
314950281,1.827339,55.820187,49.057096,314950281
314931890,0.406812,55.76214,49.170275,314931890
7197474287,1.389398,53.19643402,50.14262009,7197474287
7198459591,8.402927,53.28657532,50.22137451,7198459591
7254825773,2.887904,53.22661867603948,50.205982050570384,7254825773
314948003,1.351635,55.825881,49.061408,314948003
314880099,3.894419,53.247657,50.254227,314880099
314948111,1.023261,55.863469,49.076078,314948111
314947342,-1.0,53.122583,50.092315,314947342
314948369,0.76176,53.197291,50.153751,314948369
314948895,8.335238,53.285949,50.221349,314948895
7201865551,2.347447,56.294171,44.007783,7201865551
7227807909,0.827466,56.33693941923886,43.883216725055775,7227807909
7209433433,0.807716,56.292483,43.932648,7209433433
7209361961,3.086126,56.343803,43.848691,7209361961
314842768,2.188947,56.263027,43.854836,314842768
314942560,4.468827,56.207874,43.820278,314942560
314943394,4.509963,56.283989,44.043249,314943394
314943487,0.738004,56.248031,43.86319,314943487
314943543,2.547788,56.331348,43.853794,314943543
314943566,0.06475,56.299286,43.937256,314943566
314943701,1.308297,56.231028,43.865265,314943701
314944231,1.152186,56.257678,43.923288,314944231
314944331,0.780053,56.279877,43.936196,314944331
314944396,0.752987,56.310013,44.00401,314944396
314837477,1.810143,55.786202,49.166332,314837477
314944732,1.899188,56.267807,43.875353,314944732
314945224,1.716228,56.241584,43.830348,314945224
314945834,2.097592,56.269576,43.874509,314945834
314842660,-1.0,55.848028,48.904077,314842660
7203178924,3.793307,53.234696,50.191525,7203178924
7219662620,-1.0,53.12244040824618,50.09225759319399,7219662620
7209795909,1.397441,53.21286774,50.19296265,7209795909
314946042,1.345244,55.819904,49.119035,314946042
7223714928,4.624674,53.24664919225937,50.2081811498404,7223714928
7197268390,7.138967,53.27656581974858,50.27815180600949,7197268390
7225204473,3.01134,55.816793,49.146452,7225204473
7221535722,0.40756,55.824577,49.084073,7221535722
7225069995,1.351531,55.825886,49.061408,7225069995
314797024,2.102447,53.1968,50.111018,314797024
7219857996,4.227084,55.744161,49.108714,7219857996
7209793032,3.889709,55.72347,49.168218,7209793032
7209778464,1.317729,55.76521,49.145536,7209778464
7225747236,3.005591,55.816601,49.146362,7225747236
7197254402,0.866621,55.827039,49.068909,7197254402
7225758727,3.01134,55.816793,49.146452,7225758727
7226091645,1.345244,55.819904,49.119035,7226091645
314823253,4.417453,53.252522,50.249727,314823253
7225552178,3.021275,55.81871,49.146461,7225552178
7225323937,3.050108,55.818144,49.146991,7225323937
7225903120,3.026074,55.81692338657712,49.14668452651977,7225903120
7225210765,0.428739,55.820126,49.095868,7225210765
7218822634,1.623862,55.86993027,49.07951736,7218822634
7198676501,1.108363,55.741911,49.198204,7198676501
7225892680,3.01134,55.816793,49.146452,7225892680
7197130162,0.478879,55.767919,49.172323,7197130162
7225938485,2.758194,55.731647,49.179016,7225938485
7225120984,3.01134,55.816793,49.146452,7225120984
7209600863,7.671887,55.710479,49.325935,7209600863
7209914674,3.843946,55.780502,49.240479,7209914674
7209165557,0.762377,55.819778,49.109145,7209165557
7225356641,3.533067,55.7884407,49.21657562,7225356641
7225608273,0.669309,55.855396,49.095284,7225608273
7225074054,3.013675,55.8189854770438,49.14629790876743,7225074054
314941407,4.307805,53.249252,50.226568,314941407
314942873,1.096818,53.200323,50.139809,314942873
314943015,0.447704,53.203554,50.226254,314943015
314944401,-1.0,53.319683,50.289172,314944401
314840348,5.140329,55.792701,49.249111,314840348
7213518651,0.693404,53.217381,50.267343,7213518651
314944767,0.314947,55.841837,49.087244,314944767
314944808,3.890624,55.723481,49.168173,314944808
314944814,3.33688,55.825725,49.029527,314944814
314945051,5.694236,55.8019,49.243461,314945051
314813149,1.821871,56.256453,43.844029,314813149
314888457,2.049349,56.263642,43.860423,314888457
314924707,2.794357,56.291234,44.013694,314924707
314941238,1.292913,56.336907,43.874994,314941238
314942158,1.147471,56.333724,43.923898,314942158
314942528,2.52437,56.32216,44.03184,314942528
314942991,2.194074,56.309439,44.028498,314942991
314943108,5.658325,56.274799,44.052519,314943108
314943222,1.847607,56.34291,43.870538,314943222
314837245,0.412001,55.791486,49.107483,314837245
314837678,0.614267,55.781975,49.13843,314837678
314839536,3.021129,55.838435,49.130031,314839536
7225720868,3.646993,55.826827,49.153665,7225720868
7206334700,0.548086,55.762394,49.173797,7206334700
7222462750,6.667479,53.27227402,50.27652359,7222462750
7225337312,3.646993,55.826827,49.153665,7225337312
7200082040,0.911219,53.20064163,50.1473465,7200082040
7225275113,4.197033,55.807531,49.181765,7225275113
7223718071,0.724125,53.20837436643825,50.12353621917285,7223718071
7225976725,3.363329,55.82587577579344,49.14945558781157,7225976725
7213681473,-1.0,53.09810257,50.17337036,7213681473
7225830685,3.646993,55.826827,49.153665,7225830685
7213789330,-1.0,53.30637741,50.28248978,7213789330
7225589833,3.646993,55.826827,49.153665,7225589833
7225918527,3.336846,55.82588936563064,49.14900331954165,7225918527
7225333612,2.81892,55.818736,49.143218,7225333612
7225117149,3.646993,55.826827,49.153665,7225117149
7225477436,3.646993,55.826827,49.153665,7225477436
7225368085,2.726186,55.78036602936434,49.215553989833744,7225368085
7225438190,2.679186,55.78064461773153,49.21342586167386,7225438190
7225507133,4.007884,55.80698764512839,49.1778606455078,7225507133
7225309869,-1.0,55.852758,48.900269,7225309869
7219148383,4.832913,55.815023,49.181603,7219148383
7225367520,4.719282,55.801275646712064,49.20939842875694,7225367520
7219697735,3.86582,55.805224,49.178414,7219697735
7221116813,-1.0,55.866364,48.874433,7221116813
7228653494,3.365404,55.78118515,49.22952652,7228653494
7225929365,2.73695,55.78146145243774,49.21279667283037,7225929365
7203263149,-1.0,55.85384,48.900978,7203263149
314776673,1.40144,53.196477,50.142369,314776673
7224754608,0.557389,55.795939,49.115792,7224754608
7226808815,2.67688,55.792043,49.175827,7226808815
7225070998,3.047085,55.817428795647565,49.14699957998589,7225070998
314893786,1.40144,53.196477,50.142369,314893786
314895784,-1.0,53.115622,50.072525,314895784
314939058,1.387157,53.188109,50.181033,314939058
314939896,2.437431,53.233775,50.259141,314939896
314940144,2.507791,53.186345,50.134877,314940144
7224181193,3.00115,53.23962,50.25367,7224181193
7225328949,5.311059,53.256692,50.217073,7225328949
7225354922,-1.0,53.093624,50.158898,7225354922
7225607817,4.16206,53.246908,50.222741,7225607817
7225640292,2.967804,53.239137,50.281797,7225640292
314897495,8.982531,55.860054,49.22783,314897495
7225699891,0.469162,53.201893,50.153643,7225699891
7225762663,3.013202,53.232864,50.218079,7225762663
7225841497,1.873521,53.201569,50.109527,7225841497
7225139699,-1.0,53.322599,50.315115,7225139699
7213164024,1.687498,53.221651,50.168357,7213164024
7213211546,2.592372,53.23613,50.248649,7213211546
7222080398,1.295278,53.195036,50.14607,7222080398
7225327167,4.825736,53.25479,50.23017,7225327167
7205801908,9.938864,53.113341,50.142486,7205801908
7225232849,-1.0,53.112925,50.133224,7225232849
314935524,0.804914,55.751492,49.22112,314935524
314936294,2.316351,55.81998,49.134864,314936294
314939094,3.303985,55.794867,49.184594,314939094
7224226552,3.164616,55.793202,49.183992,7224226552
7228018837,2.320155,55.819975,49.134927,7228018837
7226411161,3.865197,55.782765,49.237739,7226411161
7197433513,-1.0,55.620316,49.388251,7197433513
7225968294,4.06704,55.806272,49.181307,7225968294
7225301158,4.197033,55.807531,49.181765,7225301158
7225674032,5.318427,55.812646,49.198976,7225674032
7197825945,-1.0,55.810633,49.440003,7197825945
7225210159,2.715383,55.81898924228312,49.14151725396728,7225210159
7227766643,0.78847,55.756113,49.214805,7227766643
314892477,2.201555,53.232454,50.252682,314892477
7205248791,2.197722,56.30944443,44.02856064,7205248791
7206328449,0.475648,56.238432,43.862058,7206328449
7203737254,2.991573,56.3039093,43.88400269,7203737254
7209591008,0.395269,56.28176117,43.92988205,7209591008
7205624175,0.691683,56.28606415,43.93889999,7205624175
314931447,4.737835,53.254752,50.236027,314931447
7225521169,0.394707,56.279427,43.917943,7225521169
7224232285,3.533493,56.268276,43.976504,7224232285
7206072878,4.276548,56.212019,43.902456,7206072878
314937307,2.998658,53.229263,50.210524,314937307
314910156,0.468983,56.276893,43.92892,314910156
314932852,0.691113,56.286063,43.938891,314932852
314934006,6.739608,56.366754,43.804045,314934006
314934130,5.795116,56.260593,44.010478,314934130
314934219,6.156993,56.285004,44.078831,314934219
314934564,0.395619,56.281756,43.929872,314934564
314935801,1.751427,56.299241,44.004657,314935801
314935979,2.085802,56.344461,43.867808,314935979
314885457,1.495485,55.787133,49.158175,314885457
7211909918,0.975148,53.20818329,50.20782852,7211909918
7211428491,4.649522,53.248099,50.211099,7211428491
7201089411,1.36769,53.198047,50.141246,7201089411
7213676770,9.785482,53.300368,50.278572,7213676770
7212039966,0.448009,53.209449,50.14369,7212039966
7209863304,2.156385,53.220314,50.19819,7209863304
7225822021,1.708382,53.227015,50.153616,7225822021
7225635867,1.652036,53.19612122,50.12376404,7225635867
7211650064,2.158061,53.232023,50.253122,7211650064
7225415652,3.680033,53.235419,50.20765,7225415652
314935237,2.14952,55.79061,49.166835,314935237
7227917522,9.56612,53.12643433,50.09486771,7227917522
314935848,3.861507,55.782714,49.237739,314935848
7219521310,3.896123,55.806039,49.177174,7219521310
7218960634,3.843946,55.780502,49.240479,7218960634
7203847636,8.803763,55.706979,49.343048,7203847636
7225439907,3.890875,55.80593701158357,49.17729308560756,7225439907
7212460268,4.15803,55.711427,49.185825,7212460268
7212472150,-1.0,55.620316,49.388251,7212472150
7199280450,0.48511,53.213035,50.241184,7199280450
7212550617,0.693117,55.754269,49.194422,7212550617
7206996709,0.791297,55.79620743,49.11949158,7206996709
7199299597,6.527019,53.251218,50.355962,7199299597
7214604850,4.927265,53.24776077,50.19229889,7214604850
7214195735,-1.0,55.62056467402658,49.38753261261465,7214195735
314931838,1.74913,55.791496,49.153225,314931838
7201358659,-1.0,55.818695,48.899685,7201358659
7218931873,0.613419,53.210996960238965,50.15803915029026,7218931873
7225685850,3.904767,55.80614688487217,49.17713566840694,7225685850
314931847,0.28079,55.786779,49.121012,314931847
7198035341,2.947959,55.732636,49.173096,7198035341
7213512374,1.24956,55.810688,49.081423,7213512374
7208487743,-1.0,55.873647,49.294162,7208487743
7225108459,3.652195,55.824857947447214,49.154784354492186,7225108459
7202112410,3.164699,55.79320145,49.18399429,7202112410
314931908,2.886415,55.732393,49.174794,314931908
7201371646,3.927263,55.786591,49.232448,7201371646
7219011125,-1.0,55.62093143976404,49.387520859624445,7219011125
314934250,0.412604,55.82754,49.089094,314934250
7211616977,-1.0,55.620316,49.388251,7211616977
7203356583,2.739744,55.745346,49.140559,7203356583
7202489977,0.72206,55.78607941,49.11348343,7202489977
7214797871,-1.0,55.620316,49.388251,7214797871
7212592755,2.838816,55.742321,49.14629,7212592755
7225186551,3.634277,55.824754,49.154537,7225186551
314933331,4.287636,53.246816,50.311684,314933331
314788220,4.906206,56.204219,43.817502,314788220
314827939,1.738102,56.275644,43.950147,314827939
314827945,0.842525,56.306857,43.999357,314827945
314874277,1.417113,56.263372,43.877222,314874277
314928377,1.541281,56.264577,43.876872,314928377
314929517,3.301605,56.330405,43.841712,314929517
314929555,1.108733,56.274659,43.938999,314929555
7220002981,0.8253,56.23517974881407,43.853074064806094,7220002981
7210985726,0.216737,56.264917,43.915571,7210985726
314929624,0.071603,56.321216,43.92627,314929624
7205087821,6.477114,56.36600113,43.80825043,7205087821
314929711,0.071603,56.321216,43.92627,314929711
7221889830,0.469507,56.27689362,43.92892838,7221889830
314929880,0.743341,56.333509,43.937993,314929880
7211220515,7.156934,56.18945,43.925713,7211220515
314930049,5.427885,56.302218,44.079109,314930049
7225850578,4.439685,56.229261,43.952384,7225850578
314930215,2.220196,56.22218,43.860729,314930215
7214533990,0.842525,56.306857,43.999357,7214533990
314930541,0.79472,56.306872,43.997048,314930541
7199727349,1.556542,56.22912979,43.84848404,7199727349
314931595,3.873203,56.279012,43.994614,314931595
7215230311,0.097627,56.277018,43.920197,7215230311
7201559923,6.075755,56.285903,44.078274,7201559923
7199675528,1.413954,56.26335144,43.8772583,7199675528
7228074516,0.68843,56.2630806,43.89771271,7228074516
7201046926,5.393198,56.267562,44.019892,7201046926
7228936906,0.651485,56.341082286606415,43.95060178251836,7228936906
7225223630,2.638874,53.224633,50.201703,7225223630
7216028226,7.70034,53.15008545,50.07538986,7216028226
7226028327,1.512004,53.22625,50.24484,7226028327
7204642046,-1.0,53.326186,50.316454,7204642046
7225926376,4.124632,53.181466,50.093977,7225926376
314930559,0.844958,55.7664,49.179797,314930559
314930562,2.346497,55.767787,49.10495,314930562
314931498,0.936558,55.863677,49.080255,314931498
314931527,1.925701,55.750783,49.247009,314931527
7226615138,8.797741,55.860403,49.224839,7226615138
314825077,0.604094,53.196256,50.195055,314825077
7202275558,1.43689,55.75223731029648,49.16785576937016,7202275558
7203991047,-1.0,55.62031174,49.38825226,7203991047
314926458,2.910307,53.238254,50.238192,314926458
314926524,3.156544,53.171946,50.174161,314926524
314926866,1.664811,53.195312,50.126712,314926866
314927306,0.916642,53.209821,50.167693,314927306
314927781,4.523397,53.252091,50.230871,314927781
314928080,0.967819,53.204778,50.122112,314928080
314928368,4.649996,53.253077,50.229694,314928368
314895708,0.962858,55.741404,49.204241,314895708
7207408739,5.747348,53.25878906,50.20915985,7207408739
314897485,2.477578,55.776456,49.217886,314897485
7209084593,0.734439,53.20647262527304,50.17274042639407,7209084593
7217899866,-1.0,53.312851,50.298073,7217899866
7199876758,5.586335,53.257047,50.208818,7199876758
7199463876,2.086488,53.219101,50.207434,7199463876
7197187344,0.871048,53.20959473,50.16699219,7197187344
7217020578,-1.0,53.321378,50.314028,7217020578
314926499,3.314024,55.828769,49.146632,314926499
314926719,0.822627,55.77557,49.129707,314926719
314927570,6.834069,55.834694,49.202588,314927570
314927706,2.545188,55.746188,49.143811,314927706
314928892,8.797708,55.860398,49.224839,314928892
314772646,0.999615,56.302463,43.953139,314772646
314822505,4.509907,56.246516,43.976737,314822505
314826934,4.294616,56.229241,43.949006,314826934
314923001,1.147129,56.252357,43.857306,314923001
7225823600,1.149196,55.86349,49.096497,7225823600
7225066555,1.149196,55.86349,49.096497,7225066555
7217272989,3.579774,55.797367,49.186696,7217272989
7211600609,0.670333,55.821082,49.105462,7211600609
7198866742,2.080912,55.7586,49.239104,7198866742
7198563094,1.404446,55.788292,49.152471,7198563094
7207864979,7.120915,55.72502852448086,49.32739469311514,7207864979
7218114780,2.446893,55.825421,49.043855,7218114780
314926141,5.398699,55.814846,49.196335,314926141
7206431350,2.997522,55.768491,49.243227,7206431350
7206649242,3.134806,55.840447,49.132187,7206649242
7226597757,3.827063,56.29411697,44.04461288,7226597757
7206458298,3.023779,55.838445,49.130076,7206458298
7198996054,1.227666,55.784197,49.10521,7198996054
7211435031,6.717443,56.36100006,43.79836655,7211435031
7227927382,3.652729,55.73456573,49.1453476,7227927382
7205609357,1.165427,56.31992722,44.00918579,7205609357
7218055703,3.384688,55.737147,49.145428,7218055703
7202824410,3.201235,56.28505707,43.99241257,7202824410
7197878598,2.325726,55.81296539,49.13496399,7197878598
7201864272,0.721136,56.235586,43.857899,7201864272
7200499276,1.646603,55.75172,49.155435,7200499276
7202510982,0.742444,56.31213,43.982307,7202510982
314926165,0.414677,55.795823,49.11352,314926165
7226804164,0.511217,55.829926,49.075081,7226804164
7226641242,-1.0,55.807066,49.435682,7226641242
7211451312,1.998632,56.328504,44.012436,7211451312
7200526119,0.775886,55.830685,49.094125,7200526119
7202474777,1.24555,56.310977,43.974447,7202474777
7213747635,2.146899,56.31173706,44.02841568,7213747635
7224614296,-1.0,55.84802246,48.90414047,7224614296
7206379554,1.608808,56.244785,43.832531,7206379554
7216221776,7.031991,55.68223080248718,49.1936034788513,7216221776
7198304340,1.784694,55.824086,49.055048,7198304340
7206620448,4.115821,56.232419,43.95056,7206620448
7207097015,2.871719,55.77647781,49.22642899,7207097015
7214147788,1.270312,56.3252,43.993428,7214147788
7226669675,3.314195,55.828784,49.146623,7226669675
7225032091,2.173388,56.22394562,43.87105942,7225032091
7201506289,1.754793,56.346581,43.929854,7201506289
314824112,3.02562,53.239412,50.27647,314824112
7215047728,0.650988,56.31243515,44.00415421,7215047728
7218086169,1.501587,56.34478378,43.93240356,7218086169
7218806658,5.430366,56.274994,44.047057,7218806658
7206646155,1.147686,56.252362,43.857306,7206646155
7206668745,0.670667,56.262567,43.896311,7206668745
7221600402,1.703063,56.34384918,43.91470718,7221600402
314925354,1.848877,53.217537,50.20129,314925354
314925547,7.183951,53.276856,50.262222,314925547
314925941,1.750363,53.194438,50.127116,314925941
7217657394,0.784384,53.20822525,50.21665192,7217657394
7219937202,0.725068,53.209319,50.160075,7219937202
7210153570,3.775081,53.24619293,50.23816681,7210153570
7199390798,0.515905,53.20490977974926,50.176504810188064,7199390798
7207188504,0.705971,53.21780014,50.15294266,7207188504
7215049612,5.257629,53.25846481,50.22803116,7215049612
314823721,2.161424,55.79263,49.162954,314823721
7199359090,3.486543,53.18518448,50.1014595,7199359090
7215530495,4.08703,53.18636703,50.08679962,7215530495
7199048927,4.069595,53.24937439,50.25088501,7199048927
7200698046,3.943953,53.24224091,50.17955017,7200698046
7201365720,-1.0,53.093532,50.161054,7201365720
7227132730,4.803427,53.24978638,50.21126175,7227132730
7206926329,-1.0,53.1032598516272,50.03420755418557,7206926329
314712191,2.885723,53.230805,50.217289,314712191
314768240,1.819865,56.260373,43.858411,314768240
314897665,1.147129,56.252357,43.857306,314897665
314920670,1.772453,56.346691,43.929648,314920670
314921062,1.749294,56.346951,43.930699,314921062
7212977711,1.048028,53.21607971,50.16305923,7212977711
7212875302,6.693317,53.27253342,50.27731323,7212875302
7226539352,4.440632,53.25194931,50.2352829,7226539352
7199640358,0.536941,53.20558548,50.12968445,7199640358
7227220442,-1.0,53.507488,49.835298,7227220442
7216954815,-1.0,53.09645844,50.16748428,7216954815
7227575299,1.669231,56.34269333,43.91581345,7227575299
7203920549,0.679884,56.28323364,43.91742325,7203920549
7218050249,4.874958,56.29225159,44.06248093,7218050249
7222434813,2.261588,56.30858612,44.02924347,7222434813
7201066123,1.328086,56.249577,43.841379,7201066123
7209074148,2.409792,56.29271698,43.98509216,7209074148
7223510031,6.643652,56.368564,43.808213,7223510031
7224785851,3.783098,56.35861588,43.85411835,7224785851
7216137150,4.662636,56.28135681,44.04154968,7216137150
7222042937,2.810661,56.21701431,43.8636322,7222042937
7197427557,1.492212,56.32063675,43.88673401,7197427557
7209853185,-1.0,55.811209,49.433437,7209853185
7203809846,8.95599,53.13603592,50.07981873,7203809846
7226687454,0.513962,55.78049088,49.14788818,7226687454
7224393960,4.798794,55.81253815,49.18580627,7224393960
7225755375,0.744425,55.845673,49.09214,7225755375
7206252970,0.670115,55.74844661009287,49.19826421014824,7206252970
7225533634,0.697324,55.845597,49.091322,7225533634
7225424528,0.744425,55.845673,49.09214,7225424528
7225951824,0.697324,55.845597,49.091322,7225951824
7200439171,0.960132,55.83662415,49.09422302,7200439171
7197880586,5.189033,55.809029,49.202633,7197880586
7227611553,3.336881,55.82558708743748,49.02954746822084,7227611553
7221264028,1.075502,55.75363541,49.17836761,7221264028
7206046039,1.404446,55.788292,49.152471,7206046039
7225971479,2.743218,55.72483266930491,49.19100463494868,7225971479
7225153887,2.992344,55.723367319194246,49.187936187835646,7225153887
7221861305,3.411714,53.241422,50.229982,7221861305
7225710911,2.681135,55.72531572825361,49.19152152702786,7225710911
7201294165,2.455091,53.19432449,50.10765076,7201294165
7199116044,8.331378,55.70923996,49.33666229,7199116044
7226017048,2.922002,55.724016452869726,49.18831906951455,7226017048
7200181375,4.297377,53.25098801,50.25836945,7200181375
7225795724,5.56685,55.80644696894863,49.22460902908327,7225795724
7227956476,0.629291,53.2169075,50.26844788,7227956476
7200525415,6.272627,55.687573,49.211238,7200525415
7213947595,2.915227,55.791005,49.18181,7213947595
7221174766,8.573633,55.799821,48.955425,7221174766
7225715734,5.566563,55.80640220423546,49.22479023717773,7225715734
7207493414,1.193524,55.86221695,49.09963989,7207493414
7220278019,0.811825,55.84244156,49.09515762,7220278019
7204268090,1.148415,55.86228084845591,49.09862048429569,7204268090
7200439986,4.832777,55.81502151,49.18160248,7200439986
314907887,5.954802,53.150425,50.142342,314907887
314917367,7.708373,53.136053,50.129757,314917367
7199259741,1.686029,53.185886,50.20217,7199259741
7211327007,0.928883,53.20132446,50.132164,7211327007
7199085205,1.398322,53.196477,50.142423,7199085205
7211208069,4.33099,56.356008,43.838028,7211208069
7213004004,4.413273,56.241629,43.968913,7213004004
7211688312,0.480614,56.283075,43.921033,7211688312
7225081120,5.04534,56.25694656,43.99489212,7225081120
7211165785,5.584888,56.356752,43.815041,7211165785
7200753879,3.529371,55.73554,49.146326,7200753879
7225222848,5.555675,55.806337209215634,49.22461447963652,7225222848
314724300,-1.0,53.317973,50.310776,314724300
7218180566,-1.0,53.098551011608855,50.1713897575702,7218180566
7227668659,0.76619,53.196261,50.207964,7227668659
314695079,2.942037,53.23911,50.253311,314695079
314910155,8.356584,53.147779,50.063201,314910155
7221155584,3.53783,53.233575,50.187761,7221155584
7221368631,2.830448,53.228934,50.214369,7221368631
7205391487,1.232297,56.320253,43.977752,7205391487
7223222547,0.308791,56.264412,43.909965,7223222547
7223274518,5.973085,56.34641266,43.80120468,7223274518
314902745,1.054274,56.257763,43.875551,314902745
314910013,0.520601,56.334946,43.957989,314910013
7223485298,-1.0,55.81356650898131,48.90990156272858,7223485298
314910157,2.200974,53.194589,50.112707,314910157
7227495479,3.999368,53.24132156,50.18341446,7227495479
314886269,2.085802,56.344461,43.867808,314886269
314908435,3.332176,56.351649,43.85233,314908435
314908053,2.651705,55.828637,49.134873,314908053
314908185,1.668206,55.870541,49.082016,314908185
314908674,2.670077,55.829001,49.134828,314908674
314908813,5.143605,55.804891,49.211607,314908813
314908850,0.661131,55.748549,49.198366,314908850
314909048,0.934604,55.770512,49.152075,314909048
314907866,4.351746,55.864763,49.017032,314907866
314907963,0.999854,55.768051,49.183292,314907963
314776591,1.496898,56.321496,43.974096,314776591
314789459,2.294296,56.321756,44.028121,314789459
314906421,1.908937,56.306583,44.021905,314906421
314836495,2.127093,55.786769,49.171686,314836495
314697501,2.456252,53.234373,50.278006,314697501
314905498,3.540066,53.233645,50.187698,314905498
314904116,1.474537,55.787872,49.155938,314904116
314904117,1.146418,55.75401,49.225378,314904117
314797334,2.239886,56.266992,43.864385,314797334
314901647,0.672552,56.283205,43.917565,314901647
314903177,3.78061,56.358612,43.854171,314903177
314889514,1.71705,53.225846,50.295406,314889514
314903291,1.479127,53.218977,50.167747,314903291
314695720,3.25576,53.240533,50.23274,314695720
314894721,0.635219,53.204023,50.136341,314894721
314894797,5.763611,53.255911,50.200517,314894797
314894825,0.539993,53.211676,50.237824,314894825
314895773,2.994588,53.228713,50.20933,314895773
314895800,1.631022,53.186685,50.194022,314895800
314895867,4.538332,53.252942,50.236135,314895867
314746826,1.407101,56.341677,43.911807,314746826
314897071,1.048546,53.21606,50.163084,314897071
314789285,1.970949,56.266682,43.870242,314789285
314899360,4.342075,53.251428,50.238875,314899360
314789376,5.89204,56.367722,43.822523,314789376
7198516600,2.955296,55.78063965,49.22096634,7198516600
7208312155,1.980867,55.771793,49.105031,7208312155
314823310,1.164996,56.284114,43.946581,314823310
7226947319,0.96121,55.741353,49.204294,7226947319
314831091,5.451317,56.301269,44.079064,314831091
314887211,2.096622,56.295415,43.986565,314887211
7211234156,4.303281,56.302997,43.851584,7211234156
7201669765,1.317282,56.325574,43.991946,7201669765
7201646337,5.636831,56.27224,44.045917,7201646337
7201552929,4.50022,56.306318,43.840625,7201552929
314897257,2.699145,56.217941,43.862337,314897257
7201431151,7.792356,56.249477,44.043509,7201431151
7211303594,5.050722,56.301629,44.072534,7211303594
314897931,0.436277,56.270166,43.915517,314897931
7201770115,5.440565,56.296594,44.07619,7201770115
7201781254,1.233092,56.336463,43.917305,7201781254
7197234288,5.486892,56.20204163,43.80640793,7197234288
7206966459,1.745507,56.231808,43.879306,7206966459
7226838335,4.328146,56.35517502,43.83703232,7226838335
7197797070,1.469236,56.232173,43.873701,7197797070
7211907032,1.127753,56.321396,44.005968,7211907032
314892814,2.161152,55.783868,49.175459,314892814
314897483,0.665988,55.842706,49.092778,314897483
7211948539,0.830355,53.205706,50.123567,7211948539
7213444740,-1.0,53.094268,50.159572,7213444740
7225674459,5.574807,55.80647965260426,49.22480162243925,7225674459
7211350505,1.007687,55.751883,49.184558,7211350505
7209079679,8.982531,55.860054,49.22783,7209079679
7219190442,1.124841,55.807749,49.089615,7219190442
7203595260,-1.0,55.60978181479655,49.1403799019604,7203595260
7209982612,8.982531,55.860054,49.22783,7209982612
7203484053,8.317565,55.861903,49.216961,7203484053
7225706667,5.293158,55.79904975020937,49.23954012164304,7225706667
7226594479,0.30524,55.742468,49.214697,7226594479
7209451155,1.077957,55.865227,49.082348,7209451155
7217231476,3.855594,55.722456,49.17059,7217231476
7209766678,0.670897,55.842701,49.092858,7209766678
7197516784,-1.0,53.11971283,50.09194565,7197516784
7209074125,2.478067,55.776462,49.217886,7209074125
7198534774,7.787966,53.150074,50.072893,7198534774
7225432101,5.571674,55.80645905361884,49.22475923278811,7225432101
7225351649,1.005536,53.221409,50.253194,7225351649
7225510267,4.825736,53.25479,50.23017,7225510267
314842321,0.326675,55.825517,49.084926,314842321
7225541135,9.442196,53.143664,50.045279,7225541135
7225570444,1.56573,53.226358,50.278796,7225570444
7225626343,1.667065,53.196887,50.120944,7225626343
7213204496,0.889655,53.206359,50.185147,7213204496
7225769812,0.996357,53.193407,50.166947,7225769812
7224299977,-1.0,53.10543948490547,50.08240323783557,7224299977
7227780453,1.38334,53.223684,50.155664,7227780453
7207011882,2.460056,53.22267485714585,50.19272930936418,7207011882
7208783537,-1.0,53.30969238,50.28599167,7208783537
7215739699,6.034022,53.266247,50.232892,7215739699
7227832492,2.41155,53.222568,50.202188,7227832492
314897385,4.44151,55.867778,49.017041,314897385
7224479322,-1.0,53.09325027,50.16487122,7224479322
7226421069,2.424372,53.22243881,50.19356537,7226421069
314897482,1.077957,55.865227,49.082348,314897482
314897491,0.473798,55.767919,49.172216,314897491
314897493,8.982531,55.860054,49.22783,314897493
314897528,0.686432,55.828223,49.09355,314897528
314596603,1.108328,56.338918,43.932926,314596603
314604329,1.532935,56.228325,43.856381,314604329
314723761,0.726043,56.263762,43.901602,314723761
314842921,0.88961,56.310797,43.922865,314842921
314893662,5.92369,56.359804,43.811816,314893662
314893847,6.133185,56.364451,43.813082,314893847
314894003,3.14372,56.349534,43.8533,314894003
314894827,1.745085,56.231808,43.879297,314894827
7197718210,4.336005,56.285893,44.042781,7197718210
7211643256,0.92615,56.310662,43.980061,7211643256
7213022692,2.089915,56.344516,43.867799,7213022692
7210974436,5.695339,56.26990128,44.04114532,7210974436
7215665070,1.168754,56.3038559,43.99999619,7215665070
7219613482,0.867688,56.337476,43.936142,7219613482
7204967334,5.912164,56.299985,44.086152,7204967334
7210060199,3.411131,56.298487,44.041659,7210060199
7211488310,1.81203,56.26909256,43.88132858,7211488310
7211289685,0.595769,56.256553,43.883151,7211289685
7203029350,0.048589,56.326043,43.912714,7203029350
7219883134,1.471749,56.303561,43.978875,7219883134
7197344547,0.580988,56.312874,43.928794,7197344547
7201245422,0.696999,56.27253,43.930169,7201245422
7201715099,0.620496,56.325973,43.923943,7201715099
7201850108,1.157063,56.31895,43.977689,7201850108
7202707130,2.457578,56.31500244,43.87251663,7202707130
7220507018,1.318391,56.33643338323391,43.928380383084345,7220507018
7218093204,1.4255,56.314457,43.901324,7218093204
314823449,3.455842,55.836772,49.140254,314823449
314693427,3.035221,53.239563,50.277314,314693427
7223188250,2.823461,55.81466,49.14333,7223188250
7198200307,0.673469,55.752141,49.218596,7198200307
7225628809,3.758937,55.800099,49.186238,7225628809
7225160175,3.758937,55.800099,49.186238,7225160175
7198381073,0.699584,55.790266,49.132411,7198381073
7225783983,3.758937,55.800099,49.186238,7225783983
7225951205,3.758937,55.800099,49.186238,7225951205
7225954841,3.332117,55.78660648597828,49.21589076455688,7225954841
7219608237,2.582905,55.825644,49.136328,7219608237
7219839528,9.405213,55.709297,49.355679,7219839528
7206662245,5.634327,55.800241,49.245833,7206662245
7208731570,7.117199,55.80066140148931,48.98009623663333,7208731570
7221654667,0.968905,55.833567,49.070508,7221654667
7206057718,0.799541,55.83663,49.09072,7206057718
7201737863,5.288904,55.809783,49.203558,7201737863
314889752,7.684663,53.253443,50.375221,314889752
314890417,2.157974,53.232023,50.253113,314890417
314891634,0.660434,53.203662,50.134868,314891634
314894552,0.970214,53.212199,50.224134,314894552
314889466,3.284915,55.785913,49.216574,314889466
314890089,0.984525,55.823383,49.069358,314890089
7217270795,4.473059,53.250599,50.225499,7217270795
7213057564,4.344572,53.185886,50.082523,7213057564
314890460,0.314261,55.752779,49.208777,314890460
314890542,1.410039,55.788343,49.152489,314890542
7213857470,4.010059,53.244408,50.219498,7213857470
7221489110,0.446664,53.200485,50.226883,7221489110
7213771634,3.452389,53.23495,50.212186,7213771634
7213632701,2.362022,53.222137,50.197337,7213632701
7225852969,1.398322,53.196477,50.142423,7225852969
7198610353,0.782077,53.20706558,50.20536041,7198610353
7225532655,4.306218,53.249397,50.227323,7225532655
7225503655,0.563779,53.205339,50.176676,7225503655
7209152552,3.838511,53.24730682,50.25042725,7209152552
7204440354,1.715218,53.225802,50.295478,7204440354
314892369,0.514674,55.799183,49.111103,314892369
314887912,1.970369,56.224522,43.86222,314887912
314890105,4.116865,56.262217,43.98272,314890105
314522675,0.568357,53.196876,50.204694,314522675
314525018,0.776481,53.193375,50.17478,314525018
314597355,2.4517,53.233786,50.27329,314597355
314824508,5.318427,55.812646,49.198976,314824508
7223093584,0.400847,53.204428,50.239998,7223093584
7211763760,0.552024,53.200113,50.153562,7211763760
7199284117,2.306918,53.233559,50.249296,7199284117
314848503,0.367278,55.766927,49.171425,314848503
7203562249,1.156729,53.21726227,50.16383743,7203562249
314886214,3.299979,55.784526,49.220958,314886214
314886982,3.705756,55.722908,49.172997,314886982
314887744,2.765075,55.785448,49.191844,314887744
314835498,1.916466,55.83069,49.052353,314835498
314835502,0.693117,55.754269,49.194422,314835502
314835506,0.293912,55.750555,49.204034,314835506
314884004,0.292918,55.82931,49.086786,314884004
314884861,8.634371,55.85774,49.222431,314884861
314884943,2.199897,55.758483,49.242329,314884943
7201282831,0.733202,55.782517,49.135295,7201282831
7212475164,5.553952,55.803823,49.23384,7212475164
7212955448,3.439863,55.785609,49.222099,7212955448
7219265331,1.265966,55.84031,49.10221,7219265331
314589771,3.321656,53.234023,50.213408,314589771
7219455015,3.162762,55.781985,49.223267,7219455015
314604094,1.951771,53.227856,50.296619,314604094
7226190581,1.248849,55.823909,49.113457,7226190581
7209228224,-1.0,55.84261,48.905317,7209228224
314626619,0.2504,53.210673,50.137464,314626619
7218966508,2.455021,55.78436279,49.18563461,7218966508
7226359647,7.331744,55.678869,49.198958,7226359647
314626791,4.406799,53.252269,50.242423,314626791
7225786505,2.653444,55.7336763834635,49.1777426534729,7225786505
7200090989,1.075502,55.75363541,49.17836761,7200090989
314629379,-1.0,53.117297,50.071348,314629379
7206462966,0.458293,55.767398,49.172611,7206462966
314655552,5.763611,53.255911,50.200517,314655552
7197646327,3.492977,55.79726,49.185053,7197646327
7207578128,3.29877,55.7844553246484,49.221104129945374,7207578128
7198176723,0.647602,55.81083,49.096568,7198176723
7198425954,0.762377,55.819778,49.109145,7198425954
7198335911,0.614028,55.781975,49.138439,7198335911
7198622528,3.164616,55.793202,49.183992,7198622528
7212151108,3.021275,55.81871,49.146461,7212151108
7200065906,0.127442,55.776421,49.140801,7200065906
7228676195,3.856397,55.715642,49.183112,7228676195
7209800692,2.604781,55.76639557,49.23811722,7209800692
314883996,1.483122,53.225215,50.150463,314883996
314847196,4.752593,56.284739,44.050157,314847196
7201371107,0.754324,53.20682144,50.20523453,7201371107
7213183376,8.208451,53.14476056824114,50.07561344096342,7213183376
7207343297,2.937602,53.19359589,50.09920502,7207343297
7219203126,9.993322,53.112341,50.146241,7219203126
7213060831,1.868483,53.19438553,50.12229919,7213060831
7202014912,-1.0,53.11762238,50.08507538,7202014912
7203097937,2.06171,53.194751,50.115698,7203097937
314882394,2.603085,55.76639,49.238089,314882394
7211370736,0.35273,56.32807,43.908169,7211370736
7217072757,0.731916,56.341518,43.945979,7217072757
7210403594,1.111736,56.30838473605925,43.91971515211485,7210403594
7218935572,0.383306,56.3287735,43.90905762,7218935572
7209831385,8.533008,56.244685,44.053453,7209831385
7222477898,5.054169,56.203072,43.816298,7222477898
7212377826,1.557978,56.340809,43.916047,7212377826
7213759770,1.319195,56.32458115,44.00274277,7213759770
7218352767,1.887688,56.32182693,43.87230682,7218352767
7225817035,3.544547,56.328154,43.83828,7225817035
7222184641,1.612419,56.26478641427033,43.87535508465575,7222184641
314529365,0.472257,53.210657,50.155736,314529365
314532288,4.040436,53.242263,50.1822,314532288
314555828,0.718401,53.214825,50.260534,314555828
314624533,0.415934,53.212808,50.13733,314624533
314642738,0.935378,53.212231,50.224834,314642738
314650328,0.581553,53.214302,50.137922,314650328
314717846,1.65505,53.221964,50.228877,314717846
314740295,0.760813,53.204347,50.209464,314740295
7227959043,4.865417,55.878773,49.018685,7227959043
7206256553,0.934753,55.852647,49.070652,7206256553
7206869882,1.311237,55.786708,49.154348,7206869882
7218427814,5.53872,55.800919,49.241628,7218427814
7218126647,1.971822,55.760155,49.234271,7218126647
7224773561,1.136482,55.78222275,49.10786057,7224773561
7225567861,-1.0,55.810901,49.441468,7225567861
7219323214,2.697085,55.733857,49.17651,7219323214
7214875847,8.634371,55.85774,49.222431,7214875847
7223992041,2.823461,55.81466,49.14333,7223992041
314851595,2.842728,53.237785,50.276856,314851595
7216524694,0.609933,55.78503799,49.11528778,7216524694
7226438456,2.68444,55.733487,49.177381,7226438456
7204467031,7.192945,55.725488,49.328837,7204467031
7224848039,5.032504,55.808973,49.199246,7224848039
314876001,8.356584,53.147779,50.063201,314876001
314877557,0.581553,53.214302,50.137922,314877557
314879073,0.524851,53.198591,50.16401,314879073
314788902,0.274496,55.826559,49.07924,314788902
7224088132,1.414792,53.18890381,50.21834946,7224088132
7220200986,4.36748,53.18701672989221,50.0807174402532,7220200986
7206441400,1.020365,53.2184906,50.13779831,7206441400
7214052848,-1.0,53.11432455993039,50.08151285755926,7214052848
7225596854,7.820098,53.14812088,50.07749176,7225596854
7214999571,-1.0,53.09806883738592,50.17341680067261,7214999571
7224975285,3.951612,53.248255,50.252619,7224975285
7204917871,-1.0,53.31652,50.307462,7204917871
7227056559,4.153169,53.24923818547924,50.23473801016693,7227056559
7220285288,9.765381,53.124658,50.094103,7220285288
7198430032,0.756794,53.20435715,50.20938492,7198430032
314879948,1.00094,55.751199,49.190299,314879948
314877316,0.623161,56.279072,43.930276,314877316
314877622,1.884903,56.321825,43.872371,314877622
7217796841,0.437569,53.2042923,50.23099518,7217796841
7204087398,0.763403,53.19729614,50.15369797,7204087398
7210688750,0.324733,53.20317078,50.17709732,7210688750
7202396656,2.842809,53.237785,50.276847,7202396656
7211029936,2.737165,53.2354393,50.23228073,7211029936
7215803855,-1.0,53.0942688,50.15959167,7215803855
7222803772,2.395678,53.23253632,50.26375961,7222803772
7225386942,-1.0,53.3498497,50.21104431,7225386942
7225265481,3.88913,53.247614,50.254147,7225265481
7214300301,3.080883,53.232627,50.216184,7214300301
7199609562,1.693519,53.228045,50.24758,7199609562
314876307,1.183022,55.781504,49.107555,314876307
314876877,1.517793,55.818837,49.122287,314876877
7215445759,3.320347,56.31645966,44.04736328,7215445759
7217884770,3.291652,56.28427602605587,43.99104821363923,7217884770
7211362232,1.817098,56.32161713,44.01969528,7211362232
7225375136,0.880951,56.25146103,43.86445618,7225375136
7199119198,0.405049,56.32406998,43.91788101,7199119198
7213787162,5.04534,56.25694656,43.99489212,7213787162
7201751360,3.108584,56.29753876,44.03475189,7201751360
7223743428,6.109293,56.299066,44.089,7223743428
314519951,8.483073,53.287209,50.220594,314519951
7218400981,5.914663,56.28512955,44.07435608,7218400981
314519952,4.627922,53.245097,50.190761,314519952
314519953,2.402637,53.190472,50.117459,314519953
7205530004,5.118926,56.29122925,44.06596756,7205530004
314519954,6.033474,53.266242,50.232892,314519954
7216863873,0.542861,56.306897,43.942961,7216863873
7201530183,8.139606,56.247891,44.050785,7201530183
314526313,8.779568,53.290153,50.22231,314526313
7201547974,5.525086,56.271286,44.039952,7201547974
7201553852,5.80122,56.27342,44.053139,7201553852
7228098371,4.430702,55.869071,49.018002,7228098371
7226544461,0.704737,56.25645447,43.88074493,7226544461
7206300062,-1.0,55.820379,48.896693,7206300062
7217083752,4.36876,56.23534176922615,43.95984016447473,7217083752
314533597,2.444741,53.222487,50.192324,314533597
7213768869,0.954665,55.837571,49.095284,7213768869
7220026067,0.418347,55.826893,49.076302,7220026067
7202548800,5.270186,56.298432,44.074456,7202548800
7209526740,3.197644,56.31611157783882,44.04542651389207,7209526740
7197340285,0.841491,55.743218,49.232367,7197340285
7203600861,3.521216,55.72423172,49.1748848,7203600861
7204677296,6.464848,56.36204147,43.80403519,7204677296
7203335902,3.701613,55.72286606,49.17314148,7203335902
7220566302,5.462358,56.36294,43.8245,7220566302
7209159400,4.650511,55.812631,49.181477,7209159400
7203978064,0.507791,56.30709839,43.94251251,7203978064
7215751007,9.721816,56.16250693122152,43.9225570307616,7215751007
7211463063,2.210745,56.29411697,43.98917007,7211463063
7204769132,1.320392,56.25793839,43.86619949,7204769132
314871345,3.894419,53.247657,50.254227,314871345
314873157,1.814185,53.227867,50.258952,314873157
314866167,1.054919,55.822281,49.111822,314866167
314870398,1.495485,55.787133,49.158175,314870398
314871446,1.595599,55.831964,49.058058,314871446
314871462,8.615033,55.80099,48.953916,314871462
314871473,0.50934,55.786242,49.116924,314871473
314867071,0.623985,56.307272,43.945359,314867071
314869680,1.500047,56.34477,43.932414,314869680
7212695143,2.769643,55.78546906,49.19191742,7212695143
7225123977,5.318427,55.812646,49.198976,7225123977
7225513960,5.318427,55.812646,49.198976,7225513960
314553299,0.731636,53.21118,50.227341,314553299
7208379618,5.521021,55.80018616,49.24295807,7208379618
7209494262,1.492426,55.787123,49.158121,7209494262
314566921,0.514854,53.209028,50.276254,314566921
7203685114,4.056228,55.83694458,49.15205002,7203685114
314575853,2.200974,53.194589,50.112707,314575853
7199344781,0.847795,55.74322660740116,49.23246864745235,7199344781
7225274804,5.450327,55.82013432164267,49.186543767150894,7225274804
7219274577,1.205007,55.738607,49.202112,7219274577
7225662890,1.958239,55.77887836492215,49.185969147887,7225662890
7227013954,3.004979,55.796815,49.175054,7227013954
7214245212,3.29219,55.83942068757773,49.02987278036832,7214245212
7219955387,6.291895,53.26722717,50.22272491,7219955387
7225151283,4.249056,55.829353886632816,49.16228132806394,7225151283
7220747220,4.112987,55.836979,49.153099,7220747220
7225727098,0.599013,55.771623376594086,49.14163126983638,7225727098
7225417126,0.6046,55.77158856788204,49.14138312328061,7225417126
7225657914,1.94577,55.77885297102272,49.18570600796499,7225657914
7207100087,9.403254,55.70930022005495,49.3556473991058,7207100087
7206428690,1.13728,55.78516388,49.15341568,7206428690
7213277665,0.976654,55.823287,49.069619,7213277665
7197403151,-1.0,53.484256609877725,49.8584715231124,7197403151
314867973,3.943956,53.242241,50.17955,314867973
7225332676,-1.0,53.31931305,50.28804016,7225332676
7209888340,0.584209,53.21459198,50.26273346,7209888340
314868120,3.078121,53.238027,50.229407,314868120
314868242,5.166778,53.255113,50.216462,314868242
7199434042,1.461253,53.19803,50.123792,7199434042
314868884,1.461253,53.19803,50.123792,314868884
7206598044,0.706755,53.195252,50.219139,7206598044
7225015802,0.583509,53.198985,50.184976,7225015802
7213638103,0.824367,53.213154,50.161153,7213638103
7199777124,1.192747,53.209238,50.186297,7199777124
7199654180,6.034022,53.266247,50.232892,7199654180
314868344,0.457114,55.761791,49.170787,314868344
7214475110,4.857542,56.28382874,44.05094528,7214475110
7221224694,4.383578,56.24825668,43.97611618,7221224694
7206702710,2.221889,56.294621,44.003866,7206702710
7206771302,4.752593,56.284739,44.050157,7206771302
7206987494,2.049349,56.263642,43.860423,7206987494
7221168882,1.725909,56.29998016,44.00656891,7221168882
7205297033,6.295422,56.376421,43.829063,7205297033
7201186144,1.048661,56.249767,43.848287,7201186144
7201714123,4.367784,56.235335,43.959813,7201714123
7201856835,3.961908,56.269861,43.985631,7201856835
7202041088,3.934108,56.255082,43.973494,7202041088
7199373544,2.17885,56.22302628,43.86615372,7199373544
7218424972,1.805959,56.26676178,43.875103,7218424972
7202140501,0.720853,56.33221054,43.88333893,7202140501
7198346254,9.895264,53.11336136,50.145298,7198346254
7228796672,-1.0,53.09527206,50.16089249,7228796672
7213261887,0.557361,53.20341492,50.24162292,7213261887
7221916409,0.246712,53.202297,50.156904,7221916409
7203231111,1.334317,53.188999,50.198101,7203231111
7198122896,8.50916,53.1464653,50.06235504,7198122896
7201950012,5.064475,53.25277,50.212069,7201950012
7225229251,5.191331,53.25797272,50.22881317,7225229251
7205776114,1.850458,53.22943115,50.24670029,7205776114
7208132887,-1.0,53.298941295175375,50.328491032018334,7208132887
7213760332,1.487158,53.225145,50.152152,7213760332
314604258,0.911234,53.194648,50.166606,314604258
314648346,7.183951,53.276856,50.262222,314648346
314720042,0.674775,53.196763,50.161261,314720042
7206788652,1.162789,55.83133316,49.06492996,7206788652
7207923892,-1.0,55.85287476,48.89706039,7207923892
7227684119,1.533181,53.19604,50.138399,7227684119
7205908184,0.823589,53.19506454,50.1921196,7205908184
7200245750,0.442531,53.2071991,50.22915649,7200245750
314866144,1.532792,55.799082,49.130444,314866144
7204922981,3.924877,56.307951,43.850686,7204922981
7213516574,0.597455,53.21234894,50.23605347,7213516574
7207003338,2.314195,55.81969833,49.04885864,7207003338
7213042191,3.282581,55.82597733,49.03036118,7213042191
7201776502,2.506211,53.23369217,50.29515457,7201776502
7225728876,5.109732,56.3052,44.07502,7225728876
314858139,2.085802,56.344461,43.867808,314858139
7200751891,0.875772,53.21318436,50.29563904,7200751891
314859097,3.282469,55.825977,49.030363,314859097
7206590645,0.899143,55.82619406549172,49.09652108556779,7206590645
7214241896,-1.0,55.86766052,48.88011932,7214241896
7206146272,2.98179,55.77041786829747,49.23924243458308,7206146272
314858302,1.359757,53.202686,50.117387,314858302
7197431752,2.158399,56.2734642,43.88091278,7197431752
314853715,2.259629,56.230932,43.827545,314853715
314854682,0.34851,56.328065,43.908259,314854682
314608168,-1.0,53.318123,50.311181,314608168
314622258,2.261138,53.224088,50.176092,314622258
314856401,7.604909,53.280619,50.274125,314856401
314850337,0.81043,55.845825,49.093218,314850337
314798519,0.270182,55.828784,49.07844,314798519
314798520,1.286996,55.860575,49.10318,314798520
314805456,3.413276,55.83069,49.146739,314805456
314639697,1.876872,53.227856,50.294104,314639697
314830614,1.581389,56.227915,43.860262,314830614
314784453,2.385995,55.748827,49.141844,314784453
314842324,1.214572,55.851919,49.066367,314842324
314850335,2.987546,55.802998,49.057294,314850335
314851549,5.285465,55.813344,49.19674,314851549
3597387854,8.01366,55.71240616,49.33382416,3597387854
4052654270,0.578869,55.781317,49.137496,4052654270
4566597294,4.63806,55.84117,49.158121,4566597294
314584973,-1.0,53.491521,49.848036,314584973
314660387,5.633364,53.261211,50.223595,314660387
4390758838,2.537017,55.826311,49.042247,4390758838
4655831156,0.578345,55.859665,49.078791,4655831156
4571446322,2.280803,55.824597,49.131881,4571446322
314848888,7.787964,53.150064,50.07292,314848888
314849142,3.316197,53.230735,50.187483,314849142
314849220,-1.0,53.319285,50.288139,314849220
314849349,0.758772,53.210349,50.160039,314849349
314584902,9.34281,53.296407,50.285345,314584902
314584907,8.271314,53.148746,50.06312,314584907
7213298525,4.126884,55.832227,49.158085,7213298525
7214018853,1.10079,55.816571,49.080857,7214018853
7198745117,0.682251,55.833794,49.086804,7198745117
314846794,1.456017,53.188395,50.185641,314846794
314848399,0.557484,53.203414,50.241624,314848399
1973609133,9.486047,53.115552,50.160937,1973609133
2909402390,1.928658,53.22896576,50.27371216,2909402390
3544388409,3.998852,53.241290537831965,50.18347450292637,3544388409
3709079384,2.48209,53.222767,50.191821,3709079384
3858154624,-1.0,53.30309677,50.28508377,3858154624
4021824645,5.816034,53.25606537,50.19949341,4021824645
4117966423,-1.0,53.12215,50.082371,4117966423
4269961574,7.578157,53.152375,50.072705,4269961574
4567143831,3.943956,53.242241,50.17955,4567143831
4905790245,2.898165,53.238512,50.281878,4905790245
4552659267,5.6039,53.261348440149504,50.225945508829454,4552659267
4526941164,-1.0,53.3517251991089,50.21002667650437,4526941164
4740061297,2.291891,53.23241043,50.273983,4740061297
4447071182,6.034022,53.266247,50.232892,4447071182
4671663554,3.855721,53.246353,50.263058,4671663554
4671580716,7.124778,53.136404,50.16922,4671580716
4685765715,1.6333,53.218481,50.170855,4685765715
4569366890,8.38315,53.14756775,50.06301117,4569366890
314751982,3.98247,56.236466,43.95366,314751982
7205938145,0.933028,55.832642,49.095158,7205938145
7227006196,-1.0,55.87138,49.302705,7227006196
7228969046,3.254884,55.781393,49.226653,7228969046
7218038424,4.343359,55.8019,49.195841,7218038424
7200863772,8.35479,55.863394,49.217311,7200863772
7218405218,1.124841,55.807749,49.089615,7218405218
7205082176,-1.0,55.812732,49.442034,7205082176
7212342419,-1.0,55.8520078807604,48.901805348609614,7212342419
7201134153,0.858795,55.77205276,49.17253113,7201134153
7219591170,2.126574,55.823378,49.049739,7219591170
7219266649,5.543096,55.803322,49.235062,7219266649
314584910,0.804259,53.193731,50.199295,314584910
7197683444,0.268752,55.775484,49.139211,7197683444
314584913,3.636394,53.188368,50.0928,314584913
7219812821,4.807377,55.807855,49.196147,7219812821
7219070911,2.809634,55.771256,49.2326,7219070911
7199911403,0.898503,55.826114,49.068721,7199911403
7208763732,3.648061,55.838723,49.141278,7208763732
7227154751,3.717978,55.830584,49.152246,7227154751
7224799959,3.151973,55.820334,49.148249,7224799959
314602270,-1.0,53.307347,50.282479,314602270
7215245218,2.92147,55.842797,49.128836,7215245218
7198015220,3.021275,55.81871,49.146461,7198015220
314671866,1.390092,53.188616,50.183979,314671866
7214936865,1.224044,55.76258087,49.1475563,7214936865
7219010744,3.84865,55.833279,49.152156,7219010744
7213174313,2.342369,55.836888,49.118496,7213174313
314738512,1.293352,53.207755,50.115069,314738512
7203332047,1.974938,55.820708,49.053988,7203332047
314743994,5.190961,53.257968,50.228805,314743994
314836096,1.380551,53.212835,50.193627,314836096
7208194862,1.455585,53.18839645,50.1856308,7208194862
314843820,3.151973,55.820334,49.148249,314843820
7201672791,7.774637,53.14896011,50.07639694,7201672791
7207260396,4.282312,56.26327896,43.98633194,7207260396
7206590531,1.947574,56.269811,43.879513,7206590531
314844149,3.645531,55.838728,49.141215,314844149
7221150385,2.252099,56.31206679815601,43.88533249252004,7221150385
7217344174,3.117744,56.341498,43.846661,7217344174
7199797766,1.438029,56.319959,43.891343,7199797766
7206085576,1.546092,56.269326,43.888972,7206085576
314844750,2.067396,55.836676,49.113843,314844750
314844824,1.086316,55.787756,49.141844,314844824
7201206806,5.33568,56.267807,44.018141,7201206806
7201439251,0.438929,56.310103,43.99641,7201439251
7201945690,5.427067,56.293312,44.073477,7201945690
7201255381,1.703996,56.274789,43.948737,7201255381
7197293946,1.887779,56.321825,43.872308,7197293946
7218721632,0.807497,56.33039474,43.95927429,7218721632
314822935,7.153678,55.680235,49.201707,314822935
314841733,1.974938,55.820708,49.053988,314841733
314841830,1.822258,55.814017,49.067912,314841830
7201588959,1.701154,53.196671,50.120558,7201588959
7215583589,-1.0,53.30495453,50.28538132,7215583589
7228903704,3.495045,53.237041,50.180386,7228903704
7206735818,1.989783,53.218519,50.205152,7206735818
7213259881,7.124388,53.136409,50.169184,7213259881
7206674758,9.020234,53.13582993,50.07823944,7206674758
7201990324,3.527376,53.183085,50.105224,7201990324
7217107929,4.309442,53.24926677395112,50.22656399563242,7217107929
314842887,3.163584,55.78202,49.223213,314842887
314843011,1.205324,55.738601,49.202112,314843011
314843246,2.341964,55.836903,49.118496,314843246
314843279,2.370573,55.788368,49.174497,314843279
314598484,2.182119,53.231101,50.272382,314598484
314618412,4.890957,53.182173,50.076981,314618412
314734837,-1.0,53.312313,50.310022,314734837
314838572,4.539016,56.341852,43.823098,314838572
314841700,1.438572,56.319968,43.891325,314841700
7227778571,0.629235,53.216907,50.268448,7227778571
7219510042,2.177898,53.22912979,50.2303772,7219510042
7197814165,7.264502,53.135118,50.169938,7197814165
7203010744,-1.0,53.09231949,50.16120529,7203010744
7209475927,-1.0,53.097734,50.163075,7209475927
7219851051,0.925893,56.317462,44.007352,7219851051
7204740239,5.430416,56.2749939,44.04705811,7204740239
7227402775,1.628163,56.315865,43.892745,7227402775
7223218434,1.161304,56.27771960244988,43.902784991976496,7223218434
7220498629,0.510169,56.32483673,43.9426651,7220498629
7225525820,2.352706,56.322629,44.028462,7225525820
314669792,7.578533,53.152364,50.072723,314669792
314729721,1.65505,53.221964,50.228877,314729721
314838576,4.471356,53.250561,50.2254,314838576
314839401,4.076743,53.239806,50.207129,314839401
314835907,1.280059,55.863616,49.099308,314835907
314837069,0.407164,55.766445,49.172575,314837069
314837315,2.707398,55.745701,49.140577,314837315
7227412060,4.051192,53.238981,50.20623,7227412060
7227047265,1.117772,53.192792,50.209321,7227047265
314837641,0.845894,55.741526,49.206118,314837641
7202854750,-1.0,53.307288,50.284554,7202854750
7219339579,2.942432,53.22693634,50.19141006,7219339579
7199546806,4.649688,53.24810028,50.21109772,7199546806
314837701,1.277448,55.741085,49.195698,314837701
314837827,2.214379,55.813743,49.058228,314837827
314837845,0.395013,55.786354,49.118811,314837845
314838055,0.905702,55.83659,49.093038,314838055
314838098,0.424887,55.778887,49.136714,314838098
314838534,0.270182,55.828784,49.07844,314838534
314838588,0.551941,55.780203,49.149255,314838588
314838664,4.699017,55.877637,49.020562,314838664
314726652,3.469336,56.270096,43.976917,314726652
314728437,4.038091,56.307002,43.849823,314728437
314728439,0.49794,56.335316,43.941541,314728439
314765586,0.686249,56.331897,43.913352,314765586
314833058,4.396516,56.256623,43.982756,314833058
314834189,0.830831,56.24575,43.846365,314834189
314835250,0.38157,56.281841,43.926117,314835250
314836876,2.480562,56.307586,44.032415,314836876
314837665,3.44521,56.298792,44.042602,314837665
314838082,1.854882,56.300065,43.976953,314838082
314729630,1.465009,55.818114,49.121622,314729630
7212830895,7.843395,53.14777,50.07783,7212830895
7219091268,0.469064,53.20189285,50.15364456,7219091268
7224962961,4.096698,53.18799973,50.08452606,7224962961
7222319979,0.174075,53.211142293875575,50.283950212202754,7222319979
7213477068,1.349804,53.188886,50.201568,7213477068
314834515,2.519641,55.816495,49.13861,314834515
314835747,1.843028,55.83341,49.054716,314835747
7209651654,0.458356,55.76739883,49.17261124,7209651654
7219357712,2.309328,55.772208,49.22094,7219357712
7216122177,0.731775,55.74636,49.198842,7216122177
314833221,2.41155,53.222568,50.202188,314833221
7224559283,2.137175,55.82285309,49.13062286,7224559283
314834055,0.491737,53.203031,50.182263,314834055
7214029887,1.535625,55.837353,49.105309,7214029887
314834123,3.922653,53.239843,50.210695,314834123
314835072,2.369594,53.222039,50.194624,314835072
7209794732,5.675031,56.283889,44.06815,7209794732
7201804692,0.70794,56.272655,43.911026,7201804692
7201755337,5.459603,56.301224,44.079181,7201755337
7221799863,0.815206,56.310288,43.982361,7221799863
7212228615,3.576864,56.300775,44.046752,7212228615
7206056909,9.136665,56.210437,44.022381,7206056909
7206533376,1.916178,56.341533,43.867673,7206533376
7226642714,1.825956,56.256473,43.843957,7226642714
7217392784,4.274711,56.34022141,43.82686996,7217392784
7214328971,4.274439,56.29390717,44.05298615,7214328971
7199707590,0.984569,56.30585861,44.00093842,7199707590
7218325182,1.210332,56.23734665,43.8404274,7218325182
7209831144,1.506963,56.3261795,43.87407684,7209831144
7227429509,0.538193,53.204158,50.181311,7227429509
7226543771,1.185558,53.208872,50.186988,7226543771
314798844,1.206298,55.748407,49.236337,314798844
7211133869,5.260573,53.257511,50.222696,7211133869
7213834201,7.391254,53.278317,50.268098,7213834201
7217532871,9.721458,53.11412048,50.1525116,7217532871
7199264716,-1.0,53.094533,50.165429,7199264716
7216337995,9.631585,53.11491394,50.15276337,7216337995
314830950,0.219486,55.745691,49.219521,314830950
7224536868,7.073663,53.276,50.279111,7224536868
314831010,1.948128,55.814497,49.063142,314831010
7199480077,-1.0,53.098615,50.171349,7199480077
314832372,1.303071,55.749187,49.183849,314832372
7209953401,0.346697,53.203354,50.175733,7209953401
314584806,1.488923,56.228896,43.862211,314584806
314587373,1.300314,56.315311,43.902761,314587373
314787060,0.395362,56.263047,43.911457,314787060
314831649,2.037145,56.267492,43.870377,314831649
314581894,3.547377,53.237106,50.181536,314581894
314598985,-1.0,53.307331,50.316517,314598985
7219411245,4.704864,55.876849,49.019619,7219411245
7226783350,1.353825,55.74822617,49.18702698,7226783350
7220012233,6.131036,55.689755,49.199767,7220012233
7212210152,2.098247,55.79183,49.163161,7212210152
7209652484,4.928566,55.804638,49.203917,7209652484
7228342540,2.820329,55.8365593,49.126194,7228342540
7228491019,2.070772,55.7714119,49.10360336,7228491019
7206429356,1.057745,55.83661,49.068307,7206429356
7219093239,3.536426,55.735682,49.145383,7219093239
7219978244,1.462105,55.745372,49.186777,7219978244
7213491770,1.914649,55.760135,49.233175,7213491770
7220571159,2.818992,55.81873703,49.14321899,7220571159
7197890708,-1.0,55.870976,49.303918,7197890708
7212836687,2.272287,55.7816658,49.18772888,7212836687
7219987784,1.625988,55.824799,49.119826,7219987784
7209446067,3.880775,55.75052,49.102327,7209446067
7198127108,1.297667,55.749219830564016,49.18394085153935,7198127108
314830787,0.735132,53.217678,50.272337,314830787
314724049,2.165254,55.77957,49.193649,314724049
7216162672,1.400926,53.18768692,50.1762619,7216162672
7216150828,0.211956,53.21147537,50.14590073,7216150828
314830980,0.872457,55.743173,49.201644,314830980
7212643165,0.077129,56.242509,43.857064,7212643165
7204196305,0.737857,56.23751831,43.86667633,7204196305
7212184440,2.15739,56.22951508,43.83150482,7212184440
7212565337,1.839899,56.22700882,43.8702507,7212565337
7198477554,6.801639,56.361519,43.797317,7198477554
7205935895,0.065718,56.29929733,43.93724823,7205935895
7206538369,0.489674,56.323223,43.920215,7206538369
7217918990,1.931906,56.2385788,43.82749176,7217918990
7207209342,1.195499,56.24634933,43.84033585,7207209342
7205737415,0.392282,56.263062,43.911538,7205737415
7210158649,8.672781,56.214277,44.018024,7210158649
314717776,2.164757,55.822483,49.131306,314717776
314720964,0.992453,55.852223,49.06996,314720964
7212641943,5.064376,53.25276947,50.21207047,7212641943
7219680399,0.73567,53.217683,50.272337,7219680399
314721660,1.807943,55.781605,49.170194,314721660
7213759141,1.046349,53.192798,50.207362,7213759141
314721663,0.666806,55.755348,49.213224,314721663
7221729827,-1.0,53.101794,50.165824,7221729827
7213699373,4.421601,53.25256,50.249664,7213699373
7207908540,-1.0,53.31759262,50.30522537,7207908540
7216642978,1.842859,53.19066449751778,50.14175091435009,7216642978
7207887596,7.6423,53.15112961854711,50.07419346259013,7207887596
7215060084,5.900339,53.259891,50.207722,7215060084
7200769220,4.262582,53.25112534,50.25007629,7200769220
314826639,0.845822,55.759162,49.177614,314826639
314626073,4.21966,53.250604,50.254021,314626073
314561679,6.480071,56.363897,43.805734,314561679
314675765,2.644022,53.186776,50.1231,314675765
314581271,0.525438,56.310892,43.98723,314581271
314717660,0.29522,53.210366,50.279901,314717660
314665074,1.956783,56.261833,43.858187,314665074
314736474,4.047338,56.341583,43.831138,314736474
314824593,1.574751,56.280297,43.951755,314824593
7208047224,1.02175,53.2019577,50.12566757,7208047224
7221162015,3.771214,53.24187,50.219319,7221162015
314752281,3.955714,55.787396,49.231486,314752281
7221323706,0.608503,53.196229,50.195001,7221323706
7221511631,5.105292,53.253912,50.214396,7221511631
7221530353,3.024896,53.239401,50.276416,7221530353
7221608487,8.356584,53.147779,50.063201,7221608487
314775009,0.724522,55.822994,49.096775,314775009
7221639978,0.963391,53.192301,50.199277,7221639978
7221809821,1.669528,53.226266,50.272751,7221809821
7221936501,2.369023,53.222023,50.194498,7221936501
7226908999,-1.0,53.11221205382987,50.13425625984503,7226908999
7202729583,1.412857,53.200614,50.11922,7202729583
7199549985,1.123043,53.212404,50.221592,7199549985
7221963408,1.077084,53.20954,50.181167,7221963408
7199919150,3.542319,53.244607,50.245208,7199919150
314824348,2.127468,55.837813,49.115361,314824348
314824469,3.855257,55.806069,49.175908,314824469
314824580,1.353048,55.814431,49.077165,314824580
314824894,1.06634,55.736402,49.208094,314824894
314825640,3.100995,55.84262,49.131711,314825640
314825960,8.436651,55.86014,49.21909,314825960
314556795,-1.0,53.395314,50.176784,314556795
314605545,2.971226,53.173635,50.173559,314605545
314713927,2.341913,53.19611,50.107263,314713927
7225517645,3.151303,55.728703045559406,49.17546344733277,7225517645
7225047114,2.758194,55.731647,49.179016,7225047114
7225922950,6.213943,55.68839,49.206325,7225922950
7210450624,0.478882,55.76791763,49.17232513,7210450624
7227013049,2.974453,55.797837,49.172198,7227013049
314767627,4.307805,53.249252,50.226568,314767627
7213778432,3.460571,55.836767,49.140361,7213778432
7213913997,2.702202,55.81341553,49.14115906,7213913997
7227812813,5.437164,56.202141,43.80754,7227812813
7208857299,3.359892,55.82336807,49.02966309,7208857299
7217602701,1.119721,56.310632,44.011098,7217602701
7223235395,2.969422,55.81890714911399,49.14560154131681,7223235395
7202934385,1.994808,56.26122284,43.85584259,7202934385
7211255462,-1.0,55.86179927856943,48.89960263691701,7211255462
7224745845,1.111754,56.29350662,43.91809464,7224745845
7219401962,0.521002,55.840679,49.090208,7219401962
7226839440,1.154401,56.343743,43.938864,7226839440
7201581654,1.443049,56.341498,43.912849,7201581654
7209395111,3.85843,55.80608,49.175971,7209395111
7213488868,1.441574,55.86740112,49.09418869,7213488868
7210912830,3.310908,56.345708,43.846221,7210912830
7197887916,-1.0,55.874688,49.292132,7197887916
7211564299,5.017773,56.22301102,43.95400238,7211564299
7206204737,-1.0,55.867228,48.877945,7206204737
7210272948,5.372556,56.365239,43.829773,7210272948
7220992896,1.195472,55.766309,49.144736,7220992896
7212543393,0.689803,56.274135,43.931723,7212543393
7226411178,7.153678,55.680235,49.201707,7226411178
7221886528,3.171909,56.350228,43.853641,7221886528
7224907446,8.139606,56.247891,44.050785,7224907446
7226746138,2.661015,56.29088593,44.00616455,7226746138
7228036969,6.392603,56.24426651,44.00851822,7228036969
314824540,-1.0,53.323986,50.315519,314824540
7223075656,1.186702,56.28409576,43.94692993,7223075656
7213023771,2.293908,56.321711,44.028148,7213023771
7212886497,6.446443,56.367791,43.811151,7212886497
7228697152,1.263692,56.27647018,43.94179153,7228697152
314762196,1.69908,55.780213,49.170545,314762196
7219589373,6.616354,53.27183533,50.27714157,7219589373
7227323175,4.611797,53.254138,50.24281,7227323175
7214641311,5.788822,53.258184,50.20597,7214641311
7208876468,4.029627,53.24855523772068,50.25832680061137,7208876468
7226715371,-1.0,53.305534,50.281779,7226715371
7228331411,-1.0,53.319589904715606,50.28900280866685,7228331411
314781405,3.238105,55.783828,49.221003,314781405
7221450543,-1.0,53.114838,50.082416,7221450543
314793225,-1.0,55.809069,48.92181,314793225
7223328734,1.050877,53.21003758748103,50.203884021675165,7223328734
314820886,2.12712,55.823378,49.04973,314820886
314822453,1.246266,55.822367,49.115406,314822453
314823014,1.01356,55.840133,49.066385,314823014
314541567,1.422629,56.264202,43.879549,314541567
314777607,1.432476,56.338714,43.915814,314777607
314799015,3.681323,56.279787,43.986529,314799015
314821668,7.996855,56.380089,43.79676,314821668
314823298,3.310131,56.345713,43.846239,314823298
7220489740,0.778915,53.193995,50.198361,7220489740
7227225561,4.611797,53.254138,50.24281,7227225561
7213807397,4.055376,53.247797,50.267666,7213807397
7224384246,6.048878,53.26636809416943,50.23275473751372,7224384246
314712236,3.238105,55.783828,49.221003,314712236
7216333412,9.726416,53.2998405539129,50.27878917176338,7216333412
7221108031,1.662176,53.186668,50.192333,7221108031
314712533,2.817112,55.778279,49.222333,314712533
7221748804,2.522494,53.235014,50.286558,7221748804
314712656,3.110993,55.738221,49.153126,314712656
7218065080,5.037386,53.2579422,50.24214554,7218065080
314712836,2.796668,55.823186,49.038852,314712836
7208045759,1.797168,53.22764587,50.27336884,7208045759
7199064441,6.957599,53.137997,50.167387,7199064441
7199786017,1.687722,53.199039,50.116031,7199786017
7205391181,-1.0,53.106703,50.13883,7205391181
7218825193,-1.0,53.12134,50.088928,7218825193
314582196,3.677674,53.192285,50.087293,314582196
7221704166,-1.0,55.82235336,48.9053154,7221704166
314641401,1.530162,53.217883,50.169624,314641401
7225105066,0.920187,55.768978,49.138888,7225105066
7212715199,0.660224,55.81868993004177,49.10824107474525,7212715199
7225475704,1.055263,55.768107,49.136651,7225475704
7225962775,1.024934,55.773206,49.127677,7225962775
7226097488,2.536622,55.78526,49.18543,7226097488
7225571747,0.790193,55.76995,49.14081,7225571747
7207822721,0.978345,55.83625971118164,49.07038307867112,7207822721
7225340300,0.987356,55.768542,49.13772,7225340300
7226007249,0.319546,55.774132,49.141906,7226007249
7217607513,1.037529,55.769732,49.180893,7217607513
7228997634,7.264523,55.67910790222991,49.20317520837981,7228997634
7225721453,0.667969,55.770978,49.142697,7225721453
314820812,6.95691,53.138008,50.167297,314820812
7218383344,0.958728,55.82305307513565,49.070257851092165,7218383344
314821806,2.957704,53.239013,50.280234,314821806
7228394296,2.546835,53.234966,50.258153,7228394296
7206427566,2.243056,56.266997,43.864322,7206427566
7206392498,5.82209,56.299766,44.084535,7206392498
7215508748,4.064948,56.306373,43.850398,7215508748
7228321928,5.427067,56.293312,44.073477,7228321928
7207130290,1.380923,56.28044128,43.94850159,7207130290
7201221400,4.574698,56.237397,43.965984,7201221400
7201738077,5.20116,56.361085,43.827276,7201738077
7214027320,4.297811,56.22922516,43.9490509,7214027320
7212147484,-1.0,53.10812378,50.08146286,7212147484
7222206420,6.134065,56.30991364,43.80504227,7222206420
7224813081,3.440522,53.185292,50.10234,7224813081
7215619416,1.37618,53.21278763,50.19359207,7215619416
7221039405,0.438857,56.28395462,43.93462372,7221039405
7205862567,9.888303,53.11306787567207,50.14819065464855,7205862567
7225315638,3.352563,56.298377,44.040446,7225315638
7225495621,1.535401,56.300145,43.997443,7225495621
7220893169,2.16971,56.26051712,43.84677887,7220893169
7212008014,4.46843,56.207814,43.820466,7212008014
7223233374,-1.0,53.29907227,50.32843781,7223233374
7220159628,2.992469,53.19096756,50.10187149,7220159628
7225255877,4.748802,53.247334,50.18865,7225255877
7226032469,2.50666,53.226724,50.217702,7226032469
7216515799,0.258766,53.20335388,50.16426086,7216515799
7198937900,-1.0,53.321378,50.314028,7198937900
7214343210,4.372132,53.24798965,50.31056976,7214343210
314762802,0.49649,55.840523,49.074739,314762802
314819572,1.845854,55.774897,49.20451,314819572
7222492333,3.451579,55.7989824467376,49.181330317328616,7222492333
7208328640,7.670966,55.71049237965688,49.325931350763824,7208328640
7211396668,2.322817,55.819704179913096,49.04870355692563,7211396668
7223075817,-1.0,55.87385559,49.24382019,7223075817
7223120516,-1.0,55.87385559,49.24382019,7223120516
314817071,-1.0,53.515841,50.136279,314817071
314817493,6.667364,53.272273,50.276524,314817493
7227197862,-1.0,53.484129318523145,49.85329386945795,7227197862
7225878884,6.0586,53.262924,50.212887,7225878884
7197230150,3.490618,53.24317932,50.23520279,7197230150
7220719228,8.84507,53.13759613,50.07812119,7220719228
7209588943,4.006242,53.24793625,50.23511887,7209588943
7227938225,-1.0,53.48675156,49.85586166,7227938225
7220345587,0.175604,53.21103287,50.13315201,7220345587
7225393412,0.560017,53.204568,50.227152,7225393412
7201589421,0.657037,56.246956,43.863936,7201589421
7226249590,2.218699,55.79127884,49.167202,7226249590
7225127374,3.684042,56.279787,43.986583,7225127374
7219474459,4.27678,56.357983,43.841909,7219474459
7219832504,4.577092,56.299246,44.063083,7219832504
7227770432,0.874028,56.30638885,43.99860382,7227770432
7198308108,3.253802,56.339362,43.843391,7198308108
7207472053,3.857336,56.36162186,43.85902023,7207472053
7201510079,1.895461,56.230702,43.880779,7201510079
7213833428,0.711068,55.821927,49.104545,7213833428
7198110511,4.638531,55.801081,49.20504,7198110511
7219455333,4.581687,55.87155533,49.01713181,7219455333
7206071393,1.550074,55.83236694,49.05902863,7206071393
7221066729,-1.0,55.856593,48.904572,7221066729
7225377992,7.574877,55.71167755,49.32533264,7225377992
7219697629,2.524095,55.816485,49.138681,7219697629
7225412884,2.692271,55.81560898,49.14133072,7225412884
314815666,4.224668,56.298692,44.056535,314815666
7219914131,5.145922,55.79304,49.248635,7219914131
7203708833,2.279241,53.18942642,50.1281395,7203708833
7201634315,2.357652,56.293107,43.98581,7201634315
7228169133,7.221771,53.27699661,50.26462936,7228169133
314551067,4.938555,56.289096,43.844146,314551067
7217856227,8.284646,55.70954514,49.33610535,7217856227
314629502,0.662335,56.242434,43.847353,314629502
314656261,3.405244,56.277528,43.981112,314656261
7201606418,4.439685,56.229261,43.952384,7201606418
7205014542,1.077873,56.234095,43.867888,7205014542
7210515725,4.366758,56.341593,43.825847,7210515725
7216882112,4.404873,56.2846848554853,44.042102656045785,7216882112
314702516,0.823159,55.825947,49.09514,314702516
7213194338,-1.0,55.81121063,49.43343735,7213194338
314583451,0.606069,53.206979,50.219642,314583451
7206322329,3.295391,56.284379,43.988065,7206322329
7201804260,5.278862,56.194684,43.854917,7201804260
7201970950,5.892402,56.367727,43.822523,7201970950
7202021063,0.347086,56.310852,43.995773,7202021063
7206252524,4.161485,56.229446,43.946239,7206252524
7217724662,8.193963,53.14501952145135,50.075275655157554,7217724662
7225204943,3.152606,55.722056,49.186732,7225204943
314752035,5.550207,53.25563,50.205754,314752035
314808053,2.150887,53.228967,50.2307,314808053
314730910,3.68729,55.794948,49.192068,314730910
314802625,1.442529,56.341533,43.912786,314802625
314803750,5.312915,56.287037,44.064979,314803750
314805861,4.224668,56.298692,44.056535,314805861
314803074,4.314521,53.251493,50.253338,314803074
314693009,1.247079,55.737446,49.202579,314693009
314550467,0.844021,56.291349,43.920072,314550467
314558712,5.953866,56.281971,44.071204,314558712
314575427,0.776299,56.320403,43.989925,314575427
314644813,4.08631,56.342401,43.830851,314644813
314802152,0.517726,55.819924,49.104105,314802152
314802616,1.845854,55.774897,49.20451,314802616
314795017,-1.0,53.37374,50.186476,314795017
314798907,0.475354,56.238432,43.862049,314798907
314801987,0.267374,53.200485,50.161512,314801987
314802036,4.644793,53.253869,50.235722,314802036
314799174,4.064948,56.306373,43.850398,314799174
314802079,2.023098,53.231015,50.248559,314802079
314799307,1.594733,56.258038,43.859148,314799307
314801128,1.319858,56.257933,43.8662,314801128
314747545,4.979598,55.787604,49.253648,314747545
314798707,1.145009,55.784936,49.105336,314798707
314799005,1.056088,55.768101,49.136642,314799005
7211465109,2.39708,55.81330366096172,49.13621559020432,7211465109
314797964,4.006306,53.247937,50.23512,314797964
314798288,0.339405,53.213828,50.266714,314798288
314537104,2.590407,56.349769,43.865328,314537104
314540917,2.47671,56.233479,43.821167,314540917
314554070,0.816088,56.295715,43.94995,314554070
314554078,1.856609,56.297133,43.995072,314554078
314442280,6.968967,53.275073,50.279919,314442280
314444264,3.547377,53.237106,50.181536,314444264
314452174,1.359757,53.202686,50.117387,314452174
314473650,0.621494,53.207518,50.143258,314473650
314481756,4.748238,53.247317,50.188677,314481756
314497534,2.283004,53.232729,50.256788,314497534
314501093,1.857902,53.190208,50.142261,314501093
314504724,-1.0,53.306707,50.31392,314504724
314790639,-1.0,55.866793,48.882186,314790639
7225129303,0.36262,55.77461182285027,49.13860365175944,7225129303
7205510540,1.434335,55.752242,49.167059,7205510540
7206190842,0.511217,55.829926,49.075081,7206190842
314795969,3.214937,55.731252,49.169601,314795969
314796315,9.146549,55.867304,49.229196,314796315
7223352055,1.128444,55.85238266,49.0675354,7223352055
7213094835,9.146549,55.867304,49.229196,7213094835
7207011957,1.479352,55.789568,49.150108,7207011957
7207759328,3.770968,55.72227859,49.17256546,7207759328
314724040,2.345489,53.180252,50.193016,314724040
314795101,0.588438,53.202837,50.230305,314795101
314796311,0.514621,53.213299,50.156338,314796311
7209491969,1.633611,56.25575325915971,43.848543194708334,7209491969
314550471,0.547461,56.294151,43.939053,314550471
314561992,0.671639,56.256963,43.882163,314561992
314600060,6.857513,56.368275,43.803596,314600060
314645515,2.416676,55.765524,49.235421,314645515
7199782368,9.715326,53.125474,50.093106,7199782368
314646404,0.908987,55.820106,49.080039,314646404
7202344530,1.60901,53.187596,50.188084,7202344530
7225419072,1.511176,53.18738556,50.20038223,7225419072
314679061,0.630167,55.762049,49.200441,314679061
7199257919,-1.0,53.110595,50.14033,7199257919
314702123,0.506323,55.856452,49.076653,314702123
314793227,1.36207,55.77595,49.111597,314793227
314794081,3.774159,55.722264,49.172521,314794081
314789718,2.241864,56.316863,43.873808,314789718
314793844,3.857468,56.361624,43.859022,314793844
7219580615,0.84143,55.836534,49.09152,7219580615
7219937351,-1.0,55.622487,49.153674,7219937351
7219156483,-1.0,55.858043,48.90821,7219156483
7226544377,1.361979,55.775955,49.111588,7226544377
7226628636,-1.0,55.809074,48.92181,7226628636
7206266960,2.971383,55.842443,49.0348,7206266960
7206850108,1.183245,55.789932,49.142176,7206850108
7206793799,2.292947,55.818033,49.1349,7206793799
7218271706,0.27191,55.826559,49.079294,7218271706
7198959151,2.383852,55.815094,49.136355,7198959151
7212402842,2.220619,55.76931763,49.10449982,7212402842
314523695,1.228804,53.213677,50.167145,314523695
7210449097,1.407933,55.78736496,49.15537262,7210449097
7208039464,-1.0,55.86759567,48.83324432,7208039464
314550611,8.264784,53.144792,50.073774,314550611
7219379457,1.350602,55.77555,49.112882,7219379457
7219952582,0.577657,55.761806,49.199704,7219952582
314640067,4.182023,53.249936,50.258396,314640067
314776747,7.473128,53.279259,50.270935,314776747
314789510,4.714339,53.244079,50.19493,314789510
314793033,1.300116,53.223274,50.153553,314793033
7200289065,0.603748,53.21505737,50.15635681,7200289065
7197061274,0.54358,53.20511627,50.17544556,7197061274
7223101451,0.994912,53.209136,50.205584,7223101451
7209586191,6.995883,53.156689,50.077637,7209586191
7218686624,3.297628,53.1911087,50.09560394,7218686624
7215074772,1.291847,53.21255875,50.20013809,7215074772
7201841671,0.416645,53.207302,50.241983,7201841671
7213488227,0.817818,53.202249,50.134976,7213488227
314790395,6.741327,55.833445,49.201707,314790395
7202191384,1.147605,56.2523613,43.85730743,7202191384
7222257896,4.896423,56.204244,43.817735,7222257896
7208614502,1.625183,56.24141312,43.83182907,7208614502
7227591807,3.131812,56.31425360072557,44.04452317999386,7227591807
7220158889,2.183077,56.312545,44.029127,7220158889
7221227666,1.004174,56.23794174,43.84360886,7221227666
7201212608,1.447877,56.257608,43.861825,7201212608
7228008756,8.809683,56.21502304,44.02151871,7228008756
7212057052,1.11455,53.21627426,50.16400909,7212057052
7213239332,8.294202,53.285858,50.223586,7213239332
7207079723,4.757487,53.246876,50.189989,7207079723
314640203,5.716985,55.803368,49.240254,314640203
314540091,0.97437,56.301813,43.953139,314540091
7201391552,2.235619,53.19306289683796,50.11515007690899,7201391552
314641134,0.629766,55.756989,49.199246,314641134
7219355331,-1.0,53.10971451,50.14003372,7219355331
314542149,3.47402,53.24243,50.231886,314542149
7228673381,3.734917,53.239816,50.180071,7228673381
314648716,0.944285,55.863863,49.080992,314648716
7198836812,1.452525,53.18733215,50.1793251,7198836812
7213441371,-1.0,53.30157471,50.32836533,7213441371
314543632,1.358231,56.343658,43.906318,314543632
314693730,1.761903,55.839289,49.109935,314693730
7223852479,0.622517,53.195139,50.180206,7223852479
7213661916,2.150887,53.228967,50.2307,7213661916
7201824805,0.332765,53.213378616322494,50.15333267902803,7201824805
7223993846,1.866606,53.192814,50.134814,7223993846
7228105307,1.851376,53.217564,50.201164,7228105307
7222186970,-1.0,53.32398605,50.31566238,7222186970
7227956363,0.110853,53.211994,50.247553,7227956363
7206474678,1.43596,55.807714,49.081737,7206474678
7223780197,0.410534,55.765787,49.172961,7223780197
7213741884,-1.0,55.85996246,48.90488434,7213741884
7228660309,0.711321,55.75428649882039,49.19533384036086,7228660309
7198169859,1.540439,55.8184166,49.06511688,7198169859
314785606,1.534358,55.782471,49.165002,314785606
314695112,1.896362,56.230662,43.880734,314695112
7217172874,1.53377,55.782446,49.165011,7217172874
314786282,1.085016,55.863399,49.074147,314786282
7201812845,1.151948,55.75046539,49.18465805,7201812845
314786579,0.9428,55.862126,49.09426,314786579
7219369971,5.716985,55.803368,49.240254,7219369971
7221205212,3.021275,55.81871,49.146461,7221205212
7198964664,1.055263,55.768107,49.136651,7198964664
7226463127,-1.0,55.8673172,48.88403702,7226463127
7206566862,0.560563,55.768025,49.173824,7206566862
7201298669,0.399201,55.74681473,49.21165085,7201298669
314787818,1.336022,55.825522,49.112576,314787818
314785556,2.210871,53.190823,50.123298,314785556
314788336,2.847573,56.228125,43.819514,314788336
314625460,1.439229,55.868546,49.083732,314625460
314783956,1.500452,55.751072,49.23905,314783956
314784238,0.809493,55.833658,49.074182,314784238
314785582,1.28386,55.752237,49.232825,314785582
7197701065,3.238105,55.783828,49.221003,7197701065
7219059097,1.762364,55.839294,49.109944,7219059097
7220134645,1.342193,55.749446,49.237829,7220134645
314502705,2.659656,53.226972,50.213947,314502705
7214859549,2.885807,55.81493,49.14436,7214859549
7225930046,0.40207,55.792594,49.111489,7225930046
7219198789,4.598776,55.79533386,49.22944641,7219198789
7206502047,2.955683,55.77980804,49.22267532,7206502047
314540278,2.328394,53.221495,50.206212,314540278
7218500493,5.489917,55.796461,49.250216,7218500493
7209158534,-1.0,55.810248,49.43765,7209158534
7201676051,3.223907,55.785540266021066,49.21576277777098,7201676051
7198343402,1.210414,55.748397,49.236418,7198343402
7203675912,1.500452,55.751072,49.23905,7203675912
7209264397,1.755932,55.773272,49.206567,7209264397
7204203750,4.28795,55.79391861,49.22392273,7204203750
7222058008,1.161637,55.82330704,49.1125412,7222058008
314597741,-1.0,53.304953,50.285381,314597741
314606431,1.673866,53.189706,50.148199,314606431
314696182,2.52916,53.188832,50.118752,314696182
7218634669,4.998264,56.23339081,43.96966934,7218634669
7212665202,0.300593,56.285808,43.923162,7212665202
7201131915,1.251011,56.33437347,43.92510986,7201131915
7212744102,1.657499,56.24568,43.832082,7212744102
7211437919,2.804483,56.217185,43.865086,7211437919
7204773912,5.823459,56.299846,44.084598,7204773912
7201698125,5.569657,56.284474,44.066811,7201698125
7210612425,0.165032,56.321087,43.929073,7210612425
7201949686,5.609437,56.285973,44.069461,7201949686
7224327202,4.564129,56.24512,43.976279,7224327202
7206717983,3.11453,56.285853,43.991613,7206717983
7202059608,3.81808,53.2375412,50.20877075,7202059608
7201472824,1.79038,56.255878,43.843239,7201472824
7218401123,1.8562,53.228309,50.273856,7218401123
7216474902,4.150786,53.249764,50.239711,7216474902
314556013,0.518256,56.331204,43.945476,314556013
7221057874,1.151727,53.20837021,50.18755341,7221057874
7201583893,2.200248,53.19101334,50.12288284,7201583893
314565987,1.578411,56.340545,43.925911,314565987
7225330204,4.864829,53.250426,50.211252,7225330204
2881974219,0.878045,53.207982,50.179317,2881974219
314579995,4.359198,56.352437,43.833384,314579995
3099045676,1.34163,53.223587,50.154029,3099045676
3266680420,6.809894,53.268283,50.188686,3266680420
3306785164,-1.0,53.094619,50.160003,3306785164
3435310767,-1.0,53.318968,50.30703,3435310767
3560359859,-1.0,53.09529111690526,50.16771482993161,3560359859
4115545136,-1.0,53.106071,50.138542,4115545136
4121464379,0.302843,53.2018013,50.19527054,4121464379
4656230786,7.227557,53.154843,50.076011,4656230786
4793453453,0.784384,53.20822525,50.21665192,4793453453
314640403,3.941719,56.362601,43.859175,314640403
314627166,0.541515,55.829921,49.09064,314627166
4605785869,2.44722,53.2335434,50.26076889,4605785869
4690605475,2.000455,53.191627,50.135596,4690605475
314634356,0.653001,55.818564,49.108202,314634356
4595380515,3.561564,53.185152,50.099762,4595380515
314636221,0.406812,55.76214,49.170275,314636221
314636278,1.228243,55.778061,49.110654,314636278
4770092702,0.878045,53.207982,50.179317,4770092702
4770427108,3.55806,53.24125,50.170181,4770427108
4383585373,4.090215,53.248196,50.265142,4383585373
314715959,4.697047,55.873157,49.016367,314715959
314779177,4.227084,55.744161,49.108714,314779177
314779747,1.39055,55.809262,49.080408,314779747
314776650,4.565951,56.245105,43.976297,314776650
314780129,0.404896,55.789203,49.12571,314780129
314780434,0.302891,56.285813,43.923126,314780434
314504723,1.345191,53.212873,50.196214,314504723
314505027,4.774189,53.182956,50.078176,314505027
314506834,2.386666,53.233802,50.27885,314506834
314506901,0.556892,53.197809,50.160156,314506901
7225619211,6.034022,53.266247,50.232892,7225619211
7225445740,1.099135,53.195587,50.149277,7225445740
7225307602,1.192747,53.209238,50.186297,7225307602
314690608,0.207362,55.743071,49.222081,314690608
7225225914,2.460046,53.186911,50.134922,7225225914
7200313996,-1.0,53.317871,50.306042,7200313996
314690624,1.414687,55.752739,49.161472,314690624
7225808121,9.878947,53.124296,50.091578,7225808121
7225297753,1.151251,53.22162446230144,50.27031628727529,7225297753
7221724956,5.601663,53.254321,50.20093,7221724956
7203889517,6.239183,53.26663589,50.22215652,7203889517
7221946433,8.356584,53.147779,50.063201,7221946433
314690570,0.584253,53.214593,50.262734,314690570
7225133407,2.069805,53.23068237,50.27627182,7225133407
314763304,1.050263,55.737122,49.207088,314763304
314722635,1.147475,53.221824,50.153751,314722635
314777303,2.272309,55.781666,49.187729,314777303
314776161,3.294476,53.241735,50.237743,314776161
314777495,1.481772,55.829578,49.059091,314777495
314776825,1.60351,53.187629,50.188013,314776825
314778815,8.318716,53.144106,50.074169,314778815
7209271683,6.152423,56.285988,44.079801,7209271683
7228520212,1.832799,56.22606277,43.86495972,7228520212
7220268381,3.291684,56.30509,44.044749,7220268381
7225102019,4.116769,56.26221848,43.98271942,7225102019
7216467942,3.305594,56.3303566,43.84165573,7216467942
7206998642,7.160004,56.371185,43.801315,7206998642
7219907098,1.077427,56.237187,43.843005,7219907098
7204540932,5.811029,56.30014,44.084535,7204540932
7204403314,5.903289,56.300275,44.086143,7204403314
7222290982,0.726815,56.26360321,43.89873505,7222290982
7206798935,1.482463,56.30144882,43.98495865,7206798935
7209512827,0.650979,56.312435,44.004154,7209512827
7204954712,5.911937,56.299186,44.085748,7204954712
7204628113,5.811029,56.30014,44.084535,7204628113
7204277650,5.925367,56.299341,44.086053,7204277650
7204496296,5.925367,56.299341,44.086053,7204496296
7204958941,5.839503,56.299386,44.084634,7204958941
7225357378,8.472571,56.245885,44.055627,7225357378
7218567972,1.288755,56.3426857,43.90692902,7218567972
7212809291,1.249271,56.275034,43.941398,7212809291
7204124796,0.999827,56.302468,43.953139,7204124796
7227076116,4.403423,56.35554886,43.83601761,7227076116
7200429834,4.272121,56.258028,43.981876,7200429834
7227172241,4.874958,56.29225159,44.06248093,7227172241
7228011769,1.487675,56.32707596,43.8735199,7228011769
7214395272,3.033291,56.298402,44.034355,7214395272
314626890,0.473798,55.767919,49.172216,314626890
7222485984,0.096943,56.31466293,43.99380493,7222485984
314649039,0.487821,55.750484,49.200881,314649039
314721667,1.150589,55.865298,49.091089,314721667
7221218549,1.6333,53.218481,50.170855,7221218549
7225771840,2.190035,53.199444,50.106095,7225771840
7199413624,8.310312,53.14410019,50.07444763,7199413624
7225647071,6.650221,53.272129364111606,50.27682384972804,7225647071
7207024230,3.290225,53.24170303,50.23779678,7207024230
7205706890,0.460012,53.2040062,50.22598267,7205706890
314769688,1.235227,56.321905,43.980304,314769688
314772526,3.595452,56.271471,43.980456,314772526
314773445,3.280948,56.305174,44.044614,314773445
314773901,1.183245,55.789932,49.142176,314773901
314773904,0.927885,56.268027,43.928076,314773904
314775077,1.563594,56.238567,43.833591,314775077
314774838,1.369933,55.852829,49.063304,314774838
314776207,4.224668,56.298692,44.056535,314776207
314775011,1.214572,55.851919,49.066367,314775011
314775151,4.366427,55.870501,49.020077,314775151
314775399,4.131709,55.841427,49.148168,314775399
7203924873,3.076892,55.842207514540576,49.13133717337426,7203924873
7198968029,0.716795,55.750342,49.219988,7198968029
7213453078,2.070734,55.771413,49.103602,7213453078
7205381973,0.561264,55.765061885250105,49.18872683282624,7205381973
7197339206,2.344248,55.784749,49.180049,7197339206
7210724117,3.278437,55.79910278,49.17705917,7210724117
7213352980,1.300431,55.747748,49.188259,7213352980
7209890341,2.123881,55.770674,49.103863,7209890341
7226341922,1.183245,55.789932,49.142176,7226341922
7203205632,1.319746,55.81432642981039,49.07773939496326,7203205632
314718196,0.498641,53.213687,50.155844,314718196
7221554853,7.57512,53.152397,50.072732,7221554853
7210912266,-1.0,53.34688187,50.21884155,7210912266
7225555846,4.307617,53.24925232,50.22657776,7225555846
7227497927,0.467453,53.20186713636454,50.15367896470883,7227497927
314598625,1.438328,55.807683,49.081737,314598625
7199199537,9.918035,53.301563,50.278796,7199199537
7200029462,2.775533,53.237143,50.276479,7200029462
7203232913,7.393278,53.27828979,50.26737976,7203232913
7203051905,6.303842,53.26611328,50.21637344,7203051905
7225043177,3.964086,53.248072,50.257129,7225043177
7225118590,2.156385,53.220314,50.19819,7225118590
7225400162,4.636138,53.253675,50.234734,7225400162
7225660431,3.34503,53.231026,50.187644,7225660431
7207918995,-1.0,53.11133957,50.14522552,7207918995
7213160429,4.416675,53.243179,50.189728,7213160429
7203168742,1.145488,53.22180641374362,50.15374521482599,7203168742
7215267942,1.231222,53.198554,50.13565,7215267942
7221646606,0.900856,53.194362,50.191759,7221646606
7221346906,2.177953,53.231074,50.272445,7221346906
7221391709,0.772317,53.205954,50.183153,7221391709
314751727,1.049586,55.85341,49.068316,314751727
7221614438,0.639323,53.207081,50.143824,7221614438
7227804565,-1.0,53.518395,50.137671,7227804565
314760548,1.246266,55.822367,49.115406,314760548
7219086739,1.398162,53.18938828,50.20774078,7219086739
7225216705,-1.0,53.304958,50.286315,7225216705
7225666466,-1.0,53.118962,50.085335,7225666466
7225834367,-1.0,53.120751,50.081059,7225834367
7225927562,3.02776,53.238857,50.235201,7225927562
7225986355,0.805528,53.19372,50.199268,7225986355
314764112,-1.0,55.864283,48.875852,314764112
7207175458,4.137279,53.245291,50.218223,7207175458
7198609123,2.649822,53.23323,50.227961,7198609123
314764113,0.699059,55.789709,49.112487,314764113
7228984159,3.958703,53.242791,50.178428,7228984159
314769323,0.102185,55.777829,49.143182,314769323
314770212,2.072463,55.771337,49.103719,314770212
314770374,3.726466,55.831777,49.151366,314770374
314583696,-1.0,55.853845,48.900915,314583696
314586367,3.074548,55.821138,49.146784,314586367
314587395,2.707398,55.745701,49.140577,314587395
314591731,0.965952,55.768583,49.152417,314591731
314598630,3.411603,55.779692,49.232879,314598630
314599580,-1.0,55.867324,48.883964,314599580
314604275,2.477578,55.776456,49.217886,314604275
314607225,2.629115,55.771494,49.227731,314607225
314610570,1.436005,55.752227,49.167059,314610570
314648710,-1.0,55.855674,48.896514,314648710
314692827,4.683699,55.80954,49.18985,314692827
314508708,2.279513,53.18942,50.128176,314508708
314655171,5.449678,56.286088,44.066488,314655171
7222937019,2.842448,55.73299319806353,49.17477490189995,7222937019
7226560239,3.034979,55.83903503,49.13038254,7226560239
7220898027,3.412615,55.83068848,49.14672852,7220898027
7207700274,2.95458,55.82270432,49.14426804,7207700274
7206307629,1.124544,55.80775452,49.08960724,7206307629
7220447534,7.560869,55.722431,49.333275,7220447534
7210195648,0.740827,55.822297437457685,49.10437970674252,7210195648
7216623859,9.338034,55.870587,49.231352,7216623859
7219058750,0.799441,55.83663177,49.09072113,7219058750
314586407,6.95691,53.138008,50.167297,314586407
7216954749,0.601556,55.755211,49.187208,7216954749
7227842042,-1.0,55.855674,48.896523,7227842042
7216809125,1.246748,55.822367,49.115415,7216809125
7219701829,3.735032,55.788034,49.224138,7219701829
314624529,2.456252,53.234373,50.278006,314624529
7220005011,1.209234,55.86644,49.082761,7220005011
7212056096,1.404401,55.78829193,49.15246964,7212056096
7203859985,4.204488,55.829466,49.161454,7203859985
314750176,0.986655,56.304955,43.995027,314750176
314686866,4.551989,53.251779,50.227592,314686866
7226099542,-1.0,55.864278,48.875924,7226099542
7226443794,0.704923,55.789674,49.112567,7226443794
314759135,1.856609,56.297133,43.995072,314759135
314690603,-1.0,53.321496,50.305306,314690603
7228278582,4.204727,55.804627,49.188233,7228278582
314759361,2.515913,56.291439,43.999824,314759361
7206215324,0.099287,55.776092,49.142383,7206215324
7206429048,3.216444,55.826331,49.146703,7206429048
7227473125,4.883463,55.80326462,49.20556259,7227473125
7227066368,8.204886,55.80106,48.960878,7227066368
7229005909,2.622454,55.816187,49.140245,7229005909
7220483667,4.687054,55.80999374,49.18893433,7220483667
7208443768,-1.0,55.80456161,49.44186401,7208443768
7210659961,0.420675,55.791415,49.107636,7210659961
314767488,1.12569,56.257123,43.920458,314767488
7201239278,9.310096,55.874617,49.22942,7201239278
314760127,-1.0,53.112649,50.085191,314760127
314763341,2.83826,53.235133,50.227808,314763341
314768545,1.287723,56.342685,43.906902,314768545
314763399,3.769558,53.242064,50.219912,314763399
314767626,1.227311,53.198591,50.135686,314767626
7221835846,2.531258,55.72879028,49.18864441,7221835846
7220116216,3.487525,55.77813339,49.23649979,7220116216
7214652358,3.142689,55.82420731,49.14667511,7214652358
7202555577,0.824075,55.79650605449083,49.11993396583468,7202555577
7210726268,4.804442,55.804653,49.201339,7210726268
7220299781,8.038593,55.71041766902958,49.33249705178286,7220299781
7220591562,-1.0,55.8525353259564,48.897007485563634,7220591562
7226371338,1.147259,53.2104454,50.19287109,7226371338
7198910791,-1.0,53.101329,50.168753,7198910791
7220475354,8.774578,53.290106261296,50.22230190322949,7220475354
7204223742,9.54545,53.2982254,50.27959442,7204223742
7218762314,-1.0,53.31326,50.308198,7218762314
7216912178,-1.0,53.074601,50.264324,7216912178
7209230766,1.389563,53.187834,50.178293,7209230766
7212600475,2.942432,53.22693634,50.19141006,7212600475
7219130173,4.799442,53.251531,50.216705,7219130173
7219463584,-1.0,53.111184,50.142441,7219463584
7202120248,1.317092,53.219317,50.23194,7202120248
7205499441,-1.0,53.304247196535655,50.28602577277857,7205499441
7217985354,0.209674,53.212242,50.251416,7217985354
7199940593,-1.0,53.30639648,50.2831459,7199940593
7205998269,2.844586,53.235165,50.227709,7205998269
7226285416,3.686766,53.24156952,50.22096252,7226285416
7204478781,4.411243,53.24934769,50.22272491,7204478781
7200972241,0.225791,53.201359,50.16286,7200972241
7211195764,0.67493,53.21183777,50.15908813,7211195764
7225909424,5.026214,53.25447420972613,50.21928299999997,7225909424
7202065144,0.818318,53.195668,50.163417,7202065144
7213333831,8.310312,53.14410019,50.07444763,7213333831
7205194054,1.570348,53.199676,50.11745,7205194054
7202268452,2.50997,53.23496606133767,50.27981541838243,7202268452
7203800230,5.762371,53.255894,50.200508,7203800230
7204524616,4.66629,53.2545713063569,50.24172076368677,7204524616
314750016,0.976294,55.820126,49.076284,314750016
7220193887,1.874952,53.18846411551719,50.14578350631915,7220193887
7211854715,1.834218,53.195069,50.121178,7211854715
7208921756,-1.0,53.305696,50.286639,7208921756
7217668666,1.178203,53.21182722649548,50.16973236604557,7217668666
7206585296,1.845854,55.774897,49.20451,7206585296
7221580605,1.049531,55.85340881,49.06831741,7221580605
7211301739,2.405275,55.813364,49.136364,7211301739
7200101762,1.280849,55.858316,49.104492,7200101762
7223496683,2.917165,55.82529068,49.03632736,7223496683
7219558126,1.258751,55.765868,49.138852,7219558126
7200296298,2.29288,55.81803131,49.13489914,7200296298
7208457085,3.807078,55.723486,49.170176,7208457085
7226957349,0.657503,55.75311279,49.19974136,7226957349
7214267255,2.322892,55.819727257223526,49.13504161103833,7214267255
7228812463,2.482176,55.81329780322432,49.13758663442232,7228812463
7199504353,2.449793,55.83141708,49.12723541,7199504353
7221605999,0.418378,55.82689285,49.07630157,7221605999
7212458879,9.917859,55.704514,49.360709,7212458879
7223537055,2.130156,55.837682,49.115352,7223537055
7216635347,4.331498,56.35599518,43.83800125,7216635347
7206587630,9.579981,56.240893,44.076055,7206587630
7204971788,0.568876,56.321791,43.935496,7204971788
7206424414,1.214406,55.787067,49.149928,7206424414
7207526176,2.120587,56.23114777,43.82999039,7207526176
7223201872,0.158929,56.30045319,43.93862915,7223201872
7204623694,8.063804,56.24834061,44.04963684,7204623694
7214980311,0.982647,56.305704,44.000264,7214980311
7227834396,2.291272,56.30839539,44.02964783,7227834396
7221454021,1.708042,56.299771,44.005106,7221454021
7201122744,3.805129,56.293557,44.043455,7201122744
7201339770,5.523212,56.275729,44.051118,7201339770
7201853546,1.410157,56.341707,43.911825,7201853546
7220358695,6.515218,56.367762,43.809731,7220358695
7216400937,0.759545,56.341348,43.944057,7216400937
7227395786,2.935664,56.29569,44.028399,7227395786
7205721260,2.243128,56.26699829,43.86432266,7205721260
7206055779,5.398001,56.275534,44.047462,7206055779
7211078451,3.597272,56.271486,43.980501,7211078451
314753295,1.108403,53.211185,50.169471,314753295
7199838364,2.090022,56.34451675,43.86779785,7199838364
7214528642,1.183002,56.23178057436357,43.86282235851022,7214528642
7207857948,2.108899,56.27064896,43.87733078,7207857948
7201098470,0.548054,56.31261,44.002519,7201098470
7201598974,0.507189,56.275224,43.929279,7201598974
7201567165,1.931992,56.238577,43.827491,7201567165
7202004934,5.796712,56.274279,44.054873,7202004934
7223195430,2.617267,56.35048676,43.86604691,7223195430
7211965256,1.299658,56.33509064,43.92475128,7211965256
7212633906,1.290978,56.336897,43.875021,7212633906
7206519735,1.283481,56.257818,43.867026,7206519735
7211915076,0.866484,56.29197311,43.92120361,7211915076
314750709,1.70784,56.299811,44.005259,314750709
314751980,0.982425,56.305704,44.000255,314751980
314752155,4.022958,56.239958,43.958358,314752155
314676918,0.207362,55.743071,49.222081,314676918
314676919,1.414687,55.752739,49.161472,314676919
314750992,1.091571,55.830811,49.065837,314750992
314751326,0.817365,55.756477,49.202606,314751326
314751685,1.277954,55.858246,49.104474,314751685
314717963,2.209963,53.220303,50.192127,314717963
314750186,4.798907,53.251515,50.216669,314750186
7201880288,4.141393,56.306623,43.848125,7201880288
7206399758,0.24503,56.31484985,43.99739838,7206399758
7214564326,0.738666,56.2742691,43.93265533,7214564326
7203095753,9.471953,56.241734,44.075184,7203095753
7197310630,1.90224,56.261453,43.858744,7197310630
7222798465,1.607537,56.254277,43.844191,7222798465
7213934428,5.457725,56.27584457,44.04970932,7213934428
314665170,2.758575,55.731647,49.179007,314665170
314672927,1.056153,55.834765,49.094664,314672927
314672949,4.781116,55.812949,49.184208,314672949
314750253,0.726168,55.835746,49.085582,314750253
314750315,0.734334,55.749674,49.224111,314750315
314750062,4.339043,56.240138,43.965041,314750062
7200571693,1.479152,55.78956604,49.15010834,7200571693
314748379,0.221961,53.201386,50.162824,314748379
314627058,0.979272,55.858079,49.099623,314627058
314716983,4.276138,55.792615,49.227462,314716983
314638109,4.464307,55.794836,49.226752,314638109
314584812,4.874885,56.292253,44.062481,314584812
314532286,2.139169,53.182481,50.208413,314532286
314533504,2.922542,53.234432,50.223541,314533504
314665938,-1.0,55.86257,48.901176,314665938
314555827,4.3043,53.239558,50.195594,314555827
314599003,5.37905,56.360452,43.822937,314599003
314672912,4.893648,55.81427,49.184091,314672912
314555830,-1.0,53.322599,50.315115,314555830
314672969,2.126484,55.770628,49.103899,314672969
314599006,3.184194,56.298152,44.036987,314599006
314555930,2.540661,53.234168,50.270738,314555930
314565323,5.677204,53.255711,50.202368,314565323
314619891,4.504996,56.225558,43.946554,314619891
314626072,2.035225,56.231388,43.831372,314626072
314686819,1.65892,55.810536,49.074209,314686819
314700912,0.732703,55.782517,49.135286,314700912
314701051,0.962858,55.741404,49.204241,314701051
314701197,0.732703,55.782517,49.135286,314701197
314701326,3.131398,55.840452,49.132133,314701326
314699779,4.410961,56.30457,43.845682,314699779
314702239,2.019165,55.828809,49.122161,314702239
314710357,2.209631,56.344626,43.865553,314710357
314710637,5.253341,56.356597,43.821005,314710637
314716366,1.472472,56.341578,43.928677,314716366
314716579,1.308914,56.342501,43.907917,314716579
314716799,3.583632,56.27323,43.981615,314716799
314597353,3.012404,53.230659,50.213911,314597353
314717598,1.338742,56.338015,43.914718,314717598
314717992,3.499623,56.309654,44.049977,314717992
314715023,-1.0,55.819595,48.883856,314715023
314715716,1.273956,55.862201,49.101258,314715716
314718817,2.775213,56.297718,44.028184,314718817
314720625,5.438647,56.295295,44.075238,314720625
314724224,2.584606,56.219152,43.864717,314724224
314717714,5.077797,55.791132,49.250396,314717714
314724320,0.592796,56.323403,43.934696,314724320
314648865,1.146556,53.210457,50.192944,314648865
314720199,4.697047,55.873157,49.016367,314720199
314727863,5.427301,56.293307,44.073477,314727863
314694190,7.691118,53.14833,50.080915,314694190
314695771,1.456481,53.224945,50.151074,314695771
314696354,6.933515,53.274734,50.278823,314696354
314728237,4.279149,56.284119,44.037841,314728237
314699146,1.369372,53.216168,50.168223,314699146
314728328,0.57975,56.317118,43.940814,314728328
314700286,1.115213,53.221177,50.272257,314700286
314724024,2.37548,55.791116,49.170931,314724024
314700500,1.153597,53.190758,50.202673,314700500
314710087,0.29522,53.210366,50.279901,314710087
314724066,2.602704,55.785063,49.18817,314724066
314710614,1.173095,53.192614,50.210309,314710614
314724144,1.602643,55.828076,49.057025,314724144
314725522,1.18829,55.753666,49.226339,314725522
314726454,0.354598,55.744672,49.213601,314726454
314726884,0.724522,55.822994,49.096775,314726884
314714230,7.393073,53.278288,50.267379,314714230
314727208,2.258367,55.780441,49.192724,314727208
314728114,0.829201,55.830776,49.070221,314728114
314728432,4.038091,56.307002,43.849823,314728432
314715840,8.356584,53.147779,50.063201,314715840
314728227,-1.0,55.84261,48.905317,314728227
314728251,1.075341,55.755621,49.222467,314728251
314716456,2.157974,53.232023,50.253113,314716456
314729531,5.40823,55.801754,49.235547,314729531
314729568,2.927386,55.769129,49.240506,314729568
314717161,0.35606,53.210511,50.252098,314717161
314717210,3.083874,53.237224,50.226514,314717210
314729634,4.172614,55.862656,49.019152,314729634
314730906,3.11313,55.738708,49.150261,314730906
314717471,0.416654,53.21132,50.155143,314717471
314729558,4.197591,56.287267,44.042099,314729558
314731805,1.440353,55.86741,49.094107,314731805
314731937,3.109313,55.841741,49.131854,314731937
314720016,6.667364,53.272273,50.276524,314720016
314730903,5.958151,56.358198,43.809588,314730903
7199495341,0.48922,53.198306,50.225373,7199495341
314733133,1.11819,55.861085,49.099596,314733133
7199332482,2.126422,53.182384,50.1921,7199332482
314722875,1.941608,53.230207,50.245729,314722875
7199131630,2.282184,53.221231,50.194462,7199131630
7213212333,0.711749,53.196919,50.164647,7213212333
314735849,0.808956,55.756123,49.201653,314735849
7198158823,0.911756,53.20566177,50.12220383,7198158823
7199212714,4.444311,55.867939,49.01708603,7199212714
314724743,7.393073,53.278288,50.267379,314724743
7225658993,0.866543,53.200167,50.148298,7225658993
7225509018,2.470974,55.72859249583547,49.19025392372198,7225509018
7198658207,1.189293,53.217257,50.230871,7198658207
7206842679,1.971855,55.76015472,49.234272,7206842679
7221466305,4.709699,53.255,50.242397,7221466305
314725265,7.393073,53.278288,50.267379,314725265
7206942513,3.663698,55.734182,49.146659,7206942513
7221625087,2.133986,53.182508,50.208288,7221625087
314725656,7.393073,53.278288,50.267379,314725656
7221770362,9.679869,53.125052,50.095639,7221770362
7222008005,1.183245,55.789932,49.142176,7222008005
314726087,7.393073,53.278288,50.267379,314726087
7222001706,5.762371,53.255894,50.200508,7222001706
314739722,4.638531,55.801081,49.20504,314739722
7221541503,0.747993,53.206995,50.176424,7221541503
314727047,4.3043,53.239558,50.195594,314727047
314739747,3.87166,55.804202,49.180974,314739747
7221122552,0.810999,53.206919,50.206554,7221122552
314739751,1.919873,55.800463,49.140451,314739751
314727269,2.708361,53.236497,50.276101,314727269
7221363256,-1.0,53.101632,50.032972,7221363256
314740182,8.66677,55.858998,49.222872,314740182
7202461239,-1.0,53.105573,50.139189,7202461239
7225435587,0.679204,53.211056,50.159051,7225435587
314727932,4.023952,53.243853,50.177242,314727932
7225593238,2.192753,53.196347,50.109877,7225593238
314728125,4.992213,53.255022,50.22302,314728125
7222011620,9.157874,53.145279,50.04872,7222011620
7197471190,2.748639,55.81724548,49.14224625,7197471190
314742038,2.477578,55.776456,49.217886,314742038
7219727831,0.411045,55.762115,49.170329,7219727831
314742040,1.131171,55.763027,49.148895,314742040
7197215217,1.421969,55.82070923,49.06414795,7197215217
314739568,1.729449,56.234535,43.833618,314739568
7221933976,1.342683,55.74897003,49.1830864,7221933976
314739792,6.915126,56.367801,43.801889,314739792
314729863,2.853811,53.225943,50.18998,314729863
314739892,1.452494,56.274954,43.944685,314739892
314748038,1.139244,55.787128,49.144862,314748038
7208342522,5.18849,56.36171341,43.82838821,7208342522
314740887,5.455606,56.275864,44.049698,314740887
7221694539,7.025336,53.275574,50.279569,7221694539
314735654,1.461253,53.19803,50.123792,314735654
7213204498,3.332176,56.351649,43.85233,7213204498
314746776,0.425112,56.288891,43.929019,314746776
314747171,0.820587,53.195651,50.163444,314747171
314747419,-1.0,53.339834,50.227314,314747419
314176569,2.954749,55.780679,49.220868,314176569
314189023,0.81566,55.820354,49.10954,314189023
314190126,4.000238,55.78564,49.235942,314190126
4555189569,1.392337,53.22376,50.15571,4555189569
5003457293,2.937983,53.187364,50.110443,5003457293
4709406113,6.940763,53.13813,50.16775,4709406113
4630967134,-1.0,53.105579,50.082344,4630967134
4978074798,0.583109,53.207335,50.284285,4978074798
4749510744,2.291986,53.232411,50.273981,4749510744
4585429025,4.017209,53.24707413,50.22938156,4585429025
4642976260,-1.0,53.30553436,50.28313446,4642976260
4631208881,1.189747,53.22093964,50.26005554,4631208881
4468547511,2.300814,53.19535065,50.10921097,4468547511
4827027968,-1.0,53.3219627982774,50.3079134167354,4827027968
4630513880,2.639326,53.23581314,50.27556992,4630513880
4640794985,7.188088,53.27688217,50.26236725,4640794985
4708793155,-1.0,53.31320936936406,50.306075090146365,4708793155
4937476539,2.156385,53.220314,50.19819,4937476539
4857809111,8.261956,53.144809,50.07381,4857809111
4733980609,0.411843,53.209573,50.251344,4733980609
4837507996,5.536634,53.2564888,50.20866394,4837507996
5153951959,-1.0,53.11260605,50.13658524,5153951959
4704074324,0.588438,53.202837,50.230305,4704074324
4704354674,0.588438,53.202837,50.230305,4704354674
4733919933,9.447582,53.115865,50.161467,4733919933
4543263105,-1.0,53.30887985,50.31572723,4543263105
4838275535,3.873222,56.279012,43.994641,4838275535
4978260270,1.703996,56.274789,43.948737,4978260270
4555292838,0.974524,56.32998276,43.88022995,4555292838
4646713317,3.888427,55.787244,49.23013,4646713317
4641373572,4.003385,56.34360123,43.83284378,4641373572
4543311035,1.851593,55.791795,49.155974,4543311035
4687030961,1.842173,56.324186,44.01709,4687030961
5003607012,2.492172,56.293422,44.010595,5003607012
4837777417,0.320988,55.82920837,49.0778389,4837777417
4668872107,0.729971,55.753813,49.19373,4668872107
4937666352,3.950832,56.23822784,43.95517731,4937666352
4646564099,1.61476,56.30894,44.018509,4646564099
4625275956,8.990165,55.86028732920684,49.227929146010325,4625275956
4703948974,1.651434,56.34029007,43.92447281,4703948974
4665326760,2.623846,55.78609439128024,49.18559664061644,4665326760
4937924108,2.246469,55.784476,49.176644,4937924108
4543407185,3.304808,56.284439,43.986053,4543407185
4838384889,3.358044,55.77948761,49.23207092,4838384889
4625172684,5.588933,56.272765,44.045917,4625172684
5153785851,2.958224,56.299271,44.033942,5153785851
4787841164,-1.0,55.846815,48.905066,4787841164
4565857634,1.705905,56.300924,43.978974,4565857634
4542579041,2.367221,55.81309724561997,49.13567509192655,4542579041
4667946131,3.579239,56.3431778,43.83979034,4667946131
4542970183,1.293606,55.86425781,49.09843826,4542970183
4665415338,4.662636,56.238102,43.968769,4665415338
4585021660,2.41509,55.765514,49.235403,4585021660
4837820826,0.840087,56.24956131,43.85652542,4837820826
4857880175,0.577657,55.761806,49.199704,4857880175
5003897247,3.583533,56.300755391203126,44.04685419920184,5003897247
4630596126,-1.0,55.84488750751764,48.90534460208839,4630596126
4557423222,5.899067,56.36159897,43.81423187,4557423222
4646990008,4.839231,56.314732,44.072102,4646990008
4749771964,-1.0,55.874688,49.292132,4749771964
4703590631,2.811077,56.291798,44.016209,4703590631
4646890454,1.290978,56.336897,43.875021,4646890454
4686920990,2.930881,55.77209854,49.23384857,4686920990
4703631250,0.947151,56.27806854,43.93640137,4703631250
4826831673,0.107174,55.777879,49.143173,4826831673
4837837985,3.873222,56.279012,43.994641,4837837985
4855567763,0.278267,56.274834,43.924824,4855567763
4771849699,1.144235,56.30409806994021,44.00004425827005,4771849699
4750061981,5.04534,56.25694656,43.99489212,4750061981
313981643,3.352077,56.298352,44.04041,313981643
314131491,5.094165,56.291519,43.843733,314131491
314131986,1.045213,56.293312,43.951575,314131986
314177353,0.972473,56.329981,43.880267,314177353
314188666,6.458339,56.244525,44.009858,314188666
314173084,2.245355,55.784476,49.176581,314173084
314187261,2.435009,55.813455,49.136867,314187261
314187379,4.197462,55.864252,49.019349,314187379
314187818,0.102185,55.777829,49.143182,314187818
314062930,2.894736,53.196326,50.096914,314062930
314137076,8.356584,53.147779,50.063201,314137076
314152239,0.829961,53.196671,50.209743,314152239
314186039,7.762191,53.1482,50.079056,314186039
314186213,0.588438,53.202837,50.230305,314186213
314186219,0.588438,53.202837,50.230305,314186219
4708664180,9.84604,53.14156431001843,50.04001975535161,4708664180
4631146900,-1.0,53.327358,50.316355,4631146900
4937660659,2.156385,53.220314,50.19819,4937660659
4788314521,8.381412,53.147510204149526,50.06319623887423,4788314521
4468778254,4.890312,53.18098425111599,50.07863151052497,4468778254
4555321504,3.296082,53.2317,50.208584,4555321504
5004368017,-1.0,53.308806,50.284797,5004368017
4708996800,0.718472,53.21482468,50.26053238,4708996800
5004008051,3.838511,53.24730682,50.25042725,5004008051
314039824,2.567984,55.870885,49.053845,314039824
314115012,5.133673,55.812145,49.195509,314115012
314134842,2.960298,55.731115,49.175342,314134842
4631345464,0.937161,55.83388953946084,49.09352372983082,4631345464
4838403833,2.211186,55.771347,49.100404,4838403833
4751927258,1.044931,55.83353806,49.06895447,4751927258
4565731675,-1.0,55.85506821,48.88970566,4565731675
4977830378,2.672506,55.82899475,49.13488007,4977830378
4787936219,1.181368,55.8324585,49.09981918,4787936219
4630764046,2.594019,55.81867599,49.13962555,4630764046
4977742758,4.02266,55.7881813,49.23147583,4977742758
4708948785,0.475851,55.85906982,49.08911133,4708948785
4938301569,2.156385,53.220314,50.19819,4938301569
4630789923,9.977135,53.302085,50.286935,4630789923
4631068385,9.601136,53.29874440687011,50.28238046851038,4631068385
4788331216,1.04404,53.19258881,50.19251251,4788331216
4751558785,1.389398,53.19643402,50.14262009,4751558785
314001638,2.059111,53.230859,50.27912,314001638
314077431,1.600746,53.187537,50.21507,314077431
314077432,2.380724,53.192803,50.112087,314077432
314184264,1.41445,53.188908,50.218331,314184264
314185580,-1.0,53.340016,50.223173,314185580
314057087,1.515763,56.341009,43.914987,314057087
4838082690,3.873222,56.279012,43.994641,4838082690
314153440,1.704554,56.233479,43.835253,314153440
314173799,3.941747,56.359843,43.852743,314173799
314185253,3.369259,56.299671,44.042063,314185253
314173092,1.850776,55.791779,49.156001,314173092
314184415,0.858341,55.772051,49.172521,314184415
4857946499,3.314763,53.24200821,50.23841858,4857946499
4937512780,2.156385,53.220314,50.19819,4937512780
4751667927,2.53422,55.78492737,49.18642807,4751667927
4643348634,0.389148,55.757151,49.194054,4643348634
4734371959,0.857223,55.77202718490864,49.1725667106054,4734371959
4565918477,5.063704,56.20349121,43.81476974,4565918477
4733573191,0.934753,55.852647,49.070652,4733573191
4734023553,2.60178,56.23112869,43.8209343,4734023553
314140745,0.747954,55.81298,49.088313,314140745
314148138,3.858261,55.715647,49.183049,314148138
314179984,4.224668,56.298692,44.056535,314179984
4646778779,0.283391,55.82896042,49.07831573,4646778779
314179883,-1.0,55.845031,48.905254,314179883
314176003,5.312915,56.287037,44.064979,314176003
314177482,0.59989,56.275339,43.930869,314177482
314177665,1.703502,56.274784,43.948728,314177665
314178173,0.815746,55.793849,49.119799,314178173
4734026687,1.971822,55.760155,49.234271,4734026687
4640702484,1.845854,55.774897,49.20451,4640702484
4585249156,0.873508,55.746076,49.196506,4585249156
4703637827,2.207694,53.2315712,50.27363968,4703637827
314176325,-1.0,53.105579,50.082335,314176325
314177645,1.845854,55.774897,49.20451,314177645
4938154655,0.375806,53.20407217831489,50.23291947235872,4938154655
4646838409,3.074122,53.23471832,50.17496872,4646838409
5153828119,0.147037,53.201391,50.175337,5153828119
4827021078,2.941932,53.23910904,50.25331116,4827021078
4827118172,2.087265,53.22847748,50.23119354,4827118172
4543260128,1.701812,53.22566223,50.29547882,4543260128
4542797749,0.925155,53.191983,50.175508,4542797749
4667689150,0.587683,53.20355225,50.22908401,4667689150
5004198973,5.167441,53.25511932,50.21646118,5004198973
4704133056,6.976003,53.275138,50.280036,4704133056
4704369776,8.356584,53.147779,50.063201,4704369776
4456408780,0.493563,53.20516586,50.13351059,4456408780
314069295,5.182015,56.237792,43.979271,314069295
314174452,1.652105,56.267527,43.882154,314174452
314174890,2.489775,56.293432,44.010541,314174890
314175321,4.247673,56.29024,43.85745,314175321
314177170,4.224668,56.298692,44.056535,314177170
314174219,-1.0,53.308806,50.284797,314174219
314174904,1.955141,53.192231,50.129604,314174904
314041875,-1.0,55.853243,48.902425,314041875
314043046,1.724817,55.870763,49.090487,314043046
314108129,0.373651,55.7407,49.221515,314108129
314113405,3.735683,55.788024,49.224183,314113405
314174105,2.871964,55.831145,49.136202,314174105
314174605,1.415075,55.787401,49.15548,314174605
314175291,0.517969,55.740928,49.212433,314175291
314011714,1.636247,53.218497,50.170891,314011714
314018495,0.900856,53.194362,50.191759,314018495
314171089,8.264784,53.144792,50.073774,314171089
314172505,-1.0,53.322238,50.308468,314172505
314173138,2.291598,53.232406,50.273972,314173138
314173304,0.583647,53.207329,50.284276,314173304
314016793,6.075755,56.285903,44.078274,314016793
314109554,3.857278,56.360452,43.856192,314109554
314114600,0.567662,56.27285,43.914897,314114600
314117283,0.282066,56.274799,43.924851,314117283
314171348,2.294951,56.293567,44.001037,314171348
314172508,0.868064,56.337471,43.936133,314172508
314121132,9.193338,55.859883,49.231217,314121132
314140388,5.966021,55.73107,49.093173,314140388
314173080,1.122633,55.807749,49.089687,314173080
314173083,1.554213,55.784643,49.163277,314173083
4456270041,3.652729,55.73456573,49.1453476,4456270041
4787654922,2.585097,55.834659,49.124237,4787654922
4565635325,5.139335,55.817466,49.184235,4565635325
4566146517,5.139335,55.817466,49.184235,4566146517
4566229036,5.293223,55.816748,49.188816,4566229036
4826950257,1.630134,55.834477,49.059145,4826950257
4468610243,0.509345,55.78624344,49.11692429,4468610243
4751593398,9.200165,55.85922623,49.23138046,4751593398
4858075353,5.472009,55.799446,49.243416,4858075353
314084090,0.97295,55.742787,49.19974,314084090
314017306,-1.0,53.324949,50.31445,314017306
314066476,-1.0,53.317478,50.309662,314066476
314171436,1.044965,55.833531,49.068945,314171436
314172408,-1.0,55.846638,48.901499,314172408
314172452,0.698427,55.812707,49.089615,314172452
314168770,9.976579,53.30208,50.286935,314168770
314171101,4.496332,53.245674,50.209213,314171101
314171288,0.865625,53.210597,50.161755,314171288
314171291,1.147475,53.221824,50.153751,314171291
314171549,0.94231,53.216535,50.235749,314171549
314015932,3.900601,56.291039,44.041829,314015932
314069351,2.057765,56.228371,43.880303,314069351
314171467,3.30434,56.284444,43.986044,314171467
314041025,4.619706,55.806596,49.194152,314041025
314171011,1.196194,55.794517,49.135573,314171011
314171243,2.416676,55.765524,49.235421,314171243
4687443410,2.410892,53.222616,50.200158,4687443410
314010595,1.852038,53.229447,50.246744,314010595
314057635,8.356584,53.147779,50.063201,314057635
314065453,-1.0,53.517314,50.137707,314065453
314148313,9.61956,53.29891,50.282452,314148313
314169536,3.549129,53.232966,50.323299,314169536
314169792,-1.0,53.327358,50.316355,314169792
314169898,0.73525,53.196968,50.20835,314169898
314143837,2.416676,55.765524,49.235421,314143837
314143840,1.206515,55.75281,49.229519,314143840
314143841,7.101612,55.680752,49.201213,314143841
314151701,1.21299,55.865056,49.094314,314151701
314155227,4.836449,55.878894,49.019367,314155227
314155229,4.411633,55.863429,49.015531,314155229
314155236,4.549382,55.802083,49.199794,314155236
314155250,3.164204,55.793202,49.183984,314155250
314168502,5.473616,55.795494,49.251654,314168502
314168505,0.990847,55.825452,49.098401,314168505
5004327197,0.570376,56.3087616,43.94584274,5004327197
4788102837,5.564843,56.360686,43.819604,4788102837
4709444154,0.641132,56.325194100905385,43.93278861074651,4709444154
313993556,4.681671,56.312045,44.069506,313993556
313997017,0.97437,56.301813,43.953139,313997017
313997023,1.740241,56.316594,44.02159,313997023
313997027,5.396682,56.286662,44.066156,313997027
314005452,1.349635,56.263962,43.881381,314005452
314005456,2.870712,56.291988,44.018662,314005456
314008524,7.103884,56.369721,43.800551,314008524
314011410,0.561275,56.246806,43.854953,314011410
314013336,4.652573,56.286627,43.84588,314013336
314014055,3.449421,56.310298,44.049303,314014055
314014381,5.569532,56.284469,44.066802,314014381
314108188,0.61102,56.309908,44.000893,314108188
314118216,0.059144,56.299436,43.938855,314118216
314144432,4.659075,56.238122,43.968724,314144432
4752095574,0.920491,55.77010727,49.17822647,4752095574
4749459233,2.737926,55.83026,49.134684,4749459233
4565873376,-1.0,55.81873703,48.88838577,4565873376
314159925,1.872885,56.225974,43.866828,314159925
4646480744,-1.0,55.857326,48.903035,4646480744
314160392,4.670532,56.288136,44.053606,314160392
314160431,4.857982,56.283824,44.050947,314160431
4646588001,0.16105,55.842054,49.084792,4646588001
314160934,3.758999,56.293302,44.04218,314160934
5003591405,2.126574,55.823378,49.049739,5003591405
4557448590,3.732994,55.79574203,49.1918869,4557448590
314161048,3.44521,56.298792,44.042602,314161048
4565894460,3.249443,55.722507,49.183516,4565894460
4937427435,1.434335,55.752242,49.167059,4937427435
314164727,4.37209,56.291334,44.051854,314164727
4937658244,0.94625,55.842742,49.097269,4937658244
314166578,1.485174,56.301429,43.98493,314166578
4565779795,1.370862,55.86793518,49.08529282,4565779795
4977622165,0.507275,55.790114,49.125934,4977622165
314167431,3.576864,56.300775,44.046752,314167431
4771603995,6.059264,55.69035547141756,49.200271794982015,4771603995
314031887,3.299979,55.784526,49.220958,314031887
314034830,5.623885,55.802644,49.239508,314034830
314038828,0.823159,55.825947,49.09514,314038828
314080571,1.461476,55.77633,49.108453,314080571
314086553,0.761369,55.764718,49.15442,314086553
314090193,0.945949,55.76723,49.181127,314090193
314095517,1.413288,55.861555,49.104563,314095517
314105190,2.580721,55.834633,49.124183,314105190
314108130,2.072463,55.771337,49.103719,314108130
314011605,1.05526,53.214539,50.226227,314011605
314011704,7.393073,53.278288,50.267379,314011704
314011706,8.356584,53.147779,50.063201,314011706
314011708,4.389034,53.243901,50.187438,314011708
314114950,2.85637,55.819778,49.143622,314114950
314013084,3.6565,53.245572,50.243762,314013084
314014439,1.117903,53.216254,50.164081,314014439
314134822,3.672354,55.784476,49.230543,314134822
314084110,1.032421,53.22102,50.151972,314084110
314109940,0.991435,53.209109,50.205557,314109940
314114575,0.538193,53.204158,50.181311,314114575
314160064,8.356584,53.147779,50.063201,314160064
314160335,1.456481,53.224945,50.151074,314160335
314161104,0.553036,53.205075,50.174376,314161104
314161114,1.564974,53.226352,50.278805,314161114
314167386,2.12712,55.823378,49.04973,314167386
314161117,4.825736,53.25479,50.23017,314161117
314161122,0.69707,53.197513,50.185875,314161122
314163798,8.474409,53.146996,50.061988,314163798
4543041265,4.345069,53.181407,50.08918,4543041265
4772115359,-1.0,53.311306,50.31139755,4772115359
4556702729,9.520389,53.295051,50.319831,4556702729
4686748048,0.976535,53.20475006,50.12198639,4686748048
313969086,0.531292,55.821209,49.10027,313969086
313985508,0.560563,55.768025,49.173824,313985508
313993844,4.602065,55.802057,49.20089,313993844
313995293,1.005436,55.843293,49.098105,313995293
314011948,1.436005,55.752227,49.167059,314011948
314058205,2.920545,55.834952,49.13163,314058205
314076972,0.38257,55.819469,49.101644,314076972
314104176,0.955926,55.824162,49.10548,314104176
314110940,4.738756,55.805052,49.199354,314110940
314121160,1.32513,55.739909,49.197288,314121160
314150151,2.306225,55.765762,49.23234,314150151
314159657,0.939915,55.842726,49.09717,314159657
314159680,0.689565,55.839158,49.092014,314159680
4772288901,3.52509,55.72426605,49.17475891,4772288901
4788025675,4.407103,55.863424,49.015603,4788025675
4787550020,5.561136,55.802234,49.23879,4787550020
4566423486,-1.0,55.78050232,48.9425621,4566423486
4566022248,0.573593,55.85359677484498,49.07618816201629,4566022248
4664861292,1.116707,55.86106873,49.09958649,4664861292
4772368310,-1.0,55.811376,49.434389,4772368310
4647214502,4.521172,55.81087,49.182277,4647214502
4640935862,8.4089,55.863995,49.218066,4640935862
4752166849,-1.0,55.845026,48.905317,4752166849
4456198000,0.640766,56.329093,43.920557,4456198000
4708467087,5.890077,56.299081,44.085326,4708467087
314006585,3.217369,53.239294,50.229021,314006585
314006595,2.082789,53.218751,50.189926,314006595
314009378,1.541689,53.223673,50.23406,314009378
314009379,3.915728,53.243163,50.218708,314009379
314009381,1.602303,53.227215,50.247203,314009381
313909895,4.813169,56.303731,44.069551,313909895
314009382,1.079527,53.201008,50.126631,314009382
314009386,4.211789,53.248826,50.228931,314009386
313910865,1.985347,56.31588,44.025785,313910865
313910873,1.851407,56.307257,44.021428,313910873
314009389,1.636247,53.218497,50.170891,314009389
313911051,5.465987,56.266217,44.015661,313911051
314009443,4.098123,53.245065,50.175715,314009443
313932094,0.984827,56.250867,43.856507,313932094
314013268,1.191064,53.210673,50.207048,314013268
314016031,3.915576,53.242748,50.217567,314016031
314019762,0.719006,53.206677,50.175077,314019762
314006425,1.803146,56.266747,43.875147,314006425
314047264,3.741113,53.245394,50.262384,314047264
314068121,4.426552,53.252048,50.237321,314068121
314009341,4.756739,56.302163,44.067871,314009341
314134626,0.46084,53.211854,50.139953,314134626
314137609,0.724172,56.341667,43.947596,314137609
314152152,6.350063,53.26705,50.21878,314152152
314141066,1.304081,56.311726,44.014664,314141066
314141811,3.688285,56.360502,43.860909,314141811
314152578,0.356141,53.204217,50.23309,314152578
314153072,-1.0,53.305895,50.314909,314153072
314153147,0.857087,53.210317,50.224206,314153147
314153236,0.843866,53.193073,50.180467,314153236
314146058,2.440292,56.229431,43.825856,314146058
314153707,6.968967,53.275073,50.279919,314153707
314150761,0.282066,56.274799,43.924851,314150761
314153965,0.51964,53.205377,50.224906,314153965
314151619,3.109515,56.345424,43.849581,314151619
314152714,0.853289,56.32797,43.930294,314152714
314158384,0.924983,53.191983,50.175544,314158384
314153754,1.178284,56.303601,43.999033,314153754
314156074,4.407792,56.356592,43.837256,314156074
314156327,2.389846,56.347479,43.865894,314156327
314157683,3.481545,56.330999,43.838702,314157683
314152017,1.353801,55.837849,49.102542,314152017
314152585,3.176731,55.728155,49.175971,314152585
314154281,1.014684,55.756037,49.167823,314154281
4542834180,0.582003,53.21197735666056,50.23318554232786,4542834180
4704406027,3.547311,53.237122,50.1815,4704406027
4543098209,2.047172,53.231026,50.253006,4543098209
4643259499,0.520542,53.2053833,50.22491455,4643259499
4787249876,1.845053,55.749288,49.246686,4787249876
4749731334,0.869334,55.757328,49.165676,4749731334
4733794262,0.920969,55.86313248,49.09079361,4733794262
4788321865,3.856397,55.715642,49.183112,4788321865
4787897453,0.518734,55.741992,49.211346,4787897453
4788086111,7.100402,55.680763,49.201213,4788086111
5154106486,2.866011,55.828485,49.138933,5154106486
4858049648,0.881002,55.769089,49.141466,4858049648
4709427346,3.93696,55.78671265,49.23243713,4709427346
4565781354,3.282469,55.825977,49.030363,4565781354
4565584345,0.65138,55.85688019,49.07444382,4565584345
4749466736,1.185212,55.86008,49.101797,4749466736
5153464617,3.342568,55.83124542,49.14492416,5153464617
314006920,-1.0,53.324949,50.31445,314006920
314010735,1.381033,55.748356,49.184325,314010735
314021594,0.581771,55.755799,49.196012,314021594
314081506,4.137209,53.248519,50.265816,314081506
314060901,4.832536,55.815018,49.181603,314060901
314104253,0.874189,55.818837,49.111759,314104253
314135066,2.163779,53.187694,50.140132,314135066
314133531,0.892195,55.813561,49.085214,314133531
314149121,3.442021,53.243244,50.239019,314149121
314150107,-1.0,53.315272,50.308728,314150107
314146817,2.344645,55.784572,49.180848,314146817
314150562,8.705978,53.138311,50.080511,314150562
314150136,1.436005,55.752227,49.167059,314150136
314150649,4.495438,53.241331,50.197544,314150649
314150651,1.337875,53.189339,50.194427,314150651
314151709,1.184208,53.196968,50.145684,314151709
314150266,0.917273,55.863101,49.090774,314150266
314151062,1.845053,55.749288,49.246686,314151062
314151341,0.845894,55.741526,49.206118,314151341
4856407888,0.718002,53.209821,50.15915,4856407888
4565750532,4.331082,53.24307251,50.18785095,4565750532
4977434343,4.956874,53.25661250652351,50.26212845810334,4977434343
4749952890,4.340159,53.251251,50.259644,4749952890
4584987015,3.442336,53.24324799,50.23902893,4584987015
4856090792,4.445098,56.352707,43.832064,4856090792
4630902732,6.034011,53.2662468,50.23289108,4630902732
4468686001,5.503525,56.19266,43.855186,4468686001
4826853269,3.85857,53.24658966,50.23522949,4826853269
4858418348,2.279146,56.30976091608844,44.03002751209544,4858418348
4751736546,1.356756,53.218303,50.22823,4751736546
313873312,1.035306,56.233304,43.863621,313873312
4786727234,0.755297,56.310013,44.004055,4786727234
4455669711,0.146162,53.20134354,50.20166779,4455669711
4687043467,5.392548,56.20304871,43.80650711,4687043467
313876057,1.623785,56.315945,43.892709,313876057
4554930441,0.836762,53.19646249616058,50.20961739273117,4554930441
4469448913,3.109819,56.3454628,43.84960938,4469448913
4556748256,1.429154,56.303157,43.981004,4556748256
313893929,5.594323,56.360058,43.81831,313893929
4646933128,2.225324,56.29434586,44.00219727,4646933128
4937761612,0.726915,56.341692,43.947596,4937761612
313896798,4.047338,56.341583,43.831138,313896798
4647231595,1.337673,56.336074,43.923225,4647231595
313900667,0.550099,56.305659,43.936672,313900667
5004212970,3.089289,56.347684,43.852168,5004212970
313900668,1.435946,56.257053,43.929279,313900668
4469421866,1.700762,56.29969406,44.00448608,4469421866
4977585546,1.788578,56.34840775,43.93297958,4977585546
313903738,5.021437,56.279832,44.047282,313903738
4554615523,1.45858,56.339976,43.92759,4554615523
4668277203,1.826402,56.240483,43.828695,4668277203
4786756375,1.305526,56.31151633988865,44.01461648451493,4786756375
5153766520,4.385996,56.211203,43.903543,5153766520
5153517321,0.854492,56.334537,43.935837,5153517321
313997190,0.484728,56.281336,43.924015,313997190
5003875873,5.598654,56.360123,43.818301,5003875873
4857853908,1.392844,56.302298,43.985056,4857853908
4709430333,5.911937,56.299186,44.085748,4709430333
314030836,3.095355,56.343493,43.848305,314030836
4937794185,2.435624,56.229511,43.825847,4937794185
4938070883,1.910507,56.325339,44.016766,4938070883
314061028,1.087124,56.246566,43.842457,314061028
4709097374,5.925367,56.299341,44.086053,4709097374
4708492558,5.903289,56.300275,44.086143,4708492558
314065593,1.129096,56.335276,43.931336,314065593
4554930670,0.984518,56.305859,44.000938,4554930670
4709130890,5.870533,56.30005,44.085487,4709130890
5153851213,3.688285,56.360502,43.860909,5153851213
5153465622,1.479611,56.344606,43.907289,5153465622
314141807,1.922398,56.347594,43.927842,314141807
314144914,0.446128,56.274644,43.91496,314144914
314145788,1.678667,56.239978,43.831201,314145788
314146170,1.693965,56.299756,44.004468,314146170
314147128,0.816654,56.311217,43.98157,314147128
314148848,0.690285,56.325609,43.933115,314148848
313967984,0.997686,55.756168,49.165873,313967984
313990614,4.44151,55.867778,49.017041,313990614
314012429,1.158448,55.736174,49.206343,314012429
314015925,1.847864,55.827833,49.053117,314015925
314069342,0.118024,55.855386,49.08277,314069342
314102878,0.803866,55.746689,49.19718,314102878
314102885,1.085016,55.863399,49.074147,314102885
314109416,2.979739,55.821143,49.145248,314109416
314109424,2.891182,55.789082,49.184289,314109424
314113741,1.241314,55.779221,49.108723,314113741
314136621,3.39046,55.839941,49.13622,314136621
4827116679,1.203872,55.75436,49.168398,4827116679
4664583107,7.123719,55.681661,49.191565,4664583107
4642749843,2.20277,55.758504,49.242356,4642749843
4858092766,2.723015,55.818953,49.141646,4858092766
4709452873,0.48638,55.78075139183471,49.13867309351893,4709452873
4557244139,4.881077,55.8144910747582,49.18348464780439,4557244139
4858436556,3.01134,55.816793,49.146452,4858436556
4826720828,1.214428,55.85192108,49.0663681,4826720828
4642480584,1.146219,55.778021332356055,49.112578434605695,4642480584
4749822025,1.141775,55.821396,49.114472,4749822025
4787760589,1.071986,55.826529,49.099461,4787760589
4857907236,2.679506,55.81561170789075,49.1411271310003,4857907236
4750223128,2.941529,55.771818,49.234909,4750223128
4826458579,3.048798,55.826336,49.143847,4826458579
4827379467,0.508578,55.773064,49.146757,4827379467
4937785089,2.307015,55.765767,49.232349,4937785089
4937579799,6.90569,55.726867,49.324785,4937579799
4858192043,3.022076,55.81877292077858,49.14646481684556,4858192043
314000467,0.221961,53.201386,50.162824,314000467
314000471,4.590569,53.253551,50.237411,314000471
314000479,2.80158,53.237515,50.278284,314000479
314000486,4.438223,53.245388,50.18512,314000486
314000493,0.474577,53.209988,50.253724,314000493
314000503,6.886462,53.27432,50.279263,314000503
314000520,0.484329,53.21042,50.14218,314000520
314000526,3.78736,53.245243,50.231123,314000526
314000534,4.479047,53.181672,50.085901,314000534
314000557,4.627514,53.253422,50.233368,314000557
314000564,1.369372,53.216168,50.168223,314000564
314000569,0.311713,53.202346,50.224915,314000569
314000576,8.356584,53.147779,50.063201,314000576
314000584,8.356584,53.147779,50.063201,314000584
314000588,7.578533,53.152364,50.072723,314000588
314000596,0.553036,53.205075,50.174376,314000596
314000605,1.65977,53.221619,50.228356,314000605
314000610,3.436889,53.23903,50.221178,314000610
314000616,3.02562,53.239412,50.27647,314000616
314000621,5.43163,53.257489,50.2156,314000621
314000627,7.852481,53.148125,50.076487,314000627
314000642,7.601679,53.151079,50.075499,314000642
314000648,1.358219,53.188897,50.196448,314000648
314000654,-1.0,53.114838,50.082416,314000654
314000659,0.731943,53.199746,50.188812,314000659
314000664,3.69805,53.245114,50.235282,314000664
314000672,1.55277,53.187181,50.203275,314000672
314000680,1.94484,53.192107,50.134042,314000680
314000684,2.340252,53.221862,50.203347,314000684
314000690,2.157138,53.181839,50.20491,314000690
314000694,2.510979,53.234993,50.284914,314000694
314000700,0.814425,53.20693,50.206617,314000700
314000707,-1.0,53.101632,50.032972,314000707
314000710,9.760028,53.141935,50.041291,314000710
314000715,5.763611,53.255911,50.200517,314000715
314000719,0.746191,53.206979,50.176487,314000719
4469099200,2.987823,53.230061,50.181958,4469099200
314001286,6.252887,53.265908,50.217693,314001286
4624847578,1.512409,53.22546387,50.15080261,4624847578
4858373820,0.554199,53.20508,50.17434,4858373820
314023187,1.179725,53.211466,50.21418,314023187
314067244,1.179725,53.211466,50.21418,314067244
314097869,0.718401,53.214825,50.260534,314097869
314144252,3.319556,53.185001,50.10605,314144252
314145663,2.699923,53.229635,50.219274,314145663
314145708,0.592375,53.215985,50.273712,314145708
314145989,0.60377,53.195166,50.173469,314145989
314146899,1.147475,53.221824,50.153751,314146899
313962557,-1.0,55.867667,48.880057,313962557
314102870,3.26504,55.736635,49.154177,314102870
314112586,3.890624,55.723481,49.168173,314112586
314142675,0.761369,55.764718,49.15442,314142675
314144360,2.199897,55.758483,49.242329,314144360
314145092,2.163044,55.732737,49.190622,314145092
314145093,2.163044,55.732737,49.190622,314145093
4556625913,0.454973,53.211832,50.139872,4556625913
4771812876,2.712397,53.23681641,50.28459167,4771812876
4556523350,-1.0,53.31791422691364,50.30600716267386,4556523350
4771480752,0.473837,53.20546341,50.13598251,4771480752
4749462866,2.520777,53.223128,50.191866,4749462866
4977624998,-1.0,53.304086696896704,50.28542622306884,4977624998
5004069032,1.565554,53.22635651,50.27879715,5004069032
4977712496,0.567822,53.2016449,50.21194458,4977712496
4826869923,0.750969,53.201941,50.187402,4826869923
4772323371,3.963913,53.190202,50.084419,4772323371
313966549,2.766649,56.33319,43.850111,313966549
313992781,3.411929,56.319619,44.048055,313992781
313994842,1.132815,56.255898,43.919488,313994842
314106419,3.723039,56.346926,43.839897,314106419
314106427,0.155652,56.284394,43.929998,314106427
314111653,1.898216,56.344616,43.871949,314111653
314138355,1.48111,56.344646,43.907217,314138355
314140840,1.394386,56.302298,43.984993,314140840
4838318118,0.873503,55.74607549919158,49.19650659566137,4838318118
314141564,0.556397,56.271146,43.916362,314141564
5004122072,1.934149,55.76337051,49.2281723,5004122072
4565713892,1.497463,55.83792877,49.10501099,4565713892
4749602872,2.492506,55.81479645,49.13805389,4749602872
4938148139,3.461328,55.77861404,49.23537445,4938148139
4585022732,7.451578,55.712036,49.323447,4585022732
4858073111,4.266793,55.82808246746386,49.16333678042599,4858073111
4771522881,3.635582,55.72257233,49.1749382,4771522881
4788232867,7.229099,55.679651,49.200566,4788232867
4751677403,1.386284,55.74877167,49.18212509,4751677403
4788024190,7.708736,55.713152,49.32907,4788024190
4751805350,2.677951,55.78615189,49.18723679,4751805350
4646528973,1.880974,55.82727051,49.05262375,4646528973
313991529,1.192747,53.209238,50.186297,313991529
313993934,2.644022,53.186776,50.1231,313993934
313995876,5.095469,53.254101,50.215375,313995876
313967979,0.689565,55.839158,49.092014,313967979
314001063,0.755793,53.201968,50.187465,314001063
314042884,2.865789,53.229597,50.215249,314042884
313995522,2.871662,55.776477,49.226429,313995522
314015911,1.716006,55.763802,49.220608,314015911
314015912,1.068198,55.852238,49.068649,314015912
314111855,7.959175,53.14732,50.075615,314111855
314056998,1.34314,55.748974,49.183049,314056998
314102808,1.205324,55.738601,49.202112,314102808
314138536,0.696054,53.195328,50.219454,314138536
314138786,1.910446,53.228347,50.266301,314138786
314109362,0.911606,55.742392,49.203046,314109362
314139742,0.553055,53.196693,50.222158,314139742
314140157,0.468564,53.209799,50.142926,314140157
314140812,1.347126,53.216001,50.222319,314140812
314140967,5.105292,53.253912,50.214396,314140967
314140971,0.45721,53.216287,50.244723,314140971
314140977,1.302863,53.188568,50.176281,314140977
314141656,2.520356,53.223123,50.191857,314141656
314140895,-1.0,55.822094,48.896621,314140895
314141504,9.855664,55.847063,48.925152,314141504
314142049,3.048271,55.826336,49.143838,314142049
4856196780,4.891481,53.182179,50.076963,4856196780
4704284484,5.111682,53.255539,50.220244,4704284484
4686971395,1.182221,53.211482,50.214145,4686971395
4750115450,5.095971,53.254106,50.215375,4750115450
4469269115,0.839311,53.19310379,50.18040466,4469269115
4668386823,-1.0,53.31205,50.311899,4668386823
4456107070,1.740757,53.194006,50.136566,4456107070
313968487,3.032945,55.823798,49.14506,313968487
313988387,3.260912,55.800266,49.055192,313988387
314006094,1.198295,55.761938,49.148293,314006094
314087505,0.208621,55.7613,49.193631,314087505
314133529,2.735688,55.827606,49.137397,314133529
314137239,4.363123,55.842671,49.15186,314137239
314138228,-1.0,55.819145,48.900736,314138228
314139038,3.335036,55.796977,49.182151,314139038
4646668702,3.532852,55.788439,49.216574,4646668702
4788155274,3.735032,55.788034,49.224138,4788155274
4668666767,1.540439,55.8184166,49.06511688,4668666767
4542518922,3.615943,55.82825851,49.15222931,4542518922
4938189711,0.795107,55.746704,49.197323,4938189711
4585249709,3.671619,55.784481,49.230516,4585249709
4469429431,-1.0,55.80811691,49.44510651,4469429431
4708950105,3.325286,55.783256,49.224605,4708950105
4734012441,4.351043,55.719252,49.165029,4734012441
4838320273,7.915286,55.72003937,49.33778381,4838320273
4749800811,-1.0,55.819171,48.900736,4749800811
4795341815,0.728684,55.76174545,49.20223618,4795341815
4646952812,1.064283,55.839582,49.065783,4646952812
4787551115,1.555934,55.786516,49.160699,4787551115
4787402618,0.981736,55.819332,49.081953,4787402618
4787940637,2.560418,55.870839,49.053934,4787940637
313962970,1.185558,53.208872,50.186988,313962970
313962971,1.192747,53.209238,50.186297,313962971
313965904,7.393073,53.278288,50.267379,313965904
313989382,1.694722,53.228056,50.247589,313989382
313989389,4.226339,53.24347,50.184204,313989389
313990061,3.791204,53.23468,50.191561,313990061
313991276,2.127845,53.19215,50.121106,313991276
313991284,-1.0,53.118103,50.075112,313991284
313991287,4.065921,53.243325,50.180089,313991287
314030755,1.292264,53.210802,50.184671,314030755
4786921078,2.835416,53.23687744,50.26249313,4786921078
314055389,2.299478,53.195339,50.109257,314055389
4703871136,2.441561,53.222735,50.195181,4703871136
314079527,5.325747,53.259148,50.228347,314079527
4686517265,9.839435,53.29696274,50.32601166,4686517265
4565846318,1.910931,53.228352,50.26631,4565846318
314082937,0.727074,53.203149,50.13229,314082937
314087964,1.801459,53.191157,50.141785,314087964
313954404,1.009563,56.328898,43.933106,313954404
314135035,2.441561,53.222735,50.195181,314135035
314137065,0.683019,53.217095,50.266211,314137065
314137067,3.547377,53.237106,50.181536,314137067
314009708,2.329747,56.230577,43.826611,314009708
314137092,3.279112,53.232352,50.184356,314137092
314046793,3.184194,56.298152,44.036987,314046793
314137095,-1.0,53.307331,50.286809,314137095
314137238,-1.0,53.305895,50.314909,314137238
314127363,0.785735,56.246831,43.848673,314127363
314133968,0.574759,56.308595,43.945799,314133968
314134712,4.645023,56.231518,43.960352,314134712
314135802,1.295961,56.343623,43.93502,314135802
314136902,3.095355,56.343493,43.848305,314136902
314137443,1.305297,56.230847,43.864142,314137443
314137496,5.73212,56.264057,44.017799,314137496
4856328896,0.059144,56.299436,43.938855,4856328896
313988402,2.603085,55.76639,49.238089,313988402
313989136,1.06634,55.736402,49.208094,313989136
313990946,1.476962,55.851,49.062504,313990946
314096169,1.265369,55.819919,49.117697,314096169
314135371,0.981736,55.819332,49.081953,314135371
4667514231,2.260952,53.231527,50.266543,4667514231
4838097241,2.880861,53.2332077,50.22182465,4838097241
4937639810,3.815832,53.235058,50.193654,4937639810
4858310342,-1.0,53.101129,50.169947,4858310342
4640550515,4.089685,53.24097,50.186485,4640550515
4734106400,8.718805,53.13815760993603,50.08061032599365,4734106400
4646926336,4.516056,53.251924136663234,50.23027134248693,4646926336
4788257180,-1.0,53.112514,50.135219,4788257180
4555176495,1.418773,55.85196304,49.06290817,4555176495
4749738542,1.209565,55.789082,49.143218,4749738542
4795380337,2.735688,55.827606,49.137397,4795380337
4794541621,0.891671,55.813561,49.085223,4794541621
313969081,1.032808,53.207205,50.186791,313969081
314000669,3.344606,53.23102,50.187644,314000669
313986231,2.382913,55.767311,49.10521,313986231
313986233,2.774484,55.776512,49.224354,313986233
313987523,1.540464,55.8482,49.06025,313987523
313987537,1.303071,55.749187,49.183849,313987537
313987636,0.365517,55.785655,49.130785,313987636
314013083,0.513062,55.756341,49.195482,314013083
314132712,4.472694,53.251622,50.230889,314132712
314132912,4.089685,53.24097,50.186485,314132912
314133421,-1.0,53.32063,50.312241,314133421
314133910,7.691118,53.14833,50.080915,314133910
314134093,0.593273,53.207933,50.14263,314134093
314133200,1.204579,55.789092,49.143128,314133200
314133294,3.356396,55.779459,49.232079,314133294
314133411,2.127093,55.786769,49.171686,314133411
313954299,5.785428,56.367981,43.825227,313954299
313989428,5.592217,56.286802,44.070099,313989428
314111348,3.631976,56.295125,43.87203,314111348
314130397,5.094899,56.238442,43.978399,314130397
314131495,4.499805,56.306318,43.840634,314131495
314131723,2.146578,56.319804,43.86999,314131723
5154187649,4.571309,56.207643,43.817843,5154187649
4786548417,2.219325,56.32672882,44.02121353,4786548417
4838331514,2.980247,56.21533328152178,43.86053093211824,4838331514
4667712048,1.593379,56.34172058,43.91561508,4667712048
4554879426,5.400711,56.201014,43.811636,4554879426
4837903799,4.683387,56.312035,44.069533,4837903799
4857740690,1.581438,56.227915,43.860271,4857740690
314032636,2.914764,55.741718,49.145724,314032636
4625395257,5.454603,56.27524,44.04827,4625395257
4794721340,0.237357,56.31898505458461,43.92404023004492,4794721340
4640597366,3.243552,56.339248,43.843517,4640597366
314078468,2.29998,55.772163,49.220814,314078468
4668625952,0.808322,56.33625412,43.93664551,4668625952
314081630,8.08876,55.860418,49.213493,314081630
4555366257,5.194864,56.304066,44.07601,4555366257
4788106346,0.570376,56.3087616,43.94584274,4788106346
5153903436,3.723039,56.346926,43.839897,5153903436
5153797978,1.483127,56.345394,43.934031,5153797978
4557272979,1.948591,56.32511,43.866963,4557272979
5153621626,1.69733,56.230602,43.876063,5153621626
5153552370,1.107129,56.232128,43.858771,5153552370
5153763210,4.184308,56.258103,43.980331,5153763210
314131119,2.435009,55.813455,49.136867,314131119
5153865998,0.671086,56.319799,43.994865,5153865998
314131222,1.346726,55.833577,49.101797,314131222
5153442700,2.327016,56.293712,44.004325,5153442700
4667682469,4.408455,56.204514,43.880555,4667682469
5153417404,3.85737,56.360457,43.856201,5153417404
4788429047,5.09534,56.238442,43.978408,4788429047
5003959429,5.111969,56.29876709,44.07196045,5003959429
4646536579,1.472472,56.341578,43.928677,4646536579
4468736090,0.525277,56.27182383315874,43.91969868978606,4468736090
4542777965,1.154019,55.82188797,49.11420059,4542777965
4787611175,0.755308,55.770806,49.147575,4787611175
4837815125,2.65216,55.83133698,49.13159561,4837815125
4794549017,3.336297,55.796977,49.182178,4794549017
4787952862,2.534958,55.817284,49.138834,4787952862
4702439521,0.870012,55.784729,49.144323,4702439521
4977469332,5.469359,55.8000946,49.24177933,4977469332
314034704,5.368722,53.252387,50.202404,314034704
314077464,1.591048,53.215424,50.214666,314077464
314120213,-1.0,53.324019,50.312321,314120213
314130179,0.447089,53.19905,50.158135,314130179
313962117,1.81267,55.773849,49.206657,313962117
313983512,1.489646,55.778213,49.171425,313983512
314078463,0.430663,55.74937,49.201815,314078463
314130254,0.671348,55.824476,49.074093,314130254
4668064459,1.685399,53.185816,50.200194,4668064459
4787568349,0.287889,53.200819,50.172301,4787568349
4709424126,2.526681,53.22341537,50.19404984,4709424126
5003859254,0.5365,53.204163,50.181257,5003859254
4978394603,4.150823,53.241999,50.185731,4978394603
5154386390,2.582592,53.192819,50.107461,5154386390
4838234483,1.411016,53.192981,50.147157,4838234483
4703753056,2.252106,53.19258881,50.11588669,4703753056
4937814186,3.899436,53.235834,50.194004,4937814186
4749724161,2.256975,53.231818,50.272436,4749724161
5003732491,0.352114,53.21009445,50.27910995,5003732491
4456073985,4.379798,53.1870842,50.08041382,4456073985
4469071112,0.368315,53.19881439,50.17156601,4469071112
4469295943,6.0586,53.262924,50.212887,4469295943
4749763724,1.583061,53.225463,50.267504,4749763724
4749771644,3.661742,53.244585,50.262833,4749771644
5154359736,8.947124,53.135431,50.082487,5154359736
4554995739,6.976097,53.27513885,50.28003693,4554995739
4937881469,7.03651,53.275639,50.277943,4937881469
4664834734,9.444152,53.29511642,50.31472015,4664834734
4750376884,-1.0,53.324019,50.312321,4750376884
4542492475,-1.0,53.307326,50.283863,4542492475
313911270,0.30723,56.325744,43.917062,313911270
313958361,6.779114,56.362736,43.798907,313958361
4937626057,2.888909,55.789062,49.18428,4937626057
4598738369,3.363867,55.77983856,49.23166656,4598738369
313981434,0.738004,56.280032,43.935478,313981434
4542770138,1.317524,55.73999,49.197288,4542770138
4788318318,5.397169,55.79532191323949,49.250212408316,4788318318
4468528168,2.496231,55.7904129,49.17442703,4468528168
4456219728,7.836255,55.713349,49.331496,4456219728
4456447694,0.418315,55.750236,49.20195,4456447694
4584738447,-1.0,55.866364,48.874433,4584738447
4749610032,2.302066,55.78459157682533,49.17887397383742,4749610032
4542586144,8.284646,55.70954514,49.33610535,4542586144
4665117683,0.361322,55.83068085,49.0790062,4665117683
4641374720,-1.0,55.856593,48.904572,4641374720
4646703474,2.140412,55.82383347,49.13002014,4646703474
314114985,0.846482,56.244525,43.845098,314114985
4668655156,0.450764,55.75614166,49.19048691,4668655156
4468976318,5.27021,55.813182,49.196704,4468976318
4646859571,-1.0,55.62130356,49.14467239,4646859571
4938220184,0.667969,55.770978,49.142697,4938220184
4937930924,0.689927,55.814386,49.088106,4937930924
4542720289,1.191391,55.82260895,49.11408615,4542720289
4772213476,5.134591,55.81213,49.195563,4772213476
4598637177,1.53377,55.782446,49.165011,4598637177
4752062248,3.70348,55.722928,49.173015,4752062248
4937463976,1.237785,55.779211,49.108804,4937463976
4749897357,4.742104,55.877667,49.019789,4749897357
4640897503,7.310472,55.809387215132965,49.26811602330064,4640897503
4542690910,1.154019,55.82188797,49.11420059,4542690910
4787952337,0.921722,56.332801,43.935361,4787952337
4556715498,4.626173,56.3546524,43.83070755,4556715498
4554649603,5.116428,56.30388678746816,44.07464310317991,4554649603
4977544394,2.358357,56.30738068,44.03023911,4977544394
4598739080,0.640455,53.218557,50.247391,4598739080
4771478397,2.177898,53.22912979,50.2303772,4771478397
4977425833,0.88323,53.20946503,50.2215004,4977425833
4788051450,4.849345,53.25505007418796,50.23043397740474,4788051450
4857617329,0.449303,53.209465,50.143645,4857617329
4857678355,4.067266,53.244672,50.176002,4857678355
4978254709,2.987823,53.230061,50.181958,4978254709
4468559543,-1.0,53.30571747,50.31367874,4468559543
313974313,2.166814,53.231328,50.258593,313974313
313980292,8.356584,53.147779,50.063201,313980292
314125985,6.679766,56.248106,43.75082,314125985
314126325,4.224668,56.298692,44.056535,314126325
4857452059,6.932908,53.267071,50.197265,4857452059
4857874019,2.13696,53.182497,50.208386,4857874019
4556496963,3.628983,56.295115,43.872075,4556496963
4643458419,0.489752,53.19944,50.15578079,4643458419
314079349,1.762551,56.327236,44.008969,314079349
314125266,4.224668,56.298692,44.056535,314125266
4857829313,0.993972,53.209141,50.20553,4857829313
314025205,0.71514,55.832303,49.073904,314025205
4855611468,-1.0,53.51584244,50.13630676,4855611468
314107821,5.206115,56.279387,44.050857,314107821
4664587976,3.358044,55.77948761,49.23207092,4664587976
4641334954,0.878822,53.207982,50.179371,4641334954
4787895891,4.442779,56.30567932,43.84295273,4787895891
4856375333,2.660056,55.81372983519804,49.1405513254089,4856375333
314033542,1.437256,53.18737,50.177376,314033542
314121906,0.533445,56.272285,43.917125,314121906
4456113504,2.814045,55.81458142075466,49.14316863232591,4456113504
4838155050,1.901101,56.344666,43.871967,4838155050
314121133,0.45721,53.216287,50.244723,314121133
313946008,4.548547,56.23518,43.963119,313946008
313974262,0.270182,55.828784,49.07844,313974262
314056581,-1.0,53.312007,50.309285,314056581
314120371,-1.0,53.307321,50.283863,314120371
313956583,1.314185,55.808498,49.083094,313956583
313956664,0.403143,55.740892,49.222961,313956664
314021853,4.602735,55.870723,49.016169,314021853
314011030,1.282038,56.291489,43.910603,314011030
314060972,6.80439,56.361998,43.797721,314060972
313983061,-1.0,53.319172,50.308899,313983061
314113787,2.251752,53.192582,50.115914,314113787
314116019,8.405457,53.28681,50.223029,314116019
314116087,0.878588,53.205328,50.123109,314116087
314117454,0.960503,53.192382,50.19793,314117454
314117431,0.419997,55.750297,49.201932,314117431
314117812,-1.0,55.866369,48.874361,314117812
314118102,-1.0,55.856093,48.90989,314118102
313980369,2.649656,53.233225,50.227952,313980369
313983389,8.318716,53.144106,50.074169,313983389
4856286029,3.199698,56.30051,43.884211,4856286029
314104693,2.579716,53.192814,50.107532,314104693
313968927,2.311266,56.312734,43.883034,313968927
314114729,3.81999,53.247064,50.244139,314114729
314115102,0.903367,53.193353,50.183575,314115102
314113731,4.337091,56.229697,43.95083,314113731
314116277,-1.0,53.395314,50.176784,314116277
314114023,2.337615,56.232994,43.824015,314114023
314115631,5.589067,56.27276,44.045908,314115631
313968492,2.747139,55.768891,49.092733,313968492
313968494,2.747139,55.768891,49.092733,313968494
314113988,1.958424,55.766187,49.220626,314113988
314114585,2.10929,55.768902,49.220796,314114585
4669081192,0.932509,55.76743317,49.18353271,4669081192
4625204327,1.145333,55.826589,49.102425,4625204327
313967831,2.661768,53.230298,50.221205,313967831
313999681,1.159503,53.217246,50.163902,313999681
314112964,3.806659,53.187003,50.091399,314112964
314113539,4.758291,53.254456,50.264756,314113539
314113540,4.461432,53.246682,50.212635,314113540
314113541,8.207244,53.144825,50.075454,314113541
314113542,0.357642,53.200172,50.215609,314113542
314113709,2.256625,53.231813,50.272427,314113709
313956559,7.251734,55.679747,49.197521,313956559
313966008,2.968964,55.826114,49.142634,313966008
313966146,4.351043,55.719252,49.165029,313966146
313966147,0.617208,55.787336,49.115622,313966147
313966528,9.337479,55.870587,49.231343,313966528
314019728,3.948404,55.833304,49.153944,314019728
314056429,2.677536,55.786151,49.187226,314056429
314068292,2.822458,55.836519,49.126213,314068292
313919630,1.908937,56.306583,44.021905,313919630
314110339,1.175521,56.231828,43.862669,314110339
314111864,2.323722,56.293727,44.004226,314111864
4555128419,4.340245,56.229682,43.950875,4555128419
4938407163,2.979835,55.821148,49.145248,4938407163
4837724685,3.889709,55.72347,49.168218,4837724685
4794759906,0.997197,55.737056,49.208436,4794759906
4794943172,3.539215,55.780259,49.234684,4794943172
4795302675,-1.0,55.621729,49.155103,4795302675
313918284,3.100995,55.84262,49.131711,313918284
4646998925,0.689335,55.756123,49.209612,4646998925
4858418489,0.359871,55.774780180533966,49.13836970367427,4858418489
4701813283,0.455593,55.816667,49.091152,4701813283
4647016888,1.388915,55.821578,49.063753,4647016888
313962238,3.169633,55.722872,49.184684,313962238
4665349379,2.955683,55.77980804,49.22267532,4665349379
4469068274,0.657788,55.78626633,49.11454391,4469068274
313963580,-1.0,55.859963,48.904886,313963580
313963591,1.656519,55.822984,49.057806,313963591
4858237711,2.435672,55.812092488257925,49.13645243389889,4858237711
313963597,0.806418,55.842469,49.095068,313963597
4667835711,7.560853,55.72243118,49.33327484,4667835711
314080454,0.473798,55.767919,49.172216,314080454
314111633,0.455578,55.816662,49.091152,314111633
313962395,1.94484,53.192107,50.134042,313962395
313963547,2.228195,53.225274,50.173837,313963547
313963551,2.50666,53.226724,50.217702,313963551
313963558,2.606794,53.188783,50.116246,313963558
313963564,1.097496,53.195587,50.149313,313963564
313963568,6.274968,53.262191,50.202996,313963568
313963573,6.422527,53.266963,50.21507,313963573
313999142,4.055524,53.247797,50.267657,313999142
313999686,2.381601,53.232638,50.267037,313999686
314000551,1.85408,53.221091,50.221008,314000551
314105931,4.131162,53.245227,50.17629,314105931
314108498,0.583647,53.207329,50.284276,314108498
314108502,0.911234,53.194648,50.166606,314108502
314109710,-1.0,53.31283,50.305898,314109710
314109933,0.786808,53.198635,50.150993,314109933
314109935,2.139169,53.182481,50.208413,314109935
314109938,1.680739,53.215009,50.209015,314109938
314109939,-1.0,53.120735,50.081095,314109939
314109943,1.78041,53.220546,50.221636,314109943
314109946,5.897652,53.259875,50.207758,314109946
314109955,-1.0,53.307347,50.282479,314109955
314109956,-1.0,53.305502,50.283126,314109956
314109957,5.43163,53.257489,50.2156,314109957
314109958,0.449303,53.209465,50.143645,314109958
314109959,6.933515,53.274734,50.278823,314109959
314109964,4.065103,53.244661,50.175966,314109964
314110771,2.01647,53.191524,50.131715,314110771
314110792,0.11391,53.199508,50.175382,314110792
4752026761,0.383605,53.20415878,50.2324791,4752026761
313914611,3.173345,55.821376,49.148311,313914611
313960169,0.445467,55.756189,49.190496,313960169
313960180,0.466186,55.762465,49.172269,313960180
314110787,3.541597,55.780243,49.234756,314110787
313949740,0.719905,56.332202,43.883357,313949740
313958123,5.523212,56.275729,44.051118,313958123
313958124,5.395851,56.275539,44.047417,313958124
313958345,0.434599,56.311886,44.000049,313958345
313958378,0.912452,56.328683,43.958394,313958378
314046555,0.810506,56.332337,43.937589,314046555
314083092,3.934289,56.362357,43.858744,314083092
314106407,1.115472,56.232053,43.858771,314106407
4455550401,0.639788,53.215176,50.262474,4455550401
4456255700,2.506765,53.234977,50.280943,4456255700
4599112638,4.476108,53.25268173,50.2393074,4599112638
314106804,4.224668,56.298692,44.056535,314106804
314108378,0.922419,56.332796,43.935352,314108378
314109526,4.08631,56.342401,43.830851,314109526
314109545,4.182477,56.258083,43.980277,314109545
4751842875,2.827195,53.23766195107809,50.28808930124566,4751842875
4938247831,2.50666,53.226724,50.217702,4938247831
4455739579,-1.0,53.31652,50.307462,4455739579
4624970087,4.724267,53.254772,50.237457,4624970087
4668201195,0.718401,53.214825,50.260534,4668201195
4857887540,2.242418,55.78168728208532,49.18685037567135,4857887540
4436992948,1.641743,53.190251,50.147606,4436992948
4788185363,-1.0,55.845046,48.907069,4788185363
4771951140,0.951318,53.20655441,50.18881989,4771951140
4787785204,3.521305,55.724231,49.174884,4787785204
4750019854,-1.0,53.30561066,50.33272171,4750019854
4857606371,0.468068,55.76279242943661,49.19680869178768,4857606371
4646586588,1.063975,55.835923,49.095347,4646586588
4937549687,0.911959,55.742397,49.20301,4937549687
4794521397,0.878508,55.818837,49.111831,4794521397
4857833316,5.57485,55.8064329485486,49.225003933868365,4857833316
4787268724,5.540285,55.80091858,49.24167252,4787268724
4646542657,0.744333,55.743036,49.230786,4646542657
4795000215,3.403572,55.782866,49.227318,4795000215
4646977542,3.532852,55.788439,49.216574,4646977542
4787507677,4.922429,55.787457,49.252696,4787507677
4787931980,-1.0,55.615268,49.139472,4787931980
4857957503,5.561436,55.80637252511923,49.22470352645868,4857957503
5153677816,1.518483,56.270186,43.889816,5153677816
5003720414,0.650979,56.312435,44.004154,5003720414
5153440094,4.133287,56.234695,43.954333,5153440094
5153818890,1.628163,56.315865,43.892745,5153818890
5154291562,6.109293,56.299066,44.089,5154291562
5154179513,0.159085,56.284384,43.930052,5154179513
4838111264,1.059547,56.32990265,43.87881088,4838111264
4437044284,1.301803,56.23419571,43.84248352,4437044284
4667759052,1.304756,56.32494,44.000435,4667759052
4701642807,5.742131,56.367123,43.824796,4701642807
4709454828,5.205292,56.279457,44.050974,4709454828
313927939,0.762997,53.219597,50.246538,313927939
4752136525,4.227803,56.298702,44.056598,4752136525
4751676689,4.306028,56.20880787253128,43.82257801124218,4751676689
313947420,6.078116,53.263931,50.216283,313947420
5153426111,4.24976,56.29026794,43.85743332,5153426111
5153795508,1.592342,56.270146,43.888559,5153795508
313957929,0.751379,53.21874,50.24298,313957929
5153507832,0.725706,56.252907,43.86991,5153507832
313957932,9.304378,53.143113,50.04978,313957932
4664823890,2.873946,56.322834,44.037427,4664823890
313957934,2.424811,53.189695,50.119363,313957934
313957936,9.565295,53.142805,50.04412,313957936
313957938,9.565295,53.142805,50.04412,313957938
313999288,-1.0,53.115827,50.084113,313999288
313999608,9.680367,53.125047,50.095639,313999608
314000302,0.960997,53.192323,50.199241,314000302
314106077,2.740179,53.236901,50.287735,314106077
314106087,0.407877,53.206332,50.131365,314106087
314106675,-1.0,53.304523,50.283899,314106675
314107489,0.400933,53.209034,50.284366,314107489
314107817,0.953949,53.206585,50.188812,314107817
314108265,0.493828,53.205161,50.133557,314108265
313956579,-1.0,55.865556,48.881548,313956579
313958837,3.303985,55.794867,49.184594,313958837
313965893,2.903346,55.776472,49.227085,313965893
313965894,3.589129,55.786288,49.224515,313965894
313905596,4.193897,55.834896,49.156863,313905596
313907307,7.101977,55.681554,49.193847,313907307
313908778,0.606079,55.818822,49.107205,313908778
313948318,2.559571,55.813754,49.138942,313948318
313954751,2.164757,55.822483,49.131306,313954751
313954753,1.482016,55.836312,49.10362,313954753
313954755,0.439728,55.739894,49.220581,313954755
313956576,0.629766,55.756989,49.199246,313956576
313956641,4.979598,55.787604,49.253648,313956641
4542800529,1.969198,55.78804250982919,49.1670602599049,4542800529
313956651,2.979739,55.821143,49.145248,313956651
4708812114,2.461009,55.790418,49.173716,4708812114
313956670,1.489646,55.778213,49.171425,313956670
313956677,3.622161,55.803347,49.176393,313956677
4749577000,1.881679,55.77868796550303,49.18440788796515,4749577000
313957196,1.214572,55.851919,49.066367,313957196
4543427652,1.191914,55.82261,49.114095,4543427652
4584753958,2.883492,55.743132,49.142266,4584753958
313962576,4.086074,55.802047,49.190146,313962576
4624679924,-1.0,55.86442566,48.87744141,4624679924
4749592112,-1.0,55.86242294,48.89891052,4749592112
4667822041,6.173196,55.68938,49.199668,4667822041
4787745624,0.916002,55.783109,49.152309,4787745624
4858344083,1.884173,55.77823241600648,49.185510066872766,4858344083
4646730367,0.531415,55.82359695,49.085186,4646730367
314016965,0.527687,55.823621,49.085124,314016965
4585032996,0.458293,55.767398,49.172611,4585032996
4702288468,1.267361,55.819914,49.117733,4702288468
314042628,5.64057,55.829861,49.18525,314042628
314088246,3.214937,55.731252,49.169601,314088246
314091741,3.169633,55.722872,49.184684,314091741
313872758,2.057336,56.239798,43.825084,313872758
313872759,7.828815,56.37827,43.79755,313872759
313902268,1.809968,56.269071,43.881336,313902268
313906685,5.104395,56.293102,44.067503,313906685
313921401,1.232296,56.232133,43.866792,313921401
313921405,3.082751,56.343723,43.848691,313921405
313921408,0.699005,56.309619,44.002357,313921408
313926972,0.943808,56.286468,43.942907,313926972
313926976,2.851678,56.291743,44.01735,313926976
313943467,1.742792,56.267462,43.879998,313943467
313948380,1.035271,56.293602,43.951764,313948380
313899386,5.333042,53.258857,50.226173,313899386
313949347,1.735589,56.301444,43.976818,313949347
313906173,1.803644,53.19242,50.139782,313906173
313949350,5.275303,56.302293,44.076603,313949350
313923011,0.604094,53.196256,50.195055,313923011
313958934,1.08159,56.261593,43.882477,313958934
313933789,4.129209,53.241579,50.209339,313933789
313958936,2.515913,56.291439,43.999824,313958936
313941381,7.787582,53.252317,50.378455,313941381
313942183,1.110049,53.215327,50.164602,313942183
313967990,1.050784,56.337352,43.933025,313967990
313949115,1.060889,53.201671,50.125328,313949115
313959888,5.974931,53.264448,50.223792,313959888
313985510,1.746948,56.241554,43.829854,313985510
313998672,3.601526,53.23869,50.179281,313998672
313998800,1.032454,53.194065,50.209922,313998800
314008829,4.572318,56.312764,44.067782,314008829
313999758,1.098864,53.191308,50.196079,313999758
314000461,3.943956,53.242241,50.17955,314000461
314034964,0.546154,56.324755,43.941478,314034964
314037261,5.334712,56.283819,44.061143,314037261
314037448,0.775749,53.205954,50.183242,314037448
314037306,5.79995,56.274245,44.054882,314037306
314100255,2.001094,53.191621,50.135587,314100255
314102250,1.470829,53.225808,50.24422,314102250
314102546,0.491737,53.203031,50.182263,314102546
314102548,0.88301,53.20803,50.179299,314102548
314103534,3.969598,53.237817,50.189854,314103534
314104198,1.662139,53.186652,50.192423,314104198
314099049,2.588648,56.294466,44.017161,314099049
314103086,3.288871,56.303322,44.043608,314103086
314103244,4.224668,56.298692,44.056535,314103244
314103901,3.177678,56.350288,43.853605,314103901
4585407034,-1.0,53.32300702182103,50.313614320022126,4585407034
4858146884,1.726353,53.22777,50.278284,4858146884
4565594104,1.470731,53.22580719,50.24422073,4565594104
4709151565,-1.0,53.30452347,50.2838974,4709151565
4795227398,-1.0,53.379386,50.17991,4795227398
4708729297,4.137378,53.248519,50.265825,4708729297
4455685720,-1.0,53.322636,50.307812,4455685720
4542685123,0.660452,56.27360535,43.91203308,4542685123
4787865805,4.975434,56.293772,44.065778,4787865805
4686770275,4.37948,56.21127,43.90356,4686770275
4543277297,0.93076,56.29998016,43.95314789,4543277297
4794492431,0.436277,56.270166,43.915517,4794492431
4555373169,1.931906,56.2385788,43.82749176,4555373169
4838370238,0.868001,56.291983,43.921185,4838370238
4598550628,2.713399,56.21812057,43.86617279,4598550628
4646501479,1.295961,56.343623,43.93502,4646501479
4702237736,0.451594,56.303042,43.936969,4702237736
4751710984,5.765528,56.193717,43.891299,4751710984
4555244268,2.13632,56.317313,44.02786,4555244268
5154116624,1.358191,56.241614,43.836124,5154116624
4599455039,5.879823,56.262177,44.013954,4599455039
4554942511,1.148132,56.234235,43.845961,4554942511
5003778719,0.846008,56.307117,44.000444,5003778719
4557440639,1.296933,56.33169385204339,43.87406208880735,4557440639
4542649906,1.338148,56.23323059,43.87265015,4542649906
5003936990,1.762547,56.32723618,44.00896835,5003936990
313878146,3.817684,55.724302,49.168272,313878146
313879603,0.720292,55.772299,49.134648,313879603
313899943,0.293912,55.750555,49.204034,313899943
313952414,1.062233,55.835923,49.095311,313952414
314009498,4.752775,55.874455,49.016475,314009498
314101676,0.457508,55.767362,49.172638,314101676
4838090767,4.364822,55.794436,49.224794,4838090767
5154357296,2.418849,55.818903,49.136777,5154357296
4704346428,0.673287,55.78283691,49.13451385,4704346428
4702091411,4.099863,55.79576874,49.20775223,4702091411
4905570441,1.342683,55.74897003,49.1830864,4905570441
4977874164,3.072044,55.821153,49.146739,4977874164
4787674926,1.633864,55.81129207395132,49.07408720433443,4787674926
313849162,1.5994,53.198689,50.118573,313849162
4667674202,2.999196,55.7684,49.243416,4667674202
313850043,0.570421,53.204007,50.182362,313850043
313852812,2.151951,53.198494,50.107802,313852812
4708718662,3.171059,55.732002,49.169404,4708718662
313852940,6.1223,53.266134,50.225724,313852940
4750143303,2.86041,55.818912049744014,49.14385464823116,4750143303
4704060986,-1.0,55.81205368,49.43817139,4704060986
313856215,1.337875,53.189339,50.194427,313856215
4749506531,3.730317,55.78130341,49.23710251,4749506531
313856938,1.526762,53.187947,50.192324,313856938
4772221189,3.217211,55.731571,49.16908,4772221189
4455621757,2.309467,53.233559,50.250275,4455621757
4646580821,3.643818,55.781134,49.235565,4646580821
313856939,3.899003,53.240409,50.21242,313856939
4624489828,7.21037,55.726568,49.329672,4624489828
4749948497,-1.0,53.3112,50.306779,4749948497
313857569,5.096167,53.25674,50.226748,313857569
4906396219,1.081788,55.863389,49.074209,4906396219
4771644495,1.433497,53.214415,50.170037,4771644495
313865854,3.943956,53.242241,50.17955,313865854
4702218692,4.721661,53.17959976,50.08420181,4702218692
4794612482,6.215526,55.688375,49.206334,4794612482
313868813,0.390562,53.20926,50.140007,313868813
4703708656,8.20996,53.144809,50.075418,4703708656
4642654274,0.654736,53.206956786499504,50.224319615289374,4642654274
313874100,2.549782,53.187494,50.124052,313874100
4857455639,1.755063,55.77323292249481,49.20664496826171,4857455639
4664810789,3.169633,55.722872,49.184684,4664810789
4787887175,7.392615,53.278288,50.267585,4787887175
313876342,2.510979,53.234993,50.284914,313876342
4787646902,9.342766,55.707197,49.352849,4787646902
313881482,-1.0,53.327493,50.315448,313881482
4786636647,0.762462,55.81977844,49.10914612,4786636647
313882731,4.479047,53.181672,50.085901,313882731
4641311091,8.272757,55.862595,49.216134,4641311091
313894027,4.088729,53.245415,50.174134,313894027
4667690960,1.62907,55.8115,49.07403,4667690960
313897470,4.825736,53.25479,50.23017,313897470
5003748389,3.114435,55.729463,49.174848,5003748389
313899765,3.497251,53.244241,50.246565,313899765
313907940,3.037176,53.189194,50.103975,313907940
313908880,0.407988,53.204541,50.223981,313908880
313908884,1.410402,53.187645,50.174753,313908884
313908902,9.411851,53.296967,50.288588,313908902
313908905,0.786187,53.20727,50.174879,313908905
313911854,2.651642,53.236238,50.285453,313911854
313917800,1.580786,53.218147,50.170253,313917800
313919597,9.960532,53.301848,50.274673,313919597
313922699,5.095469,53.254101,50.215375,313922699
313941382,8.419011,53.288404,50.242594,313941382
313944807,5.702663,53.255302,50.200643,313944807
313944813,0.974956,53.208181,50.207829,313944813
313947121,3.287323,53.232222,50.210201,313947121
313949366,6.968163,53.157224,50.077026,313949366
313950441,1.008774,53.195295,50.152053,313950441
313951059,1.249583,53.217031,50.227422,313951059
313951138,0.695539,53.207804,50.220388,313951138
313953886,1.993909,53.198133,50.111234,313953886
313957940,0.50188,53.20021,50.206985,313957940
313972462,1.395653,53.187947,50.18035,313972462
313989855,1.05182,53.191573,50.201469,313989855
313991758,1.917917,53.217764,50.193241,313991758
313996402,8.264784,53.144792,50.073774,313996402
313996551,2.471139,53.222805,50.192989,313996551
313999070,0.782306,53.211477,50.226766,313999070
313999148,3.214933,53.238372,50.22593,313999148
313999154,1.975005,53.229107,50.272275,313999154
313999603,2.757309,53.187974,50.114,313999603
313999874,0.786187,53.20727,50.174879,313999874
313999957,4.631577,53.24576,50.206015,313999957
314035805,7.852481,53.148125,50.076487,314035805
314036235,9.689979,53.142627,50.041542,314036235
314093710,0.682738,53.194929,50.197669,314093710
314094660,-1.0,53.32745,50.315915,314094660
314096060,1.698437,53.215391,50.209716,314096060
314096137,8.207244,53.144825,50.075454,314096137
314096141,1.478285,53.214211,50.198146,314096141
314096154,4.238623,53.247323,50.221502,314096154
314096522,1.437284,53.214399,50.1701,314096522
314097628,1.349307,53.212997,50.201936,314097628
314098346,-1.0,53.110276,50.080799,314098346
314098416,1.077624,53.209282,50.207811,314098416
313856479,3.310026,55.821163,49.031261,313856479
313856591,2.259416,55.791091,49.168452,313856591
313998873,0.614267,55.781975,49.13843,313998873
314095789,8.102803,55.858715,49.213879,314095789
314095803,8.272705,55.86259,49.216134,314095803
314096569,1.724817,55.870763,49.090487,314096569
313864405,5.568719,56.27365,44.04756,313864405
313869580,0.324691,56.263607,43.912086,313869580
313879611,1.376187,56.28944,43.952195,313879611
314068092,3.758708,56.345928,43.838505,314068092
314087305,2.593465,56.291339,43.982801,314087305
314090260,5.150236,56.305229,44.075696,314090260
314091909,1.623785,56.315945,43.892709,314091909
4556986910,-1.0,53.12242508,50.08877563,4556986910
4858244862,0.601323,53.214297,50.140905,4858244862
4858333980,-1.0,53.310059,50.287582,4858333980
314095858,6.13088,56.309928,43.805087,314095858
4704120571,2.547036,53.235564,50.252925,4704120571
314097092,1.417113,56.263372,43.877222,314097092
4858184791,9.761847,53.114227,50.148181,4858184791
4857647637,0.788582,53.198645,50.150948,4857647637
4857870930,9.227021,53.144393,50.048917,4857870930
4543243222,8.356584,53.147779,50.063201,4543243222
4708889209,3.784284,53.246811,50.250787,4708889209
4585125834,-1.0,53.51550562794023,50.1413508373191,4585125834
4557143205,-1.0,53.32728044029293,50.31586229093059,4557143205
5153743825,-1.0,53.3089869455891,50.3163655738373,5153743825
4703909577,-1.0,53.321378,50.314028,4703909577
4703713720,0.681465,53.19495,50.197589,4703713720
4857730332,2.701185,53.229657,50.219283,4857730332
313930579,4.162454,55.792594,49.224021,313930579
313949016,1.74015,55.745747,49.180336,313949016
313995171,1.238611,55.754512,49.226591,313995171
314034331,5.005412,55.809889,49.196937,314034331
314089521,2.758575,55.731647,49.179007,314089521
314091836,2.072463,55.771337,49.103719,314091836
314092882,2.990634,55.768502,49.243057,314092882
314092885,3.214937,55.731252,49.169601,314092885
314009976,0.333834,53.205382,50.231545,314009976
314033973,4.551989,53.251779,50.227592,314033973
314087254,2.546965,53.235564,50.252916,314087254
314089238,0.768816,53.209336,50.224951,314089238
314090202,4.574912,53.244192,50.204137,314090202
314090205,1.706134,53.227075,50.152817,314090205
314090207,5.43163,53.257489,50.2156,314090207
314093688,0.638351,53.207081,50.143851,314093688
313845173,0.518768,55.840664,49.090163,313845173
313847460,0.546505,55.854355,49.076177,313847460
313848811,0.84565,55.852551,49.07226,313848811
313945713,1.293848,55.738242,49.200854,313945713
314008370,5.143605,55.804891,49.211607,314008370
314088301,3.149592,55.793966,49.182717,314088301
314089143,3.074548,55.821138,49.146784,314089143
313865034,5.822323,56.263597,44.020252,313865034
314032590,5.60923,56.270436,44.040042,314032590
314055911,2.50351,56.219582,43.858762,314055911
314085162,1.832802,56.226064,43.864969,314085162
314085527,4.973198,56.293747,44.065715,314085527
314085646,6.019894,56.368923,43.821661,314085646
314085836,2.322661,56.293597,44.0033,314085836
314086074,1.51833,56.270181,43.889816,314086074
314086083,1.429466,56.303157,43.980995,314086083
314086342,4.298936,56.305199,43.847119,314086342
4585303634,-1.0,53.30344622659573,50.33415675560346,4585303634
4624596388,0.291499,53.2152861147928,50.24689259912796,4624596388
4749662600,1.313775,53.21266448831853,50.20208273879573,4749662600
4837846619,9.174454,53.11856079,50.15836716,4837846619
4585170055,1.954514,53.19224548,50.12951279,4585170055
4772151336,0.460833,53.206208,50.130188,4772151336
4557479595,0.603536,53.21429825,50.14086914,4557479595
4566012788,4.238251,53.24732208,50.22151184,4566012788
4794492557,8.977133,53.13553238,50.08094406,4794492557
4771787441,1.280454,53.21542100472206,50.22274035922088,4771787441
4585158605,4.534576,53.25327682,50.24014282,4585158605
4749722922,-1.0,53.340043,50.225706,4749722922
314018006,0.553036,53.205075,50.174376,314018006
314039437,8.356584,53.147779,50.063201,314039437
314085243,3.208011,53.231867,50.183656,314085243
314085595,1.500113,53.219861,50.229137,314085595
314085723,2.490358,53.222821,50.191651,314085723
314085959,0.535128,53.19584,50.173415,314085959
314086123,0.697595,53.207124,50.22523,314086123
314086305,4.720767,53.179605,50.084212,314086305
314086566,3.926373,53.242619,50.21692,314086566
314087194,4.547131,53.241751,50.195801,314087194
314087258,-1.0,53.321372,50.314028,314087258
314087370,-1.0,53.307347,50.283144,314087370
314087436,-1.0,53.120513,50.084275,314087436
314087554,1.279205,53.22012,50.162402,314087554
314087863,6.667364,53.272273,50.276524,314087863
314087962,0.068494,53.200647,50.175697,314087962
314087963,2.004836,53.23081,50.250463,314087963
314088021,5.476693,53.259482,50.222301,314088021
313845231,3.039739,55.777616,49.228235,313845231
313845468,4.202497,55.792372,49.225935,313845468
313897319,0.65959,55.789765,49.102731,313897319
313903428,7.251734,55.679747,49.197521,313903428
313930576,3.843619,55.780497,49.240479,313930576
313942869,3.631308,55.800145,49.183319,313942869
314032665,0.781791,55.785939,49.137406,314032665
314085863,4.638531,55.801081,49.20504,314085863
314086208,0.358114,55.748569,49.20345,314086208
314086422,1.469752,55.752308,49.160897,314086422
314086636,2.461119,55.790413,49.173725,314086636
314087672,1.588366,55.779347,49.168434,314087672
4436747227,1.12913,56.33527756,43.93133545,4436747227
4646992611,3.756801,56.345918,43.838531,4646992611
4642690596,3.981059,56.293502,43.864897,4642690596
4750131224,1.671787,56.315965,43.89164,4750131224
4598553007,0.554122,56.27158624213071,43.92331580918734,4598553007
4687401132,7.83157,56.37826482110009,43.79748422746656,4687401132
4704444925,0.543021,56.34002686,43.95143127,4704444925
4857750300,0.57466,56.32528,43.930447,4857750300
4667754580,6.191733,56.363683,43.811016,4667754580
4794990193,2.49206,56.2934227,44.01059341,4794990193
4641192738,0.426229,56.32337125095854,43.921818910691535,4641192738
4640631512,0.832215,56.31044769,43.92378998,4640631512
5154092908,0.496013,56.334847,43.957576,5154092908
4750108362,4.312673,56.31628418,44.06346893,4750108362
4702187480,1.534623,56.26389313,43.87527084,4702187480
4838101449,0.346564,56.30109656066468,43.94241810216327,4838101449
4824389777,5.311898,56.364048,43.829216,4824389777
4702058646,4.459301,56.248666,43.97786,4702058646
4642992850,6.51247,56.36168289,43.80278778,4642992850
4664752914,5.587343,56.19189453,43.86001968,4664752914
4858228478,4.566143,56.35819244,43.83621216,4858228478
4585326366,2.513433,56.31279667019126,44.03449718378213,4585326366
4543033540,1.465259,56.253242,43.845547,4543033540
4543175986,2.327912,56.29356854864879,44.00344028744149,4543175986
4838026968,0.903316,56.23646545,43.86856079,4838026968
5004347731,1.044132,56.333574,43.877968,5004347731
5153414521,3.635473,56.33279037,43.83607101,5153414521
4598635240,1.896431,56.267787,43.87538,4598635240
4565490113,0.636992,56.240808,43.847991,4565490113
5004207938,4.758233,53.25445557,50.26475525,5004207938
4436710326,8.900833,53.13639832,50.08049393,4436710326
4542854044,3.964345,53.24729,50.263516,4542854044
4794544458,7.218402,53.277069589506965,50.26344479151504,4794544458
4436976165,1.182221,53.211482,50.214145,4436976165
5154362379,1.724463,53.185654,50.195513,5154362379
314000196,8.264784,53.144792,50.073774,314000196
4857774008,2.998852,53.234793,50.222409,4857774008
4857559379,0.478141,53.200738,50.206724,4857559379
314000201,3.29553,53.242403,50.245702,314000201
314000205,0.611962,53.203435,50.184006,314000205
314000212,4.033458,53.240199,50.186755,314000212
314000217,0.980808,53.201299,50.129173,314000217
314000222,0.718401,53.214825,50.260534,314000222
314000225,1.014683,53.220384,50.26843,314000225
314000231,4.627151,53.254332,50.244094,314000231
314000237,2.920781,53.188908,50.107263,314000237
314000243,1.251262,53.20953,50.187465,314000243
314000247,0.644715,53.207297,50.125319,314000247
313829036,0.823889,56.334218,43.936403,313829036
314000252,1.367777,53.216998,50.16763,314000252
313830761,2.73247,56.290165,44.005834,313830761
314000256,2.164347,53.19017,50.132227,314000256
313846927,1.235227,56.321905,43.980304,313846927
314000261,1.396943,53.197232,50.137922,314000261
313847170,5.851074,56.263107,44.018841,313847170
314000265,3.92471,53.24382,50.22037,314000265
313850146,1.132815,56.255898,43.919488,313850146
314000274,4.224184,53.240754,50.190115,314000274
313855656,0.167469,56.283625,43.927959,313855656
314000282,1.485326,53.193315,50.144875,314000282
313855661,2.370214,56.301678,44.025408,313855661
314000287,1.624945,53.194982,50.133934,314000287
313857894,0.535274,56.27167,43.922371,313857894
314000291,6.997871,53.156706,50.077538,314000291
314000296,4.485254,53.184515,50.081634,314000296
314000304,-1.0,53.348338,50.210524,314000304
314000309,3.998695,53.248551,50.254991,314000309
313861920,3.073409,56.302293,44.039062,313861920
314000318,2.545514,53.18778,50.122669,314000318
314000324,0.726047,53.20933,50.160183,314000324
313865026,1.74514,56.313339,43.894928,313865026
314000332,1.005171,53.220152,50.15517,314000332
314000342,0.162242,53.201332,50.22284,314000342
313869889,1.485273,56.327086,43.991892,313869889
313869892,2.990318,56.292822,44.024096,313869892
314000348,5.931229,53.262121,50.21463,314000348
313869893,3.213869,56.298662,44.038137,313869893
314000356,1.652842,53.186237,50.20288,314000356
314000361,3.013202,53.232864,50.218079,314000361
314000368,2.643057,53.224185,50.207811,314000368
313871926,5.944016,56.282815,44.072111,313871926
314000376,8.376902,53.286477,50.222463,314000376
313872252,4.58787,56.240508,43.970907,313872252
314000384,7.741541,53.148962,50.077394,314000384
314000393,2.922113,53.237747,50.234608,314000393
313872753,0.563145,56.315855,43.985613,313872753
313872754,5.591645,56.265652,44.019614,313872754
314000399,0.960171,53.194394,50.163668,314000399
314000405,1.234091,53.198645,50.137231,314000405
314000413,2.885723,53.230805,50.217289,314000413
314000419,1.077607,53.20954,50.181194,314000419
314000426,1.410402,53.187645,50.174753,314000426
314000431,1.907987,53.191465,50.13909,314000431
314000439,0.592751,53.20426,50.192621,314000439
314000446,1.450426,53.188627,50.217684,314000446
314000452,-1.0,53.115503,50.081365,314000452
314000457,2.525783,53.235074,50.255997,314000457
313907472,5.796223,56.283884,44.070548,313907472
314000510,4.065921,53.243325,50.180089,314000510
314000541,5.884076,53.261421,50.213677,314000541
4795231471,2.713111,55.79295830028026,49.17522216854553,4795231471
313913127,1.433278,56.233269,43.874895,313913127
5003716778,3.111082,55.73822021,49.15312576,5003716778
313913697,5.785428,56.367981,43.825227,313913697
4646517110,9.344876,55.70734478967977,49.353012906235534,4646517110
4772272897,2.820374,55.83656,49.126195,4772272897
4646843840,0.870012,55.784729,49.144323,4646843840
313844932,1.974938,55.820708,49.053988,313844932
4795170640,3.024416,55.79456295080419,49.17931794279804,4795170640
313844938,0.35839,55.744531,49.224533,313844938
4906412321,0.119646,55.855366,49.082752,4906412321
313844963,-1.0,55.928032,49.203073,313844963
4857516602,8.811383,55.858523,49.225216,4857516602
313918912,1.51833,56.270181,43.889816,313918912
313844967,1.987762,55.787406,49.16829,313844967
313920456,1.157646,56.335785,43.917143,313920456
4704112699,3.235758,55.771231,49.243712,4704112699
313844973,4.922429,55.787457,49.252696,313844973
4556983624,-1.0,55.80478287,49.44041824,4556983624
313845000,0.720563,55.766415,49.177776,313845000
5153873146,0.73576,55.74968338,49.22412872,5153873146
313845017,4.585874,55.871567,49.017068,313845017
4686602216,1.31291,55.77625275,49.11218262,4686602216
313845022,3.582292,55.823717,49.154132,313845022
4542832776,0.383599,55.819464,49.101689,4542832776
313922004,0.645695,56.31243,44.004064,313922004
313845065,3.173345,55.821376,49.148311,313845065
4646563522,5.644924,55.803681,49.237182,4646563522
313845079,0.720703,55.738992,49.226797,313845079
4584760716,0.97295,55.742787,49.19974,4584760716
313845091,1.071214,55.768623,49.134109,313845091
4624870700,3.11313,55.738708,49.150261,4624870700
5153700181,0.78847,55.756113,49.214805,5153700181
313845116,1.009745,55.746502,49.234316,313845116
313942698,0.574759,56.308595,43.945799,313942698
4787636246,3.277835,55.730639,49.169215,4787636246
313845134,1.436005,55.752227,49.167059,313845134
4598932629,4.423852,55.87067795,49.01921463,4598932629
313845158,1.064969,55.839577,49.065774,313845158
4857607758,5.71693,55.80336761,49.24025345,4857607758
4701470101,3.125966,55.74250793,49.13702011,4701470101
313845176,1.436005,55.752227,49.167059,313845176
4668814471,0.767922,55.83643341,49.08948898,4668814471
313954520,2.267143,56.320253,44.028669,313954520
313845195,2.060627,55.75472,49.245419,313845195
4709307380,2.764821,55.81352874787085,49.14219136373724,4709307380
313845198,1.436005,55.752227,49.167059,313845198
313845210,3.732791,55.841892,49.141808,313845210
4794935408,2.309328,55.772208,49.22094,4794935408
313958489,1.964601,56.237687,43.82732,313958489
4566226745,0.820092,55.756685,49.213915,4566226745
313845227,0.687257,55.748037,49.22686,313845227
313958495,0.930211,56.29998,43.953139,313958495
4669057154,0.848238,55.820455,49.086795,4669057154
4708602763,9.917946,55.70451355,49.36071014,4708602763
313958500,3.581097,56.329282,43.837391,313958500
4701539306,-1.0,55.615268,49.139472,4701539306
313871643,3.789556,55.733173,49.145715,313871643
313963565,1.530185,56.341398,43.874904,313963565
313951630,1.054302,55.818832,49.114741,313951630
314006584,0.676973,53.201089,50.18945,314006584
314006587,0.584253,53.214593,50.262734,314006587
314002901,3.007104,55.77075,49.239167,314002901
314011831,1.474537,55.787872,49.155938,314011831
313996367,3.066672,56.297977,44.034481,313996367
314062717,1.042724,55.741267,49.202408,314062717
314021633,8.705978,53.138311,50.080511,314021633
314035130,2.381328,53.195403,50.107497,314035130
314009344,0.475354,56.238432,43.862049,314009344
314040015,-1.0,53.350838,50.215609,314040015
314045189,1.154464,53.191152,50.193932,314045189
314056982,0.583647,53.207329,50.284276,314056982
314057436,1.118701,53.222676,50.245011,314057436
313843349,0.723422,55.819348,49.087999,313843349
313843368,2.279857,55.814902,49.134666,313843368
314063322,-1.0,53.352278,50.204335,314063322
313843384,3.007313,55.816687,49.146389,313843384
314064195,3.609468,53.245254,50.246771,314064195
313843398,2.661686,55.766997,49.238332,313843398
314065417,7.024797,53.275569,50.27956,314065417
313843421,1.012984,55.802234,49.117203,313843421
313843424,0.945387,55.768927,49.153064,313843424
314044715,0.437159,56.328229,43.91761,314044715
313843483,0.934604,55.770512,49.152075,313843483
314067015,0.911234,53.194648,50.166606,314067015
313843517,4.777902,55.802538,49.203818,313843517
313843560,1.367074,55.863995,49.100584,313843560
314069970,-1.0,53.31,50.288947,314069970
313843589,2.29998,55.772163,49.220814,313843589
314074585,-1.0,53.31574,50.309869,314074585
313843596,1.369933,55.852829,49.063304,313843596
314060006,1.854882,56.300065,43.976953,314060006
314076401,-1.0,53.304087,50.285417,314076401
313844493,2.272464,55.86748,49.055057,313844493
314060910,1.728397,56.343014,43.916577,314060910
313844776,4.879511,55.803691,49.204241,313844776
313844866,0.325501,55.828941,49.087594,313844866
313845191,0.510309,55.74562,49.211589,313845191
314062036,1.780129,56.323737,43.871724,314062036
313848484,1.948128,55.814497,49.063142,313848484
314079571,0.496693,53.210576,50.156077,314079571
313850177,1.80396,55.822857,49.124928,313850177
314082679,0.512372,53.216982,50.284141,314082679
314082859,6.021445,53.262849,50.214028,314082859
314065875,1.726199,56.299975,44.006561,314065875
313854628,9.045173,55.864268,49.228235,313854628
314069227,2.87599,56.345938,43.854324,314069227
4708795204,-1.0,53.31748199,50.30966949,4708795204
313857350,0.439728,55.739894,49.220581,313857350
314083650,0.354373,53.21571,50.246152,314083650
313860054,3.645531,55.838728,49.141215,313860054
314083768,3.77615,53.18369,50.097669,314083768
313861125,-1.0,55.818503,48.898939,313861125
314069296,3.924877,56.307951,43.850686,314069296
313861199,3.074548,55.821138,49.146784,313861199
314075215,4.323548,56.233009,43.95586,314075215
314079554,4.157162,56.283919,44.034194,314079554
313871645,5.538264,55.800914,49.241628,313871645
4646669562,1.986927,53.22901535,50.26101685,4646669562
4565857567,4.4325,53.24710846,50.2146225,4565857567
313875096,1.276584,55.791688,49.142194,313875096
4795310832,4.333884,53.25064087,50.26401138,4795310832
4557488419,1.205559,53.20957947,50.18574905,4557488419
313881356,1.645384,55.779651,49.171317,313881356
4858313003,0.071349,53.200668,50.17567,4858313003
313884107,-1.0,55.867667,48.880057,313884107
4643185313,2.698543,53.22507264908532,50.208869254094935,4643185313
313892528,1.890753,55.828501,49.052434,313892528
4667613362,-1.0,53.48668289,49.85680389,4667613362
313894071,7.283257,55.680245,49.191134,313894071
4455629770,0.926414,53.194111982512034,50.20746972351682,4455629770
4858169939,0.497673,53.210581,50.156095,4858169939
4704250039,1.592467,53.215429,50.214612,4704250039
313897318,1.738601,55.74714,49.246021,313897318
4703765141,5.321847,53.259116,50.228374,4703765141
4857636273,0.943309,53.206984,50.185138,4857636273
313900775,2.968964,55.826114,49.142634,313900775
4787348652,3.292828,53.23802567,50.22257233,4787348652
4709122852,-1.0,53.32032394,50.31283188,4709122852
5153767588,2.352345,53.195231,50.108341,5153767588
313903514,3.007104,55.77075,49.239167,313903514
4978263185,-1.0,53.30498107619306,50.28541532472754,4978263185
4752348019,8.406835,53.28667458976914,50.221858816154224,4752348019
313903516,3.148266,55.784749,49.215802,313903516
4599343666,0.834092,53.208025,50.203724,4599343666
313904318,0.58871,55.816359,49.089032,313904318
4857908704,1.802232,53.191163,50.141758,4857908704
313904777,4.148041,55.804086,49.187936,313904777
313904892,2.435009,55.813455,49.136867,313904892
313904893,3.891742,55.806029,49.177075,313904893
313908780,2.984988,55.779732,49.223509,313908780
313911873,1.436005,55.752227,49.167059,313911873
313914871,3.217292,55.729995,49.17156,313914871
313914970,2.272309,55.781666,49.187729,313914970
313916476,0.461748,55.789714,49.125755,313916476
313917753,5.694236,55.8019,49.243461,313917753
313926081,8.181663,55.861631,49.214823,313926081
313940628,1.188711,55.766597,49.147009,313940628
313949979,5.377697,55.79265,49.254411,313949979
313956635,2.416676,55.765524,49.235421,313956635
313962006,2.360067,55.775763,49.216458,313962006
313963594,2.114104,55.828764,49.124246,313963594
313963959,7.417828,55.808781,49.271839,313963959
313966582,3.131398,55.840452,49.132133,313966582
313970921,1.032624,55.769732,49.180803,313970921
313975784,4.664566,55.805553,49.196955,313975784
313986232,5.041865,55.792321,49.247566,313986232
313990502,3.027218,55.818746,49.146551,313990502
314006623,3.299979,55.784526,49.220958,314006623
314011371,4.227084,55.744161,49.108714,314011371
314013270,1.675752,55.83889,49.108399,314013270
314014367,2.101113,55.791719,49.163484,314014367
314015184,2.674973,55.785037,49.190371,314015184
314022629,0.274496,55.826559,49.07924,314022629
314022631,2.764901,55.822751,49.039534,314022631
314031700,0.49744,55.818559,49.105507,314031700
314037391,2.64042,55.767357,49.237173,314037391
314046490,2.272521,55.785544,49.17545,314046490
314056241,0.744333,55.743036,49.230786,314056241
314059954,3.005958,55.732134,49.172647,314059954
314059976,1.228583,55.861661,49.101033,314059976
314060222,0.879027,55.772755,49.13074,314060222
314061036,0.545931,55.748645,49.219,314061036
314063049,1.305799,55.765306,49.144628,314063049
314066203,2.385995,55.748827,49.141844,314066203
314066487,4.102694,55.866429,49.021961,314066487
314069199,5.077797,55.791132,49.250396,314069199
314079948,0.84264,55.820516,49.086965,314079948
314081301,8.366878,55.859569,49.21803,314081301
4584936354,1.539605,56.22852707,43.86309052,4584936354
4646953265,3.201935,56.316524,44.045431,4646953265
5004064718,0.437159,56.328229,43.91761,5004064718
5121626266,1.069233,56.2669754,43.89614868,5121626266
4787917934,8.532855,56.24468613,44.05345154,4787917934
4598623125,2.176575,56.29475437339366,43.985965983855095,4598623125
4772247990,0.823883,56.32817841,43.95346069,4772247990
4437182679,2.90847,56.348237,43.856309,4437182679
4437073678,1.046357,56.268161,43.896778,4437073678
4771665119,2.45134,56.30805588,44.03216171,4771665119
5122126596,5.796712,56.274279,44.054873,5122126596
4640960846,7.88656,56.249051,44.045557,4640960846
4624844750,3.10946,56.34354782,43.84809875,4624844750
4786883324,6.607634,56.362461,43.801808,4786883324
4641140466,2.332925,56.31437683,43.87849808,4641140466
5122358258,0.545027,56.324746,43.941487,5122358258
4624791419,5.298941,56.19458008,43.85226822,4624791419
4752414379,1.228168,56.23381424,43.84486389,4752414379
4677142269,0.431297,56.29552841,43.94112778,4677142269
5121953638,5.621383,56.270641,44.041039,5121953638
5121848908,5.60923,56.270436,44.040042,5121848908
5122301581,5.700045,56.270506,44.04306,5122301581
4585439802,0.546905,56.30341721,43.94223404,4585439802
4668863260,4.90162,55.814315,49.18419,4668863260
5004225561,2.572589,55.73273087,49.1812973,5004225561
4542528886,6.174996,55.68938214471065,49.19950421633705,4542528886
4641375635,4.047683,55.79016,49.227453,4641375635
4703646129,1.15068,55.86529922,49.09108734,4703646129
4625271486,3.912452,55.723498170288096,49.16760767677742,4625271486
4752314002,0.891625,55.81356049,49.08522415,4752314002
5003874267,0.452517,55.761642104012864,49.170254668569214,5003874267
4687463184,0.811858,55.842443,49.095158,4687463184
4665209581,4.619706,55.806596,49.194152,4665209581
4565528501,1.139936,55.767185,49.137271,4565528501
4749934815,4.017324,55.79197693,49.22122955,4749934815
5121748737,-1.0,55.82122811801428,48.8902654751879,5121748737
4511003032,0.778064,55.83222198,49.09267807,4511003032
4750190135,0.378378,55.76701733825643,49.171530922671344,4750190135
4857681866,3.01134,55.816793,49.146452,4857681866
4906258836,-1.0,55.811068,49.442429,4906258836
4554650251,3.053066,55.76814651,49.24498749,4554650251
4750042769,-1.0,55.853923015955374,48.901129260332254,4750042769
4646517080,4.049067,55.792306,49.22121,4646517080
4642548385,0.878557,55.77262878,49.13089371,4642548385
4584908785,0.570756,55.760840483085005,49.18194893152497,4584908785
4667512544,4.211876,55.801651,49.19347,4667512544
4667832869,2.134271,55.78155518,49.18403625,4667832869
5122115683,7.252534,55.679732,49.197593,5122115683
314052191,4.224668,56.298692,44.056535,314052191
4640666354,3.190018,55.836651,49.134693,4640666354
4687051881,1.676075,55.8389,49.108408,4687051881
4749846410,1.239138,55.86645849960264,49.08004308671606,4749846410
4565809843,0.292333,55.817537,49.10274,4565809843
4565906201,0.872442,55.855906,49.098527,4565906201
5003432306,0.403713,56.321486,43.932882,5003432306
4665314000,5.726585,56.26407242,44.01755524,4665314000
4786803914,1.376142,56.28944016,43.95219421,4786803914
5121498041,5.278238,56.203713,43.807998,5121498041
4703559324,2.270338,56.293412,43.99297,4703559324
4794869832,0.722972,56.25285735445515,43.86986565763869,4794869832
4703505770,1.076278,56.32300949,43.99917603,4703505770
313665020,2.096622,56.295415,43.986565,313665020
313705651,1.664281,56.318646,44.019362,313705651
313561322,2.876573,56.218807,43.837813,313561322
4704372628,8.976828,55.70657349,49.34577942,4704372628
5003807132,2.586875,56.29060364,43.99143219,5003807132
4824355129,4.699285,56.30358505,44.06759262,4824355129
313714891,4.823018,56.315645,44.071788,313714891
313827236,2.259629,56.230932,43.827545,313827236
314047236,0.824376,56.328174,43.953462,314047236
4554549880,-1.0,55.81416702,48.90573883,4554549880
313600215,0.870156,56.321376,43.997336,313600215
313604999,0.905536,56.263807,43.892745,313604999
313485684,6.055805,56.367537,43.818795,313485684
313678698,5.341422,56.311117,43.818256,313678698
313709869,0.842525,56.306857,43.999357,313709869
314044592,3.487255,56.328848,43.839026,314044592
4703481613,0.41457,56.329412,43.910675,4703481613
313759162,4.838938,56.288546,43.845538,313759162
314035684,1.225828,56.233824,43.844901,314035684
313488658,4.153879,56.261743,43.983008,313488658
313514130,2.593432,56.295315,44.019425,313514130
313521331,1.244335,56.345324,43.94085,313521331
313522204,6.302807,56.297803,43.815445,313522204
313524704,1.639597,56.240538,43.831713,313524704
313525426,1.852193,56.237101,43.829503,313525426
313527601,0.48386,56.312889,43.986277,313527601
313533949,1.113578,56.313274,43.914295,313533949
313542020,1.887907,56.265722,43.87026,313542020
313542177,0.324691,56.263607,43.912086,313542177
313543046,2.000157,56.331398,44.000363,313543046
313549720,0.500677,56.288721,43.93272,313549720
313706856,4.762612,56.312889,44.070863,313706856
313752314,1.212679,56.253552,43.860459,313752314
313876875,5.206115,56.279387,44.050857,313876875
314041101,2.170614,56.294781,43.986188,314041101
313571483,3.217701,56.339557,43.844065,313571483
313574612,2.225217,56.222255,43.862786,313574612
313577487,5.518808,56.260308,44.005609,313577487
313577598,4.006286,56.276319,43.990571,313577598
313577842,4.403923,56.208479,43.820511,313577842
313578233,0.629737,56.285129,43.917691,313578233
313578364,3.11453,56.285853,43.991613,313578364
313579662,0.783756,56.239173,43.869541,313579662
313589978,4.262433,56.287257,44.043545,313589978
313591886,3.457265,56.277698,43.982055,313591886
313593109,4.481739,56.353235,43.83192,313593109
313622175,5.621383,56.270641,44.041039,313622175
313629571,4.475731,56.303726,43.845772,313629571
313629948,5.854656,56.262587,44.015383,313629948
313637134,0.723916,56.332222,43.913586,313637134
313679146,1.571099,56.310018,44.018383,313679146
314038922,4.224668,56.298692,44.056535,314038922
313633204,1.295961,56.343623,43.93502,313633204
313633212,1.530725,56.322884,43.878605,313633212
313633706,2.168579,56.311876,43.887544,313633706
313636598,3.725402,56.255352,43.970099,313636598
313641604,1.177442,56.313933,44.012948,313641604
313644860,2.817248,56.295205,44.024797,313644860
313650395,5.718213,56.359808,43.815678,313650395
313650977,0.207359,56.30877,43.93652,313650977
313654024,1.246098,56.256463,43.864448,313654024
313655706,0.922395,56.317462,44.007289,313655706
313660565,2.465291,56.314916,43.872524,313660565
313670907,5.244248,56.293062,44.069991,313670907
313678539,1.592369,56.325943,43.872721,313678539
313678847,0.57804,56.325978,43.944605,313678847
313679207,1.635001,56.269191,43.886034,313679207
313681701,1.349544,56.33802,43.928345,313681701
313697211,3.620017,56.272385,43.981624,313697211
313701630,1.27185,56.335356,43.874626,313701630
313708623,2.048793,56.229541,43.882235,313708623
313732214,1.992212,56.310887,44.025686,313732214
313738756,0.966132,56.329083,43.929782,313738756
313752144,2.539378,56.351101,43.869263,313752144
313752279,1.812098,56.230942,43.879351,313752279
313753326,5.994628,56.260343,44.013757,313753326
313757273,0.192447,56.299076,43.9351,313757273
313793622,3.235277,56.284819,43.99005,313793622
313793625,0.574121,56.312794,43.928848,313793625
313796526,1.478531,56.341213,43.913981,313796526
313802272,5.429959,56.260948,44.004486,313802272
313806634,0.996319,56.244725,43.842673,313806634
313807685,0.779182,56.282475,43.915005,313807685
313817261,2.072652,56.315805,43.883196,313817261
313867192,1.334333,56.336039,43.923225,313867192
313869072,1.899188,56.267807,43.875353,313869072
314038855,0.641962,56.278153,43.911493,314038855
4642924578,2.640331,55.76735687,49.23717117,4642924578
4640651735,1.627718,55.86847687,49.09700775,4640651735
4584648186,5.285157,55.80399619899501,49.22337634946241,4584648186
313865024,0.617424,56.2721,43.927581,313865024
313865028,3.528896,56.268286,43.976432,313865028
313865029,3.528896,56.268286,43.976432,313865029
313865032,5.286184,56.362681,43.827743,313865032
313865037,1.623785,56.315945,43.892709,313865037
314031493,2.591537,56.290559,43.991515,314031493
314038539,6.609024,56.362451,43.801772,314038539
313821784,4.823018,56.315645,44.071788,313821784
313822069,5.608973,56.285973,44.069452,313822069
313861294,0.780053,56.279877,43.936196,313861294
313823451,1.191483,56.246341,43.8404,313823451
313823463,3.482362,56.320173,44.049016,313823463
313825440,0.505059,56.277453,43.913442,313825440
313857588,1.209721,56.323852,43.986529,313857588
313858069,0.685756,56.263062,43.897748,313858069
314007499,5.050682,56.30493,44.073953,314007499
4717773551,0.531535,55.823596,49.085187,4717773551
4640495448,0.382757,55.76372787422196,49.1721024545617,4640495448
4857557359,4.370913,55.84264374,49.15198517,4857557359
4566252011,4.598619,55.795332,49.229447,4566252011
4787664423,3.036097,55.823833,49.145095,4787664423
4905656136,0.823637,55.82595062,49.09514999,4905656136
4556859215,-1.0,55.86454,48.872124,4556859215
4701959389,3.02321,55.731642,49.17306,4701959389
4676488610,2.132097,55.8225174,49.05007935,4676488610
4566243620,0.478879,55.767919,49.172323,4566243620
313850152,2.413461,56.292328,43.988532,313850152
314035110,4.645023,56.231518,43.960352,314035110
4624590097,0.522148,55.781569747360834,49.14089138963932,4624590097
4905952016,2.110391,55.755804,49.244925,4905952016
4978132125,5.005515,55.809843,49.197027,4978132125
313849666,1.113389,56.337197,43.911385,313849666
4552830310,9.60816,55.70429993,49.35500336,4552830310
4646636048,-1.0,55.745554,48.73841,4646636048
4703503176,2.675526,55.785043,49.190371,4703503176
4423921952,8.346349,55.70814133,49.33589935,4423921952
4687167418,0.886058,55.772264,49.153953,4687167418
4668874684,0.749028,55.74632263,49.2300148,4668874684
4794939105,0.785116,55.785928,49.13746,4794939105
4669228262,0.702246,55.74640656,49.19935226,4669228262
4643435841,0.502555,55.81864,49.105525,4643435841
4555380609,0.760196,55.76472473,49.15443802,4555380609
314032642,2.23042,56.318546,44.028938,314032642
314033327,0.403174,56.321486,43.932873,314033327
4687412109,0.403143,55.740892,49.222961,4687412109
4646837710,2.623725,55.814952,49.140173,4646837710
4511372643,1.469752,55.752308,49.160897,4511372643
4640949702,3.152606,55.722056,49.186732,4640949702
313841958,0.134896,56.321491,43.928022,313841958
313878685,4.823018,56.315645,44.071788,313878685
313998342,0.678314,56.334931,43.93864,313998342
4437351972,2.699062,55.8135123513597,49.14113068255613,4437351972
4423609309,3.02107,55.83875143077425,49.13010115196616,4423609309
5122165640,2.857265,55.81988525,49.14361191,5122165640
4647288535,1.088875,55.761041,49.150764,4647288535
313862890,3.573583,56.333894,43.837076,313862890
314030694,0.889487,56.327486,43.933825,314030694
4437243468,0.96428,55.81880569,49.11326981,4437243468
4669276436,3.105355,55.77260880212157,49.23745826206908,4669276436
4788221706,2.1019,55.791724,49.163493,4788221706
4668927983,-1.0,55.85250473,48.90377045,4668927983
4556907954,7.906892,56.248311,44.043302,4556907954
5121755936,2.933941,56.350417,43.858833,5121755936
4823781061,1.039218,56.27624192345587,43.904619948519695,4823781061
4668436790,5.206653,56.27389145,44.03776169,4668436790
4703891178,0.432768,56.284609,43.920934,4703891178
4555099748,2.291272,56.30839539,44.02964783,4555099748
5121598469,1.16872,56.303856,43.999995,5121598469
4556881347,1.831957,56.24059296,43.82858658,4556881347
4702322020,8.864351,56.21371524125455,44.021056839468514,4702322020
4668859492,4.4845,56.35325,43.831884,4668859492
4555108821,2.027426,56.23512,43.827788,4555108821
4905844982,3.635256,56.2351,43.944461,4905844982
4686764627,3.029482,56.286777,43.988155,4686764627
4625213640,0.980874,56.292183,43.918374,4625213640
4905686154,2.330504,56.230557,43.82662,4905686154
4646606109,3.444111,56.29880142,44.04259109,4646606109
4676890129,0.863643,56.290944,43.937086,4676890129
4646764337,4.580608,56.312764,44.067916,4646764337
5122014021,1.577789,56.34053,43.925911,5122014021
4787525053,0.782385,56.291893,43.931274,4787525053
4823519231,0.744313,55.74303436,49.23078537,4823519231
314028135,1.916272,56.349021,43.930986,314028135
314028642,4.224668,56.298692,44.056535,314028642
4905549980,1.069892,55.852182,49.068658,4905549980
5121735422,8.063742,56.248341,44.049636,5121735422
5121739567,5.240792,56.303352,44.076486,5121739567
5122144032,5.541045,56.200508,43.808869,5122144032
5122378935,3.899754,56.291039,44.041811,5122378935
5122382640,1.284976,56.291499,43.910558,5122382640
5121739751,3.449974,56.310298,44.049312,5121739751
5122043097,4.03551,56.238537,43.957127,5122043097
5121428228,7.101546,56.369756,43.800641,5121428228
5121701385,2.871654,56.291978,44.018662,5121701385
5122122994,8.221201,56.247396,44.051971,5122122994
5121454506,1.350082,56.263962,43.881363,5121454506
5121751384,1.094664,56.257178,43.919335,5121751384
5122088369,4.606778,56.303561,43.843005,5122088369
4771640106,1.483764,55.82145691,49.12042618,4771640106
4510885747,1.436005,55.752227,49.167059,4510885747
4717979751,0.514859,55.756325,49.195491,4717979751
4795322359,3.277677,55.73064041,49.16921616,4795322359
4565562140,1.862999,55.75553,49.240056,4565562140
4676738657,4.227084,55.744161,49.108714,4676738657
4640575152,7.101977,55.681554,49.193847,4640575152
4677388747,1.1611,55.75042603806061,49.18442754369632,4677388747
4668996692,5.390368,56.361933,43.824599,4668996692
4640726326,6.738066,56.366744,43.804063,4640726326
5121541376,1.331061,56.23959636082915,43.83700899867454,5121541376
4625170948,0.645277,56.30530548,43.93295288,4625170948
4565559639,4.344356,56.28755188,44.04585266,4565559639
4436559855,3.137984,56.33632278,43.84440613,4436559855
4557109717,0.613251,56.27889955539423,43.930255509150015,4557109717
4424109877,1.998928,56.318261,44.02521,4424109877
4641422068,1.034899,55.76783752,49.14558029,4641422068
314024335,4.224668,56.298692,44.056535,314024335
4787702745,4.647383,55.80162154391543,49.20246302845772,4787702745
4772195395,1.381033,55.748356,49.184325,4772195395
4553357835,0.409379,55.796253,49.11325,4553357835
4557366984,4.756739,56.302163,44.067871,4557366984
4669284375,4.603856,56.342161,43.822146,4669284375
4977677495,4.599063,55.870723,49.016232,4977677495
314021360,2.936295,56.350432,43.858806,314021360
314021804,4.224668,56.298692,44.056535,314021804
314016142,3.690636,56.23473,43.945063,314016142
314016231,4.224668,56.298692,44.056535,314016231
4906338029,1.716506,55.763807,49.220608,4906338029
313911885,3.683084,56.297453,44.045656,313911885
313914859,2.962489,56.303861,44.038326,313914859
313917869,4.757881,56.294926,44.062886,313917869
313997021,2.642081,56.293757,44.016784,313997021
4905488022,1.167953,55.736143,49.206181,4905488022
4787686074,5.044235,55.792351,49.247566,4787686074
313807377,5.24373,56.291698,43.841289,313807377
313812362,0.417586,56.317507,43.994883,313812362
4906105250,4.343359,55.8019,49.195841,4906105250
4667570796,0.324192,55.85539246,49.07944489,4667570796
4703576827,0.733278,55.78251648,49.13529587,4703576827
4686920163,1.102332,55.838974,49.09898376,4686920163
4646900872,0.551941,55.780203,49.149255,4646900872
4437061547,1.026105,55.74718077140816,49.19301314815213,4437061547
4718427440,-1.0,55.864929,48.873723,4718427440
5121507801,5.39939,56.286677,44.066227,5121507801
4787624732,5.050485,56.30493546,44.07395172,4787624732
313802112,0.54225,56.303861,43.936906,313802112
313802115,2.724098,56.310413,44.037517,313802115
313806682,1.693965,56.299756,44.004468,313806682
313807367,0.056667,56.266332,43.912481,313807367
314009376,1.910227,56.344691,43.923791,314009376
4511079943,0.890246,55.822407,49.0727,4511079943
4906077955,6.429226,55.686112,49.212514,4906077955
4857949781,5.55444,55.80382417333552,49.23385231219476,4857949781
4858355455,3.304238,55.784562,49.220985,4858355455
4686504203,2.59328,55.798586,49.066107,4686504203
4752040552,5.579162,55.80026245,49.24433136,4752040552
4436928173,0.839645,55.853233,49.071892,4436928173
4646706469,4.017285,55.791977,49.221228,4646706469
4794776085,3.770913,55.722279,49.172566,4794776085
4646818297,0.890334,55.816394,49.084217,4646818297
4795088962,5.530264,55.802796,49.236247,4795088962
4510574430,3.010021,55.770725,49.239293,4510574430
4906155659,0.455296,55.789654,49.125782,4906155659
4794907035,0.614028,55.781975,49.138439,4794907035
4510838984,4.602513,55.802057,49.200899,4510838984
4647064248,2.301415,55.780775,49.194125,4647064248
4566235099,3.437378,55.82307434,49.02849579,4566235099
313797910,4.221759,56.316579,44.06196,313797910
314005442,4.224668,56.298692,44.056535,314005442
314006462,6.609024,56.362451,43.801772,314006462
4437259772,3.729932,56.35862732,43.85544586,4437259772
4686790883,2.817255,56.29520416,44.02479553,4686790883
4646754886,3.759423,56.29330063,44.04218674,4646754886
4599400104,3.716755,56.27037048,43.98167801,4599400104
4978077234,5.003707,56.22230911,43.95213318,4978077234
5121911997,1.814662,56.31875,43.88148,5121911997
313793654,0.716686,56.260633,43.891541,313793654
313793675,0.456328,56.323518,43.921392,313793675
313794069,1.25352,56.233119,43.845736,313794069
313796067,1.629392,56.22759,43.861906,313796067
313801610,4.290905,56.233955,43.956516,313801610
313806644,0.511633,56.275149,43.929315,313806644
313828008,1.692868,56.321017,44.017997,313828008
313828011,7.938184,56.378006,43.794873,313828011
4857459948,4.665358,55.805558,49.196964,4857459948
4625385830,0.524614,55.78160949696672,49.14104666102703,4625385830
4978126012,1.124841,55.807749,49.089615,4978126012
4771962794,1.003762,55.843293,49.098078,4771962794
4510876252,4.534639,55.808897,49.187478,4510876252
4566437884,1.274737,55.862206,49.101267,4566437884
5004215725,1.281887,55.749218,49.184729,5004215725
4787056997,3.384688,55.737147,49.145428,4787056997
4510693193,4.827913,55.87887955,49.01951218,4510693193
4788201333,1.451755,55.867117,49.095571,4788201333
4823486218,1.056116,55.78517532,49.15104294,4823486218
313761090,0.392739,56.275704,43.915194,313761090
313784511,5.150236,56.305229,44.075696,313784511
313785770,1.666708,56.319085,43.886178,313785770
313802109,0.327792,56.276409,43.926683,313802109
313825436,5.780676,56.270841,44.046357,313825436
313995483,4.677614,56.298097,44.064018,313995483
313995563,5.80122,56.27342,44.053139,313995563
313995988,2.105823,56.294921,43.991757,313995988
313997015,4.224668,56.298692,44.056535,313997015
313997320,1.00189,56.249136,43.848027,313997320
4824010183,1.017397,55.83684158,49.09564209,4824010183
4423851368,7.101833,55.680763,49.201069,4423851368
4556664844,-1.0,55.858205,48.895094,4556664844
4676563607,1.755591,55.826842,49.05468,4676563607
4640510492,1.304006,55.749167,49.183903,4640510492
4641402757,4.321177,55.7973578938067,49.210741379653854,4641402757
4687288484,0.379753,55.740649,49.221551,4687288484
4787123642,3.004925,55.84045792,49.13011169,4787123642
4787376814,1.697059,55.82225037,49.05762482,4787376814
4552665545,4.742104,55.877667,49.019789,4552665545
4701723725,2.871662,55.776477,49.226429,4701723725
4905534491,4.433467,55.867713,49.017139,4905534491
4624731430,0.837907,55.81950378,49.08612061,4624731430
4905756253,0.788046,55.7858633132213,49.1375116929827,4905756253
4646591033,5.561136,55.802234,49.23879,4646591033
4771618088,3.021275,55.81871,49.146461,4771618088
4786693951,3.261072,55.800271,49.055183,4786693951
4786507660,2.604682,55.766395,49.238116,4786507660
4424367163,4.394779,55.87126541,49.02015686,4424367163
4647230972,0.166237,55.751396,49.207879,4647230972
4424216544,1.594762,55.83107758,49.05768967,4424216544
4510751252,2.923236,56.295828987072255,44.02835870916073,4510751252
5121574472,5.56561,56.364481,43.824545,5121574472
4511324091,0.456334,56.31204605,43.9872551,4511324091
4668526225,0.570376,56.3087616,43.94584274,4668526225
4610677648,6.675858,56.24795355994659,43.75085617130027,4610677648
4625297027,0.076708,56.32125092,43.92618942,4625297027
4437368368,4.401162,56.287097,44.046348,4437368368
4823808799,4.316041,56.20504854249352,43.87867766719593,4823808799
4646533153,1.050908,56.337357,43.933025,4646533153
4437319309,2.473628,56.300565,44.026028,4437319309
4641433096,0.883741,56.33592606,43.88138199,4641433096
4771459035,0.735956,56.280102,43.935576,4771459035
4436559370,3.352573,56.29837799,44.04044724,4436559370
4555208991,5.849561,56.27287674,44.05317307,4555208991
4667961173,1.124645,56.285618,43.945997,4667961173
4751972067,4.227803,56.298702,44.056598,4751972067
4555257664,0.545171,56.334358,43.88625,4555257664
4751804068,1.526585,56.319245,44.01656,4751804068
4423856046,2.150436,56.22724533,43.88025665,4423856046
5121954585,0.587085,56.28715587356464,43.936609587713534,5121954585
4423791103,1.175798,56.23182678,43.86267853,4423791103
4857840445,7.886696,56.24905014,44.04555893,4857840445
4905878036,0.848986,56.268826,43.926387,4905878036
313748972,1.011876,56.302388,43.923009,313748972
313784075,4.141839,56.291479,44.047453,313784075
313788373,4.12049,56.231238,43.948656,313788373
313987401,0.909998,56.236416,43.868625,313987401
313990706,0.868064,56.337471,43.936133,313990706
313992408,2.716028,56.348716,43.860864,313992408
313993579,5.949623,56.262277,44.019416,313993579
313690716,5.531627,56.286767,44.068895,313690716
313740082,0.690011,56.27413,43.931723,313740082
313984849,0.781849,56.291888,43.931274,313984849
313693188,1.313095,56.234155,43.842304,313693188
313736950,4.361977,56.301968,43.852428,313736950
313760179,1.571775,56.264127,43.874832,313760179
313760180,4.258544,56.286862,44.042763,313760180
313985611,2.43615,56.292078,43.989143,313985611
313986271,5.004116,56.22228,43.952079,313986271
313681235,1.016994,56.305284,43.999887,313681235
313685661,3.730249,56.343354,43.837328,313685661
313685665,2.40453,56.32518,44.026944,313685665
313692685,0.926394,56.257523,43.877725,313692685
313696759,2.048793,56.229541,43.882235,313696759
313696765,4.139808,56.306638,43.848134,313696765
313696771,4.47914,56.242089,43.970907,313696771
313698161,2.793921,56.293866,44.021348,313698161
313698167,3.429808,56.294266,44.036772,313698167
313698175,0.602114,56.334652,43.885433,313698175
313705652,2.763563,56.29547,44.024034,313705652
313708626,3.451715,56.317617,44.049276,313708626
313828522,5.01128,56.205215,43.811627,313828522
313971935,1.124645,56.285618,43.945997,313971935
313985390,4.224668,56.298692,44.056535,313985390
313983177,4.224668,56.298692,44.056535,313983177
313978167,4.224668,56.298692,44.056535,313978167
313692861,4.362961,56.228756,43.949689,313692861
313855825,6.609024,56.362451,43.801772,313855825
313975594,5.352708,56.284524,44.062508,313975594
313604219,0.222653,56.274499,43.920575,313604219
313598055,6.109293,56.299066,44.089,313598055
313600085,0.059144,56.299436,43.938855,313600085
313826635,0.467868,56.314786,43.937616,313826635
313952853,5.074633,56.303846,44.073935,313952853
313969919,0.071603,56.321216,43.92627,313969919
313970088,2.469358,56.300515,44.025875,313970088
313970673,4.224668,56.298692,44.056535,313970673
313625206,1.047206,56.258208,43.921572,313625206
313643718,5.555504,56.272775,44.045,313643718
313648435,5.150236,56.305229,44.075696,313648435
313729021,1.55498,56.338953,43.925345,313729021
313878928,0.545815,56.312675,44.00251,313878928
313644828,0.842525,56.306857,43.999357,313644828
313653078,0.398299,56.287362,43.932882,313653078
313817163,0.999615,56.302463,43.953139,313817163
313959479,4.262196,56.233574,43.955402,313959479
313965766,1.965281,56.308101,44.02398,313965766
313820024,4.050511,56.239208,43.958115,313820024
4787647809,1.599541,56.258093,43.859139,4787647809
4624539813,1.632788,56.341742,43.925911,4624539813
4640632874,1.287007,56.334228,43.874105,4640632874
4557328400,1.356373,56.24150983547352,43.83616106906558,4557328400
4857962283,2.447247,56.35126495,43.87214661,4857962283
4977620240,4.259759,56.23358536,43.95536804,4977620240
4647466961,2.515994,56.291439,43.999833,4647466961
313961930,5.340777,56.261578,44.003345,313961930
4646783009,1.087086,56.261643,43.882459,4646783009
4646984569,4.123063,56.352657,43.838046,4646984569
5122196631,4.638985,56.280716,44.039476,5122196631
4752281243,5.340348,56.26160140124066,44.003351443003446,4752281243
4837876955,5.723356,56.35988998,43.81567001,4837876955
313958278,4.401162,56.287097,44.046348,313958278
4436911293,6.140885,56.36449432,43.81298447,4436911293
313953296,1.2871,56.334238,43.874105,313953296
5122174907,1.033252,56.293647,43.951782,5122174907
4555395593,5.568719,56.27365,44.04756,4555395593
4625282077,1.01065,56.30238342,43.92302704,4625282077
4837444329,1.058716,56.304455,43.997129,4837444329
4787589945,2.177203,56.310433,44.028579,4787589945
4511127107,5.785386,56.367986,43.825236,4511127107
4788140074,3.372463,56.29966736,44.04211807,4788140074
5121875466,1.472472,56.341578,43.928677,5121875466
313658164,2.339666,56.262512,43.849338,313658164
313761689,0.747477,56.283824,43.91602,313761689
313857590,2.58683,56.230042,43.822317,313857590
4610496225,1.24555,56.310977,43.974447,4610496225
4533551446,2.849019,56.34829712,43.85756683,4533551446
4598911231,1.513227,56.30170822,43.98274612,4598911231
4610883032,0.731938,56.3415184,43.94598007,4610883032
5122225834,0.867688,56.337476,43.936142,5122225834
5122211437,0.820677,56.30061,43.951162,5122211437
313947536,0.808437,56.329133,43.884085,313947536
5121815118,1.121029,56.310178,44.010828,5121815118
5121587640,6.403478,56.362551,43.805716,5121587640
4794657370,8.063804,56.24834061,44.04963684,4794657370
313948540,1.297956,56.336219,43.92141,313948540
4647155235,5.275437,56.302348,44.07663,4647155235
5121954420,7.94497,56.24882126,44.04693985,5121954420
4552698823,1.429154,56.303157,43.981004,4552698823
4557306493,1.613166,56.254622,43.845044,4557306493
4615333381,5.016873,56.223021,43.954001,4615333381
4823677144,0.650979,56.312435,44.004154,4823677144
4751937590,1.904608,56.23745346,43.82843399,4751937590
4533891365,2.952438,56.21799469,43.83803558,4533891365
4787200415,2.503969,56.21957779,43.8587532,4787200415
4647218619,1.702688,56.301823,43.976809,4647218619
4615367644,0.700161,56.309609,44.002366,4615367644
4788181792,1.539019,56.34506989,43.90776443,4788181792
4977612443,0.321339,56.263627,43.912166,4977612443
4614897520,1.232542,56.232133,43.866801,4614897520
313945536,4.270273,56.309654,43.840445,313945536
4615362436,3.086126,56.343803,43.848691,4615362436
313945549,2.817626,56.31205,43.869999,313945549
4554771312,0.542937,56.340026,43.951432,4554771312
4665415439,1.298405,56.3362236,43.92140961,4665415439
4611278840,1.370078,56.25776853553153,43.86424435121114,4611278840
4614931469,4.857542,56.28382874,44.05094528,4614931469
313692682,0.555932,56.271615,43.919128,313692682
4752423246,5.81383,56.36197281,43.81630707,4752423246
4555243016,5.785386,56.367986,43.825236,4555243016
4718180429,8.025129,56.24707409928981,44.042920667376265,4718180429
4554828967,5.850684,56.263112,44.01885,4554828967
5122195465,0.798862,56.2349,43.858771,5122195465
4905850576,3.787769,56.275724,43.986628,4905850576
4677335085,0.89404,56.32754517,43.9337883,4677335085
4554768157,5.597483,56.274489,44.050282,4554768157
5121493753,2.267865,56.320318,44.028642,5121493753
313690554,1.465259,56.253242,43.845547,313690554
313807887,5.742131,56.367123,43.824796,313807887
4610795412,0.611019,56.309913,44.000902,4610795412
4704088743,0.057438,56.2994194,43.93884659,4704088743
4823647468,5.210748,56.20204163,43.81447601,4823647468
5122390261,5.396541,56.193657,43.853641,5122390261
5121465729,1.288691,56.342685,43.906929,5121465729
313939947,3.935203,56.359085,43.851395,313939947
4788038174,3.935609,56.35909,43.851395,4788038174
4676838370,3.066789,56.29798126,44.03448868,4676838370
4554595104,0.67991,56.283235,43.917422,4554595104
5122355181,0.930765,56.29998,43.953148,5122355181
313681697,1.584484,56.259883,43.863738,313681697
313686224,3.392066,56.318745,44.04801,313686224
313686233,3.158921,56.285773,43.985954,313686233
5122163466,1.968061,56.237677,43.827267,5122163466
313937967,4.224668,56.298692,44.056535,313937967
5122330701,3.207499,56.354921,43.860648,5122330701
313696560,0.118619,56.297997,43.93855,313696560
313827208,2.600235,56.231103,43.820987,313827208
313925729,4.224668,56.298692,44.056535,313925729
313821783,3.665255,56.317343,44.052807,313821783
313920446,1.61476,56.30894,44.018509,313920446
313921737,1.609769,56.316828,43.891658,313921737
313922100,4.224668,56.298692,44.056535,313922100
313922394,0.910339,56.236076,43.868014,313922394
4686716974,0.544982,56.32474518,43.94148636,4686716974
313708474,0.093278,56.314627,43.993751,313708474
313708477,1.490475,56.265547,43.882459,313708477
313708483,0.797896,56.236621,43.866388,313708483
313748379,0.135859,56.326972,43.912508,313748379
313817168,1.177442,56.313933,44.012948,313817168
313817176,0.464584,56.313039,43.931157,313817176
313845558,0.69676,56.251517,43.86805,313845558
4636958222,3.201054,56.320822,44.044084,4636958222
313696554,2.411211,56.309359,43.886681,313696554
313698853,2.859037,56.35134,43.862013,313698853
313712648,1.604262,56.319709,43.886025,313712648
313805341,0.765211,56.333978,43.937436,313805341
313822438,1.338742,56.338015,43.914718,313822438
4825568427,4.813711,56.303731,44.06956,4825568427
313914956,1.135381,56.231988,43.860846,313914956
4556892584,4.346456,56.28805542,44.04670715,4556892584
4977964878,1.504217,56.27032834855456,43.890131052195535,4977964878
4668349308,1.289333,56.33551407,43.92336655,4668349308
4795288181,5.507214,56.1934967,43.87482452,4795288181
5121503141,5.564141,56.295695,44.077708,5121503141
5121614058,1.243331,56.322355,43.981022,5121614058
4825669535,0.500529,56.3067627,43.93299103,4825669535
4788384622,1.433741,56.233279,43.874922,4788384622
4556495999,1.075159,56.309604,43.978273,4556495999
313788873,1.851407,56.307257,44.021428,313788873
313810482,1.235227,56.321905,43.980304,313810482
313902991,4.103918,56.340585,43.829809,313902991
5003991438,4.105238,56.34062,43.8298,5003991438
4556595499,4.256507,56.206547,43.883402,4556595499
4598703641,1.931472,56.32872009,44.00983047,4598703641
4636766327,2.146899,56.31173706,44.02841568,4636766327
313911440,1.561444,56.321546,44.014952,313911440
4610548065,4.442779,56.30567932,43.84295273,4610548065
4423801591,5.831524,56.1897244034946,43.86146608277743,4423801591
4556517696,1.435946,56.257053,43.929279,4556517696
4556984104,3.436952,56.331768,43.83934,4556984104
4557397201,1.938804,56.317333,44.0246,4557397201
4614926822,1.158819,56.33578491,43.91721344,4614926822
4436617169,0.637856,56.2741394,43.93081665,4436617169
4667913754,1.027858,56.26046753,43.88071823,4667913754
313729826,1.303361,56.337322,43.928848,313729826
4556541907,5.523212,56.275729,44.051118,4556541907
4557274508,0.550099,56.305659,43.936672,4557274508
4676957187,1.287189,56.267582,43.89208,4676957187
4598868143,3.206841,56.29359055,44.03084183,4598868143
4787037465,0.670481,56.26256561,43.89631271,4787037465
4677033287,8.820783,56.213806,44.020324,4677033287
4554534663,1.732366,56.341099,43.923629,4554534663
4772241105,2.757846,56.35005988300082,43.86207234746208,4772241105
4905993857,1.309847,56.23415375,43.84237671,4905993857
4614834427,0.726043,56.263762,43.901602,4614834427
4686833359,6.540076,56.36260223,43.80321121,4686833359
4905670120,5.104143,56.293107,44.067503,4905670120
4837769922,1.239012,56.263087,43.882243,4837769922
4788384178,5.021017,56.279837,44.047282,4788384178
4664655722,4.413242,56.23305511,43.95776367,4664655722
313693567,0.356116,56.32776,43.907585,313693567
313729683,0.334331,56.32237,43.930914,313729683
313733206,0.54822,56.310398,44.000336,313733206
313797915,5.274953,56.262972,44.003121,313797915
313874688,0.912452,56.328683,43.958394,313874688
313901225,0.586935,56.322255,43.937903,313901225
4555176935,5.889902,56.1891900453671,43.86094792466925,4555176935
313753866,3.030242,56.302942,44.03882,313753866
313899393,4.358934,56.30449,43.847065,313899393
313899920,2.476115,56.291788,43.97601,313899920
4905802545,2.436433,56.292073,43.989179,4905802545
4718410693,2.35618,56.34820175,43.8678627,4718410693
5121868982,5.913324,56.346896,43.802428,5121868982
4788293212,0.58266,56.24375153,43.86690903,4788293212
5003707321,4.045458,56.341573,43.831165,5003707321
4977849918,2.278847,56.309843,44.030052,4977849918
313651253,5.798898,56.366405,43.822497,313651253
313653902,0.24683,56.311826,43.940544,313653902
313898216,2.33891,56.293072,44.000102,313898216
313898777,1.361341,56.315296,43.900758,313898777
4611051628,8.000975,56.380169,43.796796,4611051628
4838437154,1.319907,56.26089859,43.8744545,4838437154
4555409612,5.591053,56.360098,43.818418,4555409612
4677244720,6.805246,56.36200333,43.79771042,4677244720
5121564602,0.065718,56.29929733,43.93724823,5121564602
4668241093,0.718075,56.332212,43.883384,4668241093
4718020628,3.665606,56.27740292723684,43.98538766366559,4718020628
4972134154,1.376142,56.28944016,43.95219421,4972134154
4905613296,8.472571,56.245885,44.055627,4905613296
4511372371,0.926952,56.29518127,43.95146942,4511372371
4552847969,1.60408,56.27092541006607,43.88877892077351,4552847969
4676628666,1.090941,56.24663162,43.84244919,4676628666
4510655331,2.493983,56.22994995,43.82418442,4510655331
4609395262,0.817016,56.270066,43.927905,4609395262
4972113693,0.307225,56.325749,43.917062,4972113693
4614958996,3.186688,56.298157,44.037041,4614958996
4608799752,3.63327,56.341074,43.837804,4608799752
313893166,4.224668,56.298692,44.056535,313893166
313895591,2.377952,56.292468,43.99191,313895591
313676413,2.958224,56.299271,44.033942,313676413
4614698256,1.61058,56.256208,43.85259,4614698256
4554989886,1.712575,56.343873,43.914879,4554989886
4608951266,0.411173,56.279832,43.918742,4608951266
4654532438,4.480701,56.247201,43.976881,4654532438
4826311966,3.637252,56.31167603,43.85071182,4826311966
4978273912,0.755877,56.330181,43.957702,4978273912
4610714875,1.303085,56.23086929,43.864151,4610714875
4824301002,1.628163,56.315865,43.892745,4824301002
4437468424,1.067792,56.28232,43.944344,4437468424
4614961440,5.205292,56.279457,44.050974,4614961440
4838346243,0.55502,56.28117752,43.91857147,4838346243
313696762,3.64134,56.319859,44.051747,313696762
313696770,2.819326,56.334103,43.849284,313696770
313828930,1.432476,56.338714,43.915814,313828930
313889459,4.224668,56.298692,44.056535,313889459
5122146369,2.187005,56.31894,44.028031,5122146369
4614860367,0.561111,56.315855,43.985649,4614860367
4614892395,7.829741,56.378295,43.797568,4614892395
4615098746,2.057336,56.239798,43.825084,4615098746
5121430433,5.94447,56.282815,44.07212,5121430433
5121685681,4.683387,56.312035,44.069533,5121685681
5121947485,2.270235,56.323023,44.026639,5121947485
5122188108,2.985103,56.292882,44.024096,5122188108
4554741098,1.934827,56.34406057119657,43.870333337795245,4554741098
313885647,5.815127,56.360212,43.814286,313885647
5122335792,3.219746,56.298667,44.038254,5122335792
5122355608,1.485781,56.327091,43.991901,5122355608
313879780,1.61499,56.347519,43.935639,313879780
313881812,1.68709,56.256918,43.852662,313881812
313832623,1.623785,56.315945,43.892709,313832623
313878614,4.224668,56.298692,44.056535,313878614
313881114,0.833085,56.329422,43.883277,313881114
313641612,2.413461,56.292328,43.988532,313641612
313737819,0.749785,56.330201,43.957594,313737819
313876575,1.713231,56.343892,43.914861,313876575
4971686265,0.057438,56.2994194,43.93884659,4971686265
5122370220,2.043466,56.229591,43.882252,5122370220
4598795058,5.445151,56.30747604,44.08116531,4598795058
5121811050,1.609615,56.31682968,43.89165878,5121811050
4825696931,1.337673,56.336074,43.923225,4825696931
4554644611,0.825661,56.30133438,43.9508934,4554644611
4906089751,5.787625,56.27356469332926,44.05311057672117,4906089751
4609283306,1.453048,56.274954,43.944694,4609283306
313806991,3.405244,56.277528,43.981112,313806991
313871048,1.130552,56.3159,43.907836,313871048
313872006,4.224668,56.298692,44.056535,313872006
4557071097,8.221201,56.247396,44.051971,4557071097
4718115560,1.094519,56.25717926,43.91933441,4718115560
4977607531,1.565996,56.321716,44.014835,4977607531
4599161511,1.88353,56.25741577,43.84526062,4599161511
4703684329,3.806063,56.27904129,43.98832703,4703684329
313802259,0.295887,56.282555,43.926665,313802259
313849380,0.882648,56.249977,43.858806,313849380
313869851,3.528896,56.268286,43.976432,313869851
4906088480,5.949771,56.262277,44.019425,4906088480
4754833538,4.506769,56.229837,43.954863,4754833538
5122151334,2.44099,56.291953,43.9973,5122151334
5122278896,3.078431,56.302283,44.039143,5122278896
5122382125,2.043466,56.229591,43.882252,5122382125
4624740828,2.380267,56.311203,43.88394928,4624740828
4837773899,4.874885,56.292253,44.062481,4837773899
4977513321,6.692947,56.369013,43.807818,4977513321
4557333315,1.528125,56.245585,43.834193,4557333315
5122302471,1.582868,56.259863,43.863729,5122302471
5122168868,8.221201,56.247396,44.051971,5122168868
313628144,1.047206,56.258208,43.921572,313628144
313632728,3.535367,56.270301,43.978327,313632728
313640666,1.645036,56.344995,43.929585,313640666
313641112,3.11453,56.285853,43.991613,313641112
313865144,4.567783,56.358218,43.836214,313865144
313865870,6.125845,56.286702,44.080044,313865870
313643701,2.609305,56.229211,43.822829,313643701
313643707,2.424042,56.317088,43.868607,313643707
313643721,4.539016,56.341852,43.823098,313643721
313644867,1.395098,56.341273,43.8775,313644867
313647480,0.915094,56.291623,43.918805,313647480
313661493,1.867242,56.311886,44.023899,313661493
313737932,0.521904,56.330665,43.95127,313737932
313781726,2.139254,56.262962,43.855986,313781726
313783464,3.706605,56.358263,43.855267,313783464
313789574,3.030242,56.302942,44.03882,313789574
313791920,2.024006,56.259998,43.852707,313791920
4825755912,0.632866,56.24887466,43.86697388,4825755912
4905946693,1.210236,56.323857,43.986529,4905946693
4905661411,2.586929,56.230032,43.822326,4905661411
4557446372,0.417715,56.323642,43.930492,4557446372
4556637915,5.822167,56.263597,44.020243,4556637915
4971861590,1.213342,56.31557,43.905213,4971861590
4556678649,0.616987,56.272105,43.927581,4556678649
4553127805,1.604305,56.31628298292371,43.8925875374926,4553127805
4556623054,1.628163,56.315865,43.892745,4556623054
4614921927,4.670659,56.28813553,44.05360794,4614921927
313819120,0.371263,56.323053,43.930609,313819120
313820095,2.188947,56.263027,43.854836,313820095
313821304,5.948025,56.346387,43.801611,313821304
313823812,6.193131,56.363683,43.810989,313823812
313826664,0.664464,56.261178,43.893311,313826664
313843256,5.326996,56.358617,43.821787,313843256
313847005,1.38454,56.345833,43.937813,313847005
313848360,0.439058,56.322979,43.932208,313848360
313852107,2.804129,56.296184,44.026306,313852107
313855256,0.929108,56.343064,43.944281,313855256
313856607,2.761,56.350093,43.862058,313856607
313858545,3.59529,56.31232,43.850605,313858545
313860509,4.337091,56.229697,43.95083,313860509
5121743121,3.669743,56.317353,44.052878,5121743121
5121596957,3.64199,56.319864,44.051756,5121596957
4615423869,0.462584,56.32295665282656,43.932706750141605,4615423869
4599399592,1.115951,56.337232,43.911403,4599399592
4977770959,1.763981,56.341657,43.870655,4977770959
4554859463,0.794689,56.32767982683354,43.92808160259956,4554859463
5121672832,0.134896,56.321491,43.928022,5121672832
4825723813,1.179601,56.23257446,43.86647797,4825723813
4557329144,2.413693,56.292328,43.988505,4557329144
5121517983,1.236774,56.32191,43.980277,5121517983
4557102032,3.213257,56.284974,43.99129,4557102032
5121899414,2.043466,56.229591,43.882252,5121899414
4599350940,3.538273,56.268011632579686,43.97645503195835,4599350940
5121590718,1.357266,56.230127,43.862463,5121590718
4436555471,3.159818,56.34974177213377,43.8532461475704,4436555471
4701753836,1.107129,56.232128,43.858771,4701753836
4718054298,8.982704,56.21484,44.02475,4718054298
4615299340,2.3766,56.301664,44.025516,4615299340
4977543719,0.44538,56.274649,43.914969,4977543719
4615131685,4.652002,56.286617,43.845871,4615131685
4556499962,4.340245,56.229682,43.950875,4556499962
4971534791,4.4541,56.357973,43.838199,4971534791
4556928542,3.590239,56.31239,43.850605,4556928542
5121853321,1.287763,56.3355,43.923359,5121853321
4703701261,1.713058,56.34386826,43.91489792,4703701261
4615445298,1.518946,56.255322,43.852258,4615445298
5121705893,1.381016,56.280441,43.948503,5121705893
4553399209,1.788657,56.26381302,43.94185638,4553399209
310770357,0.931289,56.247691,43.846904,310770357
310772593,5.438647,56.295295,44.075238,310772593
310787741,1.072423,56.323123,43.98961,310787741
310832696,0.568771,56.256913,43.884525,310832696
310870170,1.697876,56.301059,43.978839,310870170
310912462,1.910227,56.344691,43.923791,310912462
310912799,2.341172,56.327231,44.023027,310912799
310913004,1.049067,56.313643,44.010873,310913004
310913015,0.613756,56.310922,43.98546,310913015
310913079,3.835192,56.269591,43.983115,310913079
310913347,0.525438,56.310892,43.98723,310913347
310783216,3.441308,56.349789,43.84782,310783216
310808084,0.490104,56.311092,44.000174,310808084
310808087,6.054617,56.361768,43.811456,310808087
4962063063,3.890335,56.2922523188988,44.04340111408606,4962063063
310808416,2.859543,56.328953,43.849266,310808416
4486973036,8.765227,56.215558,44.021276,4486973036
4486556765,8.796372,56.215738,44.022183,4486556765
4634612899,4.967913,56.20591736,43.81106186,4634612899
4596277700,1.599541,56.258093,43.859139,4596277700
4395472839,0.585108,56.32322915409745,43.93473891534425,4395472839
4663820188,3.295504,56.28437805,43.98806381,4663820188
4634626710,1.3515,56.258008,43.865436,4634626710
4961802673,4.054039,56.239188,43.95816,4961802673
4516977333,0.705692,56.33194890680706,43.93986101287308,4516977333
4579661216,3.511761,56.3354454,43.83819962,4579661216
4961913195,7.906892,56.248311,44.043302,4961913195
4438998049,1.418598,56.234037427736205,43.840245655198615,4438998049
4476156471,6.727843,56.36181641,43.7989502,4476156471
4664390300,5.785236,56.36798477,43.82523727,4664390300
4487274210,0.571945,56.332975,43.941308,4487274210
4477296522,0.897922,56.3094635,43.98168564,4477296522
4961713611,6.390172,56.284054,44.082199,4961713611
310910356,2.98891,56.336369,43.846841,310910356
4516532595,4.312194,56.23867798,43.9624176,4516532595
310910479,4.202048,56.294371,44.052124,310910479
4393444421,1.790588,56.231758,43.88068,4393444421
310911671,0.393175,56.317602,43.948979,310911671
4504557428,0.934426,56.321791,43.989341,4504557428
310911679,3.213257,56.284974,43.99129,310911679
4961763302,2.008192,56.23393,43.829108,4961763302
310805204,1.893093,56.232499,43.832773,310805204
310805206,0.900743,56.265187,43.898629,310805206
310819065,0.512826,56.333015,43.94235,310819065
310877509,0.529904,56.282625,43.935136,310877509
310908249,2.272449,56.307716,44.028974,310908249
4511670250,1.475827,56.26409912,43.877491,4511670250
310908491,2.079734,56.223401,43.856588,310908491
4448860386,3.317407,56.277493,43.97963,4448860386
310908495,1.926324,56.270441,43.881273,310908495
4373857400,3.327512,56.31267929,43.85584259,4373857400
310908530,1.290622,56.236286,43.839969,310908530
310805004,1.474765,56.229541,43.865768,310805004
4962134186,0.41457,56.329412,43.910675,4962134186
310905979,4.509963,56.283989,44.043249,310905979
310906434,6.054617,56.361768,43.811456,310906434
4449094000,3.924984,56.236196,43.952159,4449094000
4591883326,0.767833,56.33205032,43.93860245,4591883326
310787747,0.986655,56.304955,43.995027,310787747
310890367,1.640307,56.346985,43.933537,310890367
310892087,0.947132,56.278063,43.936403,310892087
310736700,2.545502,56.292917,44.010676,310736700
310738988,5.597918,56.274484,44.050282,310738988
310738989,5.392322,56.303481,44.079046,310738989
310740523,1.294368,56.273245,43.941478,310740523
310741229,1.953926,56.272505,43.883789,310741229
310741231,2.370219,56.309369,43.887687,310741231
310741233,1.600927,56.245585,43.83298,310741233
310743638,0.824228,56.28982,43.917565,310743638
310757108,0.346703,56.318501,43.943706,310757108
310758532,0.486892,56.334872,43.957432,310758532
310762851,3.653665,56.358941,43.858061,310762851
310763454,1.792232,56.270621,43.885289,310763454
310763455,3.259334,56.316504,44.046366,310763455
310766865,5.312915,56.287037,44.064979,310766865
310766875,3.295637,56.284379,43.988029,310766875
310766879,1.245484,56.324566,43.988496,310766879
310767782,3.749982,56.276603,43.98643,310767782
310767895,0.625342,56.31871,43.989035,310767895
310767898,1.38071,56.280436,43.948494,310767898
310767907,1.800473,56.30028,44.009894,310767907
310769910,5.073272,56.280022,44.048926,310769910
310769913,4.274498,56.293906,44.052986,310769913
310769918,2.224406,56.312824,43.884723,310769918
310770013,1.358231,56.343658,43.906318,310770013
310772589,5.485817,56.289255,44.070764,310772589
310773751,0.623985,56.307272,43.945359,310773751
310773753,3.949116,56.238202,43.955115,310773753
310773755,0.565087,56.310083,43.987697,310773755
310774898,1.03817,56.250152,43.849689,310774898
310777353,1.384785,56.256238,43.860711,310777353
310777359,1.712114,56.229151,43.873009,310777359
310778193,0.497465,56.306198,43.935756,310778193
310779971,4.076272,56.276029,43.991604,310779971
310781337,2.190182,56.268636,43.869002,310781337
310781349,4.418359,56.260523,43.986709,310781349
310781621,1.361591,56.256788,43.862256,310781621
310782894,1.357018,56.268556,43.891811,310782894
310783084,0.72845,56.30464,43.932109,310783084
310783214,0.709607,56.332626,43.939143,310783214
310783218,2.063011,56.310043,44.026567,310783218
310783732,4.756739,56.302163,44.067871,310783732
310783734,2.008444,56.233925,43.829108,310783734
310787739,1.049015,56.248871,43.84632,310787739
310787744,0.785735,56.246831,43.848673,310787744
310793316,2.413461,56.292328,43.988532,310793316
310811610,1.964296,56.232283,43.83165,310811610
310816470,0.861528,56.306103,43.995431,310816470
310818168,0.842525,56.306857,43.999357,310818168
310819060,4.578943,56.313279,44.067907,310819060
310819287,4.931558,56.284349,44.053426,310819287
310819780,1.214603,56.252932,43.85966,310819780
310821751,1.435946,56.257053,43.929279,310821751
310824709,1.772453,56.346691,43.929648,310824709
310824711,1.772453,56.346691,43.929648,310824711
310824713,1.772453,56.346691,43.929648,310824713
310824716,1.772453,56.346691,43.929648,310824716
310824717,1.772453,56.346691,43.929648,310824717
310824718,1.772453,56.346691,43.929648,310824718
310824719,1.772453,56.346691,43.929648,310824719
310824721,1.043149,56.344062,43.943823,310824721
310824723,2.467675,56.310947,44.033466,310824723
310825685,1.067714,56.323358,43.995189,310825685
310825689,1.610869,56.264717,43.875219,310825689
310827413,6.329096,56.364715,43.809579,310827413
310827749,0.508323,56.316369,43.98714,310827749
310827752,4.259772,56.35924,43.844272,310827752
310827761,1.478531,56.341213,43.913981,310827761
310830170,1.305339,56.320488,44.011242,310830170
310831548,0.887109,56.330904,43.961601,310831548
310832697,4.276952,56.286298,44.042162,310832697
310832698,5.525491,56.276099,44.051962,310832698
310833624,1.973209,56.348183,43.927761,310833624
310834616,4.492045,56.240143,43.968347,310834616
310835513,1.135983,56.334283,43.931309,310835513
310835514,5.016351,56.205711,43.810244,310835514
310837262,0.954373,56.29006,43.940463,310837262
310850469,0.945204,56.233584,43.858779,310850469
310850852,2.707431,56.313064,44.037652,310850852
310851921,1.294853,56.335021,43.924788,310851921
310852832,1.077559,56.236491,43.843805,310852832
310853318,0.621943,56.303931,43.943077,310853318
310853657,2.711571,56.217936,43.863963,310853657
310853659,4.778362,56.299056,44.066425,310853659
310854791,1.78166,56.297873,43.991065,310854791
310854981,1.790588,56.231758,43.88068,310854981
310855910,0.645695,56.31243,44.004064,310855910
310856310,1.149876,56.322429,44.004118,310856310
310860631,5.621383,56.270641,44.041039,310860631
310861240,0.929108,56.343064,43.944281,310861240
310862063,0.190136,56.312205,43.995045,310862063
310862066,0.354404,56.273285,43.922057,310862066
310862379,1.555082,56.312285,44.018904,310862379
310862899,2.065223,56.32225,44.023629,310862899
310863219,2.104761,56.270616,43.877366,310863219
310863270,2.111665,56.228601,43.882001,310863270
310865604,1.38454,56.345833,43.937813,310865604
310865869,5.922413,56.283864,44.073001,310865869
310867240,8.162131,56.38147,43.795376,310867240
310867423,4.360349,56.285308,44.042251,310867423
310868179,2.172523,56.320862,44.026648,310868179
310868867,4.113752,56.23451,43.953678,310868867
310869222,4.077998,56.290969,44.04544,310869222
310869280,3.946444,56.296509,44.049582,310869280
310872462,0.407887,56.272925,43.919577,310872462
310872474,0.319573,56.332915,43.946608,310872474
310874055,4.326899,56.304505,43.847802,310874055
310874728,0.392739,56.275704,43.915194,310874728
310874733,4.278856,56.263272,43.986268,310874733
310874782,1.246098,56.256463,43.864448,310874782
310876113,0.06475,56.299286,43.937256,310876113
310877514,1.861937,56.238427,43.828704,310877514
310877519,2.079256,56.225633,43.873952,310877519
310877939,2.440292,56.229431,43.825856,310877939
310880416,0.412577,56.329387,43.910621,310880416
310880419,2.008444,56.233925,43.829108,310880419
310881930,1.305297,56.230847,43.864142,310881930
310882261,3.312382,56.277518,43.979558,310882261
4635162728,2.699312,56.217941,43.862364,4635162728
310884871,0.571945,56.332975,43.941308,310884871
310886489,6.369129,56.283999,44.081741,310886489
310886627,4.050511,56.239208,43.958115,310886627
310887732,1.475154,56.264092,43.877491,310887732
310887751,0.333813,56.278982,43.918517,310887751
310890491,0.625935,56.330246,43.954172,310890491
310890908,3.724554,56.298862,44.047767,310890908
4315991426,3.12909,56.31424713,44.04447937,4315991426
4425624694,8.451243,56.16652679,43.87136459,4425624694
4358706691,3.304301,56.30041,44.041569,4358706691
4492311246,4.424091,56.28649902,44.04585266,4492311246
4545869937,4.105238,56.34062,43.8298,4545869937
4297031634,1.637579,56.24341583,43.83171463,4297031634
4462326096,1.560313,56.23221207,43.87591171,4462326096
4721602430,5.472227,56.267022,44.021051,4721602430
4721790399,1.732452,56.27570724,43.95011902,4721790399
4617994764,0.553531,56.23709106,43.85795212,4617994764
4496244563,0.236618,56.31425858,43.99019241,4496244563
4539263313,5.922428,56.2838707,44.07300949,4539263313
4343297900,0.59074,56.31212997,44.00298691,4343297900
4550118106,5.708328,56.26354599,44.01219559,4550118106
4722191453,1.314562,56.25380885190295,43.85588988449826,4722191453
4549520981,0.751067,56.28380966,43.91596603,4549520981
4390800705,2.864856,56.216344,43.859372,4390800705
4416079439,8.621722,56.21590946452832,44.01894034568991,4416079439
4722106685,3.438534,56.349774,43.847856,4722106685
4390712243,0.266327,56.27489836916944,43.92466939724042,4390712243
4390519026,0.121142,56.242894,43.859274,4390519026
4468314498,6.847517,56.18502045,43.89925766,4468314498
4462054233,3.402024,56.35474014,43.85571671,4462054233
4399185829,0.244295,56.28360367,43.92502213,4399185829
4377114584,2.804093,56.29618454,44.02630615,4377114584
4353034928,0.406899,56.31206,43.988137,4353034928
4461543836,2.295406,56.34526062,43.86466217,4461543836
4379843909,1.455654,56.23443985,43.87708664,4379843909
4416291096,2.261843,56.230711019178365,43.82776601373691,4416291096
4399431476,6.346603,56.36696243,43.8120575,4399431476
308908715,0.29607,56.279052,43.922344,308908715
308909600,5.795116,56.260593,44.010478,308909600
308916596,0.874138,56.305968,43.992826,308916596
308917979,1.214989,56.231893,43.85091,308917979
308919356,1.361341,56.315296,43.900758,308919356
308925200,2.864905,56.216344,43.859399,308925200
308925549,1.332023,56.232368,43.870601,308925549
308926898,4.998597,56.233384,43.969668,308926898
308929620,4.701227,56.288426,43.848593,308929620
308930547,1.500047,56.34477,43.932414,308930547
308934716,3.912814,56.292443,43.86514,308934716
308934718,5.094899,56.238442,43.978399,308934718
308934970,6.152423,56.285988,44.079801,308934970
308935072,5.832825,56.27208,44.050902,308935072
308937156,1.737033,56.226564,43.861214,308937156
308937308,0.995508,56.237247,43.844487,308937308
308937391,4.998597,56.233384,43.969668,308937391
308937399,2.951295,56.218001,43.838055,308937399
308937403,5.356808,56.29506,44.07363,308937403
308937542,2.955186,56.287966,43.982945,308937542
308943558,1.308445,56.330031,43.8745,308943558
308943769,4.680076,56.302468,44.066739,308943769
308943772,3.98247,56.236466,43.95366,308943772
308950398,2.30743,56.313199,44.031193,308950398
308950407,1.675769,56.28368,43.954791,308950407
308952314,0.802895,56.291409,43.921491,308952314
308953425,3.697159,56.265197,43.977537,308953425
308973614,6.148982,56.309474,43.80515,308973614
308983728,1.614589,56.265122,43.876207,308983728
308984870,0.650573,56.299676,43.927761,308984870
308984871,3.777035,56.278642,43.987715,308984871
308984873,4.294674,56.263617,43.986762,308984873
308984874,2.711571,56.217936,43.863963,308984874
308984875,0.619081,56.255588,43.881399,308984875
308988208,1.953926,56.272505,43.883789,308988208
308988212,1.992212,56.310887,44.025686,308988212
308999965,6.519868,56.361703,43.802671,308999965
309000781,0.700567,56.235976,43.85515,309000781
309000783,1.220062,56.3155,43.90524,309000783
309002469,5.341422,56.311117,43.818256,309002469
309002504,1.817402,56.237842,43.829701,309002504
309002505,2.451794,56.224542,43.834067,309002505
309002507,1.716228,56.241584,43.830348,309002507
309002918,5.637837,56.360731,43.818248,309002918
309003083,6.982773,56.364411,43.796823,309003083
309003128,0.642735,56.271605,43.927042,309003128
309003131,1.570446,56.314247,43.89747,309003131
309003139,1.817402,56.237842,43.829701,309003139
309003563,1.572544,56.299806,43.997416,309003563
309005553,0.620242,56.340505,43.946222,309005553
309005554,-1.0,56.389647,43.739986,309005554
309006355,3.758708,56.345928,43.838505,309006355
309008949,1.804704,56.34256,43.923539,309008949
309008952,3.51823,56.272595,43.979998,309008952
309014414,1.331197,56.257608,43.927869,309014414
309022369,1.721865,56.309968,44.02088,309022369
309028897,0.47666,56.318276,43.920081,309028897
309031152,4.038091,56.307002,43.849823,309031152
309031153,3.589326,56.340545,43.838307,309031153
309031155,5.392322,56.303481,44.079046,309031155
309031160,3.015805,56.301134,44.036996,309031160
309034115,2.696686,56.351505,43.866164,309034115
309034117,3.544177,56.309624,44.050696,309034117
309035718,0.97437,56.301813,43.953139,309035718
309035720,1.292913,56.336907,43.874994,309035720
309035722,4.038091,56.307002,43.849823,309035722
309036289,5.926431,56.262038,44.016245,309036289
309036347,1.741535,56.319399,44.020198,309036347
309036411,0.334331,56.32237,43.930914,309036411
309036638,0.922395,56.317462,44.007289,309036638
309036658,5.785428,56.367981,43.825227,309036658
309040353,3.207236,56.354931,43.860675,309040353
309043059,4.124451,56.31555,44.060496,309043059
309043065,6.006936,56.286637,44.077762,309043065
309043069,0.166225,56.276843,43.918805,309043069
309047419,0.515729,56.324152,43.931893,309047419
309047530,4.773297,56.284114,44.049555,309047530
309049915,1.806577,56.346362,43.928291,309049915
309052774,1.286755,56.324945,43.98846,309052774
309068189,2.696861,56.218441,43.867628,309068189
309078404,0.354404,56.273285,43.922057,309078404
309080763,1.240624,56.231103,43.854405,309080763
309081580,0.455462,56.303072,43.936915,309081580
309081623,1.313095,56.234155,43.842304,309081623
309082727,2.114194,56.239353,43.824266,309082727
309083296,1.730428,56.331733,43.866999,309083296
309086597,2.537778,56.219728,43.866173,309086597
309090014,2.080791,56.347559,43.873179,309090014
309090020,5.200829,56.36108,43.827276,309090020
309090022,0.945204,56.233584,43.858779,309090022
309090674,2.152979,56.245615,43.82388,309090674
309090677,6.803592,56.361509,43.797272,309090677
309090816,1.208566,56.335605,43.930061,309090816
309091113,0.29403,56.314147,43.989215,309091113
309091183,5.79789,56.27264,44.051288,309091183
309091575,4.6358,56.285233,44.048405,309091575
309092568,0.522904,56.278722,43.928776,309092568
309092609,0.59989,56.275339,43.930869,309092609
309092662,4.314365,56.352931,43.834732,309092662
309092700,3.162668,56.302448,43.882935,309092700
309093597,2.495641,56.232238,43.821841,309093597
309093752,3.019125,56.348123,43.854009,309093752
309093758,2.841617,56.317557,44.039341,309093758
309093760,5.614665,56.269246,44.036403,309093760
309093765,1.177637,56.237787,43.840643,309093765
309097573,0.487525,56.318171,43.941056,309097573
309098577,0.39515,56.313943,43.935145,309098577
309099495,3.140572,56.303451,44.041129,309099495
309100405,3.207236,56.354931,43.860675,309100405
309100736,1.976984,56.313433,43.889125,309100736
309100796,0.242883,56.28338,43.930205,309100796
309100797,0.120334,56.310208,43.939053,309100797
309102315,0.115967,56.242814,43.859309,309102315
309103773,5.555451,56.274579,44.049393,309103773
309103794,4.249322,56.290909,44.048854,309103794
309103853,4.771346,56.281566,44.044713,309103853
309104487,1.021995,56.293067,43.919577,309104487
309111715,0.169133,56.325439,43.914763,309111715
309112218,0.148414,56.267042,43.915508,309112218
309113073,1.81097,56.256638,43.845053,309113073
309115291,1.113578,56.313274,43.914295,309115291
309116504,3.949116,56.238202,43.955115,309116504
309116578,0.800384,56.264292,43.898844,309116578
309116589,3.673086,56.293926,44.04129,309116589
309116742,1.1743,56.316764,43.902231,309116742
309116867,4.604585,56.285903,44.048836,309116867
309117592,2.609496,56.228596,43.823575,309117592
309118242,1.851407,56.307257,44.021428,309118242
309118399,0.563588,56.245135,43.865238,309118399
309118654,5.531627,56.286767,44.068895,309118654
309118689,2.037145,56.267492,43.870377,309118689
309119382,2.541459,56.311336,44.03475,309119382
309119427,1.186938,56.334817,43.922254,309119427
309119513,1.354857,56.332262,43.873009,309119513
306813604,4.397795,56.208204,43.821508,306813604
306813696,5.643071,56.265032,44.018751,306813696
306813720,0.591869,56.310418,43.986538,306813720
306813865,0.657917,56.273645,43.912041,306813865
306814368,4.25634,56.239758,43.962562,306814368
306812700,1.309444,56.253822,43.857863,306812700
306799956,2.4766,56.33324,43.8548,306799956
306798346,4.146678,56.290839,43.859642,306798346
306798349,5.072783,56.262092,43.999096,306798349
306800058,1.178284,56.303601,43.999033,306800058
306800062,0.301376,56.276653,43.916541,306800062
306800064,4.92222,56.288651,43.843481,306800064
306796929,3.64134,56.319859,44.051747,306796929
306795524,1.731884,56.227335,43.866999,306795524
306792172,2.841138,56.305124,43.885127,306792172
306792442,5.51634,56.360217,43.81999,306792442
306792715,3.718519,56.349514,43.842313,306792715
306792788,0.590316,56.325769,43.928624,306792788
306792885,0.743016,56.282495,43.916326,306792885
306793120,4.694266,56.313623,44.069776,306793120
306793308,1.061488,56.265877,43.89411,306793308
306793457,1.919026,56.344386,43.92327,306793457
306788638,1.908937,56.306583,44.021905,306788638
306789076,3.00814,56.354168,43.864035,306789076
306789422,3.544177,56.309624,44.050696,306789422
306789472,5.765554,56.272095,44.049124,306789472
306789478,2.23042,56.318546,44.028938,306789478
306789482,0.754326,56.241949,43.870179,306789482
306789483,2.876573,56.218807,43.837813,306789483
306789499,2.895064,56.294061,44.024375,306789499
306789506,0.953023,56.33543,43.879935,306789506
306780885,1.483621,56.327096,43.873575,306780885
306786504,0.874138,56.305968,43.992826,306786504
306786998,1.310975,56.339003,43.929495,306786998
306787550,5.473699,56.202231,43.8063,306787550
306777635,4.756739,56.302163,44.067871,306777635
306785192,3.727412,56.235616,43.947264,306785192
306777247,1.72519,56.231023,43.877536,306777247
306780772,3.789684,56.275714,43.986655,306780772
306780777,1.114597,56.291703,43.950444,306780777
306781525,0.34779,56.321291,43.932037,306781525
306781748,5.150236,56.305229,44.075696,306781748
306782457,2.259565,56.293782,43.999968,306782457
306782679,1.497911,56.342685,43.929396,306782679
306784423,1.185405,56.335271,43.920754,306784423
306784687,3.773357,56.317467,44.05454,306784687
306778905,0.380358,56.279827,43.922272,306778905
306777240,0.334331,56.32237,43.930914,306777240
306777284,0.432493,56.313808,43.941146,306777284
306777362,4.607495,56.284684,44.046815,306777362
306777364,2.764203,56.293682,44.020099,306777364
306777512,2.198622,56.345688,43.867215,306777512
306778598,0.518921,56.270935,43.915543,306778598
306776215,6.055805,56.367537,43.818795,306776215
306773168,1.994653,56.224797,43.849437,306773168
306774025,3.51823,56.272595,43.979998,306774025
306774030,5.049399,56.291499,44.064952,306774030
306774038,0.966132,56.329083,43.929782,306774038
306774054,2.975728,56.287412,43.986259,306774054
306774060,1.931218,56.318316,43.878992,306774060
306774079,0.114892,56.275489,43.922084,306774079
306691852,5.471123,56.300809,44.079172,306691852
306772136,1.407128,56.23406,43.875578,306772136
306755124,5.049399,56.291499,44.064952,306755124
306770788,1.817023,56.321616,44.019695,306770788
306770504,1.03817,56.250152,43.849689,306770504
306764338,6.563792,56.360447,43.80065,306764338
306766543,1.596509,56.34057,43.917044,306766543
306766568,4.047338,56.341583,43.831138,306766568
306766571,0.455903,56.311521,43.944407,306766571
306688749,3.691896,56.296284,43.871715,306688749
306762059,1.053144,56.24493,43.841828,306762059
306682090,1.647421,56.317922,43.889529,306682090
306706000,0.992521,56.305779,44.000938,306706000
306709123,0.142849,56.309459,43.938325,306709123
306755853,0.114892,56.275489,43.922084,306755853
306680463,7.796835,56.377856,43.797604,306680463
306755274,4.456801,56.248666,43.977815,306755274
306679578,1.945714,56.258673,43.848269,306679578
306679668,4.398026,56.306313,43.84287,306679668
306743851,4.92222,56.288651,43.843481,306743851
306753335,2.406161,56.310682,44.032397,306753335
306753385,4.113426,56.291029,43.86037,306753385
306753397,0.327792,56.276409,43.926683,306753397
306736249,5.442552,56.307472,44.081122,306736249
306752175,1.154738,56.330675,43.930932,306752175
306671984,1.159679,56.333814,43.876117,306671984
306671580,5.121346,56.298737,44.072102,306671580
306749555,1.332023,56.232368,43.870601,306749555
306668390,1.168235,56.324286,43.993724,306668390
306750858,0.954373,56.29006,43.940463,306750858
306667468,1.571775,56.264127,43.874832,306667468
306667471,0.301376,56.276653,43.916541,306667471
306667473,3.030261,56.286767,43.9882,306667473
306667477,4.822529,56.311042,44.071689,306667477
306679580,1.991539,56.314092,44.0261,306679580
306666288,1.610023,56.319335,43.887822,306666288
306733143,0.635672,56.322584,43.936187,306733143
306749554,4.571614,56.207643,43.817834,306749554
306663867,4.157162,56.283919,44.034194,306663867
306663871,0.825685,56.263062,43.893113,306663871
306662810,1.224907,56.336399,43.917224,306662810
306662812,1.729449,56.234535,43.833618,306662812
306737771,4.571614,56.207643,43.817834,306737771
306738104,3.38688,56.278827,43.981355,306738104
306732989,1.785073,56.348387,43.933025,306732989
306658538,5.617804,56.274874,44.051657,306658538
306659138,1.001421,56.294101,43.951719,306659138
306657771,0.31124,56.277668,43.925911,306657771
306658173,0.851457,56.283665,43.941353,306658173
306658289,1.885951,56.272765,43.885145,306658289
306658583,5.283558,56.358582,43.822577,306658583
306655720,6.250153,56.310033,43.802877,306655720
306655725,0.340685,56.276134,43.915921,306655725
306733013,4.659075,56.238122,43.968724,306733013
306654904,1.447023,56.334348,43.871527,306654904
306654905,2.123202,56.268701,43.871041,306654905
306655053,4.329962,56.356013,43.838055,306655053
306727459,1.785073,56.348387,43.933025,306727459
306715037,2.351185,56.263322,43.851431,306715037
306715116,5.646567,56.288566,44.073046,306715116
306647123,5.949623,56.262277,44.019416,306647123
306647464,0.464584,56.313039,43.931157,306647464
306647163,3.681323,56.279787,43.986529,306647163
306666759,0.91583,56.243785,43.843571,306666759
306681872,0.561065,56.31558,43.938487,306681872
306709315,3.983584,56.239448,43.957118,306709315
306668400,4.348261,56.260598,43.985532,306668400
306707449,5.07493,56.29567,44.069147,306707449
306634177,0.143164,56.31251,43.994012,306634177
306706898,1.785073,56.348387,43.933025,306706898
306634187,0.815206,56.310288,43.982361,306634187
306634424,5.340777,56.261578,44.003345,306634424
306634426,1.950045,56.326213,44.016146,306634426
306706524,0.954338,56.279212,43.939008,306706524
306634209,4.576769,56.299241,44.063074,306634209
306624317,3.075465,56.336034,43.845368,306624317
306668434,1.434342,56.313638,44.017099,306668434
306703567,3.75194,56.29572,43.870341,306703567
306608113,5.924483,56.260018,44.012338,306608113
306635854,4.157162,56.283919,44.034194,306635854
306608108,0.371263,56.323053,43.930609,306608108
306637551,2.343535,56.324945,44.026046,306637551
306698749,2.243696,56.32191,43.86487,306698749
306698750,2.241864,56.316863,43.873808,306698750
306698266,5.363528,56.342146,43.809606,306698266
306670702,1.950045,56.326213,44.016146,306670702
306673239,4.694266,56.313623,44.069776,306673239
306673524,1.107133,56.323732,43.993311,306673524
306691092,1.379409,56.343463,43.907486,306691092
306692818,3.091635,56.306083,44.04191,306692818
306695238,1.224907,56.336399,43.917224,306695238
306696210,1.638462,56.22784,43.851234,306696210
306697017,4.576769,56.299241,44.063074,306697017
306685215,3.086147,56.347679,43.852222,306685215
306680227,3.672853,56.291638,44.037877,306680227
306679298,0.324904,56.24498,43.85807,306679298
306666285,3.439844,56.339747,43.840463,306666285
306670282,2.567537,56.226704,43.827132,306670282
306666814,5.182015,56.237792,43.979271,306666814
306666222,1.919026,56.344386,43.92327,306666222
306666287,0.908162,56.265642,43.89879,306666287
306659139,2.997026,56.30059,44.036116,306659139
306663986,1.933959,56.260163,43.855222,306663986
306653006,2.186957,56.345928,43.867817,306653006
306653007,1.623785,56.315945,43.892709,306653007
306653011,4.367784,56.235335,43.959813,306653011
306656695,1.224907,56.336399,43.917224,306656695
306657549,0.746555,56.274145,43.932711,306657549
306654655,2.332631,56.314387,43.878471,306654655
306652515,0.63282,56.310048,44.001612,306652515
306650882,4.756739,56.302163,44.067871,306650882
306607393,0.587678,56.329203,43.919317,306607393
306607394,0.34013,56.275054,43.926279,306607394
306649098,1.854882,56.300065,43.976953,306649098
306638032,4.778362,56.299056,44.066425,306638032
306636560,4.607495,56.284684,44.046815,306636560
306607338,0.651651,56.313768,43.983394,306607338
306633592,0.301376,56.276653,43.916541,306633592
306613012,0.579136,56.261433,43.895835,306613012
306614911,3.326966,56.3047,44.045126,306614911
306627301,1.328086,56.249577,43.841379,306627301
306612071,4.393708,56.236126,43.961241,306612071
306612074,3.302749,56.354263,43.857127,306612074
306607822,0.851457,56.283665,43.941353,306607822
306608155,1.170075,56.336583,43.930824,306608155
306607119,0.306235,56.322884,43.929297,306607119
306607143,1.722603,56.347449,43.932441,306607143
306607145,2.023245,56.314637,43.886259,306607145
306607328,2.534863,56.231198,43.822092,306607328
306607339,0.868064,56.337471,43.936133,306607339
306607342,4.92222,56.288651,43.843481,306607342
306607395,0.159263,56.30046,43.938586,306607395
306605472,0.692312,56.237647,43.865876,306605472
306605475,4.548547,56.23518,43.963119,306605475
306605478,7.938184,56.378006,43.794873,306605478
306605479,0.621482,56.331463,43.942224,306605479
306605896,5.525086,56.271286,44.039952,306605896
306606558,0.46796,56.324236,43.93033,306606558
306606565,3.382945,56.278183,43.981031,306606565
306604830,0.509875,56.32483,43.942655,306604830
306605098,3.184194,56.298152,44.036987,306605098
306605100,0.763018,56.332561,43.913792,306605100
306605334,5.150236,56.305229,44.075696,306605334
306603358,2.955186,56.287966,43.982945,306603358
306604097,1.135704,56.321646,43.982208,306604097
306601843,3.405131,56.31232,44.048881,306601843
306602041,5.658325,56.274799,44.052519,306602041
306602047,3.681323,56.279787,43.986529,306602047
306599083,2.515588,56.231738,43.821931,306599083
306599880,2.495641,56.232238,43.821841,306599880
306601018,4.48665,56.288101,44.049752,306601018
306601680,0.722902,56.311781,43.982819,306601680
306598410,3.818437,56.352861,43.844173,306598410
306598449,1.544109,56.269311,43.888999,306598449
306598525,1.908937,56.306583,44.021905,306598525
306598536,5.356808,56.29506,44.07363,306598536
306596635,3.284888,56.354806,43.858555,306596635
306596680,0.333391,56.264177,43.90984,306596680
306596898,4.466942,56.241489,43.96982,306596898
306597095,1.050784,56.337352,43.933025,306597095
306597136,6.246476,56.310378,43.802662,306597136
306597694,5.052805,56.256833,43.994928,306597694
306594869,1.04999,56.233554,43.850713,306594869
306596290,3.643404,56.334238,43.835962,306596290
306596315,2.152979,56.245615,43.82388,306596315
306593560,3.723578,56.345539,43.838837,306593560
306593858,3.949116,56.238202,43.955115,306593858
306593864,5.393198,56.267562,44.019892,306593864
306594174,0.61102,56.309908,44.000893,306594174
306594618,4.647583,56.314078,44.069021,306594618
306594626,0.952902,56.267002,43.928722,306594626
306594628,0.47666,56.318276,43.920081,306594628
306591172,4.576769,56.299241,44.063074,306591172
306591360,0.806241,56.270971,43.929908,306591360
306592506,2.73026,56.319939,44.036637,306592506
306592510,0.46796,56.324236,43.93033,306592510
306592514,6.781166,56.366316,43.802725,306592514
306592524,1.465259,56.253242,43.845547,306592524
306592526,1.597495,56.270956,43.888909,306592526
306592531,5.646567,56.288566,44.073046,306592531
306592534,1.994237,56.30889,44.024914,306592534
306592538,0.788164,56.273805,43.909588,306592538
306592559,1.623785,56.315945,43.892709,306592559
306569187,4.532472,56.207593,43.819146,306569187
306590417,3.901233,56.231818,43.944667,306590417
306590416,5.658719,56.274399,44.051657,306590416
306590419,1.475154,56.264092,43.877491,306590419
306590420,5.628241,56.269411,44.037418,306590420
306590892,3.042065,56.30447,44.040122,306590892
306591033,1.630452,56.325569,44.009589,306591033
306588831,2.951295,56.218001,43.838055,306588831
306588896,4.332415,56.20853,43.822586,306588896
306589192,0.838242,56.335475,43.936044,306589192
306587039,2.191983,56.269506,43.87123,306587039
306585513,0.216599,56.275499,43.918338,306585513
306582598,2.584606,56.219152,43.864717,306582598
306576869,1.785073,56.348387,43.933025,306576869
306574041,3.309285,56.343683,43.84473,306574041
306571763,1.168235,56.324286,43.993724,306571763
306571052,1.916689,56.229001,43.878147,306571052
306571094,1.051217,56.292643,43.950686,306571094
306571096,4.146678,56.290839,43.859642,306571096
306571098,2.424548,56.292368,43.986951,306571098
306566372,3.453944,56.27358,43.979612,306566372
306569188,0.813702,56.306508,43.994919,306569188
306569192,2.504072,56.292168,44.005016,306569192
306569194,2.020721,56.317418,44.02592,306569194
306569617,7.938184,56.378006,43.794873,306569617
306569927,2.21531,56.318541,43.870745,306569927
306567660,0.514607,56.317602,43.998638,306567660
306567665,5.556597,56.269891,44.036583,306567665
306568709,1.168235,56.324286,43.993724,306568709
306562877,0.977447,56.251987,43.863199,306562877
306562945,3.964745,56.238847,43.95613,306562945
306562946,3.805127,56.292438,44.04191,306562946
306563217,0.997603,56.332975,43.933995,306563217
306563259,1.351243,56.3379,43.874653,306563259
306567141,3.900424,56.297363,44.049573,306567141
306565348,0.868064,56.337471,43.936133,306565348
306563703,0.843119,56.254152,43.869829,306563703
306564022,2.997845,56.35328,43.862427,306564022
306564090,2.075869,56.223446,43.859822,306564090
306562240,0.645695,56.31243,44.004064,306562240
306555318,0.892031,56.320742,43.986745,306555318
306559344,1.86886,56.240873,43.827949,306559344
306559390,0.988026,56.3304,43.962957,306559390
306559414,5.48468,56.291868,44.073261,306559414
306559434,2.584606,56.219152,43.864717,306559434
306559476,3.74644,56.352467,43.845098,306559476
306559478,5.356808,56.29506,44.07363,306559478
306559482,0.803261,56.290919,43.935594,306559482
306559487,6.052588,56.360217,43.809839,306559487
306559542,2.73835,56.352278,43.866766,306559542
306559550,2.25286,56.313553,43.883079,306559550
306557686,3.218576,56.349475,43.851755,306557686
306558153,0.834435,56.247566,43.84888,306558153
306555570,5.363528,56.342146,43.809606,306555570
306556362,3.295637,56.284379,43.988029,306556362
306556698,3.949116,56.238202,43.955115,306556698
306554188,0.734329,56.261928,43.893032,306554188
306555537,0.524014,56.323772,43.940293,306555537
306555538,1.208677,56.290579,43.910981,306555538
306555541,1.495632,56.279852,43.950066,306555541
306553055,1.057832,56.282835,43.944434,306553055
306553088,4.292578,56.30035,43.858708,306553088
306553158,3.165006,56.285558,43.988056,306553158
306553165,2.075458,56.233379,43.828398,306553165
306552570,2.691805,56.230002,43.820394,306552570
306552569,0.788164,56.273805,43.909588,306552569
306552574,2.615307,56.32807,43.853605,306552574
306552575,4.875011,56.285298,44.053705,306552575
306552576,4.493769,56.288446,44.050408,306552576
306547938,-1.0,56.38897,43.741774,306547938
306549992,3.51823,56.272595,43.979998,306549992
306549997,5.658325,56.274799,44.052519,306549997
306550585,1.205886,56.343912,43.937867,306550585
306547953,2.696861,56.218441,43.867628,306547953
306545180,0.677051,56.332332,43.939996,306545180
306546244,1.554508,56.341917,43.914556,306546244
306546458,0.776735,56.260193,43.890014,306546458
306546459,1.920066,56.296614,43.991272,306546459
306546471,1.109072,56.31901,44.009193,306546471
306546484,1.817343,56.241654,43.828713,306546484
306546487,0.669945,56.293242,43.941065,306546487
306546490,0.915228,56.328579,43.930061,306546490
306546498,5.537263,56.287322,44.069641,306546498
306546505,4.572318,56.312764,44.067782,306546505
306546508,0.617424,56.2721,43.927581,306546508
306546514,4.628673,56.287492,43.84879,306546514
306546517,1.719198,56.309324,44.020512,306546517
306546521,4.329962,56.356013,43.838055,306546521
306546524,1.540639,56.287562,43.952348,306546524
306546527,2.300925,56.313643,43.881992,306546527
306546531,0.803594,56.342456,43.950542,306546531
306546533,1.312737,56.28963,43.908268,306546533
306546930,6.133185,56.364451,43.813082,306546930
306543465,1.708029,56.313738,43.894982,306543465
306543466,2.537778,56.219728,43.866173,306543466
306543467,1.053144,56.24493,43.841828,306543467
306542019,1.03389,56.293502,43.920646,306542019
306539799,1.749294,56.346951,43.930699,306539799
306540293,2.370219,56.309369,43.887687,306540293
306540699,4.146678,56.290839,43.859642,306540699
306540839,5.594323,56.360058,43.81831,306540839
306539653,0.915571,56.277488,43.936053,306539653
306537955,4.305028,56.359569,43.843823,306537955
306536666,4.13505,56.259158,43.980456,306536666
306536755,5.658325,56.274799,44.052519,306536755
306516381,0.955897,56.30903,43.981076,306516381
306536102,2.000157,56.331398,44.000363,306536102
306536208,4.242284,56.259618,43.982819,306536208
306514711,2.178003,56.224327,43.872829,306514711
306530032,3.51823,56.272595,43.979998,306530032
306524786,2.075458,56.233379,43.828398,306524786
306523729,3.199436,56.316544,44.045387,306523729
306523967,1.438572,56.319968,43.891325,306523967
306523224,5.658325,56.274799,44.052519,306523224
306523261,5.559966,56.364406,43.824554,306523261
306523262,5.658325,56.274799,44.052519,306523262
306521924,1.358231,56.343658,43.906318,306521924
306522485,1.623785,56.315945,43.892709,306522485
306520084,1.896823,56.33059,43.999051,306520084
306520085,0.927774,56.342436,43.941972,306520085
306520087,5.780676,56.270841,44.046357,306520087
306512600,4.278263,56.341613,43.82732,306512600
306512614,4.197924,56.259538,43.981948,306512614
306517306,4.97037,56.297628,44.06877,306517306
306517310,5.42271,56.267667,44.022012,306517310
306517314,0.114892,56.275489,43.922084,306517314
306512900,6.480547,56.367064,43.809516,306512900
306512901,4.62853,56.287242,43.848125,306512901
306512903,2.920549,56.215894,43.861232,306512903
306512905,4.263606,56.293342,44.052151,306512905
306513243,3.095355,56.343493,43.848305,306513243
306513281,0.574759,56.308595,43.945799,306513281
306514553,1.854882,56.300065,43.976953,306514553
306515087,1.128372,56.269491,43.896015,306515087
306515199,5.922413,56.283864,44.073001,306515199
306515508,3.528817,56.294641,44.039341,306515508
306515514,0.66387,56.262527,43.89641,306515514
306516415,1.395098,56.341273,43.8775,306516415
306510406,4.085922,56.290305,43.860307,306510406
306511393,1.798599,56.345399,43.926953,306511393
306511564,1.460589,56.23442,43.877159,306511564
306511665,5.718213,56.359808,43.815678,306511665
306511673,1.474079,56.313943,43.901405,306511673
306511678,6.803592,56.361509,43.797272,306511678
306511680,2.309183,56.309988,43.887894,306511680
306511684,1.879308,56.267262,43.874302,306511684
306511687,2.594137,56.313224,43.87344,306511687
306511691,0.939441,56.300605,43.953121,306511691
306511694,2.502308,56.310702,43.8821,306511694
306511700,1.722603,56.347449,43.932441,306511700
306512576,2.220196,56.22218,43.860729,306512576
306512606,0.734431,56.327186,43.926198,306512606
306512608,0.46796,56.324236,43.93033,306512608
306512612,2.432312,56.220228,43.856803,306512612
306512615,3.983584,56.239448,43.957118,306512615
306512617,5.413533,56.291673,44.071797,306512617
306512620,1.001421,56.294101,43.951719,306512620
306512622,5.665332,56.294891,44.078894,306512622
306512704,4.998597,56.233384,43.969668,306512704
306507069,2.631877,56.325714,44.030654,306507069
306505913,2.060804,56.322489,44.023324,306505913
306505988,1.104859,56.308176,43.919919,306505988
306506377,0.295233,56.301319,43.940661,306506377
306503549,0.518451,56.307806,43.930519,306503549
306503579,2.052244,56.343907,43.867754,306503579
306504591,5.924483,56.260018,44.012338,306504591
306504598,0.623985,56.307272,43.945359,306504598
306504599,5.012289,56.222661,43.953121,306504599
306504602,1.19374,56.28994,43.948386,306504602
306504609,1.745401,56.274619,43.949375,306504609
306501983,1.690064,56.302548,43.911645,306501983
306502217,0.630551,56.276698,43.911223,306502217
306503014,4.874885,56.292253,44.062481,306503014
306499670,4.467529,56.208204,43.81937,306499670
306501741,6.73254,56.361833,43.79888,306501741
306501750,0.92615,56.310662,43.980061,306501750
306501847,3.208109,56.333639,43.842978,306501847
306501850,3.285551,56.302413,44.042898,306501850
306499111,0.845096,56.326852,43.93846,306499111
306499114,1.292913,56.336907,43.874994,306499114
306499781,2.020211,56.271501,43.88121,306499781
306499785,0.922419,56.332796,43.935352,306499785
306499788,0.781849,56.291888,43.931274,306499788
306496130,1.601181,56.315126,44.019686,306496130
306496369,7.938184,56.378006,43.794873,306496369
306496370,2.98891,56.336369,43.846841,306496370
306496373,5.393198,56.267562,44.019892,306496373
306496374,2.161564,56.224923,43.874383,306496374
306496416,0.939441,56.300605,43.953121,306496416
306497522,5.050682,56.30493,44.073953,306497522
306497845,3.815898,56.31903,44.054864,306497845
306497850,0.224482,56.311821,43.993185,306497850
306497855,3.109549,56.302897,43.883277,306497855
306478738,2.339666,56.262512,43.849338,306478738
306495446,0.496734,56.312445,43.929935,306495446
306496072,0.655628,56.27289,43.912957,306496072
306467267,1.609611,56.256853,43.856857,306467267
306467269,4.341918,56.261083,43.985801,306467269
306493623,5.413533,56.291673,44.071797,306493623
306493202,3.96151,56.23433,43.950255,306493202
306490010,1.023504,56.260433,43.880752,306490010
306491635,4.675731,56.298922,44.064566,306491635
306489979,1.684826,56.265647,43.875578,306489979
306488392,2.169411,56.2281,43.882414,306488392
306464886,2.147741,56.328409,44.016578,306464886
306482677,2.081977,56.225278,43.872811,306482677
306478737,1.379409,56.343463,43.907486,306478737
306479849,0.734431,56.327186,43.926198,306479849
306478340,1.813038,56.310577,44.022641,306478340
306478718,0.2882,56.325424,43.916712,306478718
306478735,1.574793,56.228696,43.866316,306478735
306478736,1.040744,56.337391,43.879746,306478736
306477765,5.665332,56.294891,44.078894,306477765
306477453,1.675018,56.260478,43.862687,306477453
306477701,6.661507,56.364182,43.802608,306477701
306476555,0.949825,56.327501,43.88351,306476555
306461276,2.87323,56.322829,44.037418,306461276
306462486,4.093893,56.260578,43.980995,306462486
306465219,4.552075,56.314197,44.067476,306465219
306476179,0.710614,56.247001,43.865274,306476179
306462483,3.971055,56.269161,43.985181,306462483
306469916,5.414852,56.300809,44.078229,306469916
306472663,0.565087,56.310083,43.987697,306472663
306472664,2.476763,56.345279,43.861142,306472664
306472666,1.338742,56.338015,43.914718,306472666
306472667,2.758052,56.21731,43.859705,306472667
306472708,5.400184,56.358288,43.820035,306472708
306472818,8.270687,56.381809,43.79358,306472818
306460373,1.527739,56.320128,43.887678,306460373
306460378,2.335049,56.319325,44.030322,306460378
306460393,0.950763,56.319429,43.982379,306460393
306460394,3.063582,56.303032,44.039476,306460394
306465127,0.845743,56.307117,44.000435,306465127
306465152,0.49012,56.323223,43.920206,306465152
306466436,1.277306,56.230822,43.86213,306466436
306462289,2.254221,56.346796,43.867736,306462289
306462395,0.481369,56.28307,43.921024,306462395
306462399,1.884719,56.258668,43.852123,306462399
306462438,1.975832,56.34924,43.929917,306462438
306464996,0.804464,56.3193,43.985505,306464996
306460734,5.442552,56.307472,44.081122,306460734
306460952,1.205006,56.338654,43.87795,306460952
306461046,3.213257,56.284974,43.99129,306461046
306459915,2.401497,56.350896,43.872488,306459915
306459935,2.584606,56.219152,43.864717,306459935
306458139,1.105794,56.257818,43.922254,306458139
306446877,2.705009,56.227435,43.823188,306446877
306453455,4.301333,56.262347,43.986026,306453455
306453456,0.431904,56.28364,43.921419,306453456
306454245,1.623785,56.315945,43.892709,306454245
306452082,5.451737,56.358163,43.81893,306452082
306444042,1.756134,56.226919,43.86593,306444042
306446866,1.874527,56.318156,43.881453,306446866
306446876,1.297219,56.324656,43.98634,306446876
306450675,1.788233,56.302752,43.972946,306450675
306451225,3.818437,56.352861,43.844173,306451225
306416758,3.876886,56.358248,43.85118,306416758
306449324,0.987308,56.320378,44.004612,306449324
306445041,1.445165,56.330864,43.871877,306445041
306446865,2.296983,56.308885,44.029971,306446865
306446869,5.660134,56.265172,44.020584,306446869
306446875,0.049972,56.314048,43.993257,306446875
306446878,0.461094,56.322699,43.940329,306446878
306447254,3.327682,56.340884,43.842816,306447254
306445074,3.607951,56.343868,43.839717,306445074
306445384,1.423933,56.281601,43.949958,306445384
306444191,0.821375,56.311541,44.006561,306444191
306389100,2.311089,56.229702,43.828075,306389100
306397289,7.796835,56.377856,43.797604,306397289
306439517,0.24683,56.311826,43.940544,306439517
306439965,1.520202,56.340784,43.927114,306439965
306440005,5.205123,56.20512,43.806596,306440005
306437543,2.76068,56.221124,43.834175,306437543
306388045,3.607262,56.358337,43.857908,306388045
306436168,4.192638,56.293737,44.051244,306436168
306388488,2.517627,56.310458,44.034158,306388488
306431693,1.289197,56.252942,43.850901,306431693
306430958,1.338229,56.233229,43.872649,306430958
306386783,1.03385,56.265982,43.895736,306386783
306386784,1.461706,56.260778,43.871293,306386784
306379693,1.19374,56.28994,43.948386,306379693
306424814,3.142452,56.285573,43.993697,306424814
306424815,3.184194,56.298152,44.036987,306424815
306421607,3.44657,56.294916,44.038047,306421607
306421716,1.569187,56.326862,43.872236,306421716
306421840,1.689312,56.33313,43.867529,306421840
306377550,4.788304,56.236861,43.969461,306377550
306419956,1.67071,56.317587,44.020045,306419956
306374255,2.340779,56.324461,44.026522,306374255
306374259,6.647633,56.36125,43.799877,306374259
306419766,0.574759,56.308595,43.945799,306419766
306372409,5.052805,56.256833,43.994928,306372409
306370148,3.852448,56.298302,44.049573,306370148
306370149,3.06679,56.300035,44.036844,306370149
306370151,0.277917,56.301189,43.935909,306370151
306402259,1.110212,56.331892,43.87706,306402259
306369707,5.584627,56.356747,43.815041,306369707
306367488,0.458026,56.31204,43.98723,306367488
306368406,0.851457,56.283665,43.941353,306368406
306368407,1.018428,56.321621,43.985406,306368407
306368408,4.429547,56.230592,43.954414,306368408
306368409,1.629392,56.22759,43.861906,306368409
306368883,6.650098,56.361494,43.800066,306368883
306368904,3.949116,56.238202,43.955115,306368904
306415456,0.446128,56.274644,43.91496,306415456
306414919,4.548547,56.23518,43.963119,306414919
306413174,4.756719,56.233294,43.964906,306413174
306412057,4.476245,56.298477,44.060784,306412057
306412280,2.87323,56.322829,44.037418,306412280
306374939,3.959476,56.232313,43.946913,306374939
306411521,0.669945,56.293242,43.941065,306411521
306410333,0.635672,56.322584,43.936187,306410333
306342277,1.0769,56.269081,43.896661,306342277
306362869,5.747712,56.287257,44.073558,306362869
306398236,6.012386,56.284464,44.075462,306398236
306408853,2.406158,56.31887,43.865822,306408853
306407988,1.533155,56.239283,43.833797,306407988
306395219,1.502473,56.325953,43.874419,306395219
306400778,1.744978,56.256243,43.846032,306400778
306400644,5.750398,56.260278,44.009535,306400644
306398223,0.459567,56.331912,43.945242,306398223
306398224,5.396682,56.286662,44.066156,306398224
306368983,2.239317,56.22242,43.865768,306368983
306397288,6.517035,56.364845,43.806102,306397288
306397292,2.358195,56.233209,43.823467,306397292
306397461,1.744978,56.256243,43.846032,306397461
306397007,0.66387,56.262527,43.89641,306397007
306397008,2.142876,56.22728,43.880141,306397008
306396273,3.74644,56.352467,43.845098,306396273
306396416,4.12049,56.231238,43.948656,306396416
306396954,1.361591,56.256788,43.862256,306396954
306396013,0.584569,56.315326,43.941308,306396013
306393848,2.766729,56.322929,44.035505,306393848
306393849,1.817402,56.237842,43.829701,306393849
306392532,0.74718,56.29024,43.935675,306392532
306373758,1.294853,56.335021,43.924788,306373758
306391037,1.623785,56.315945,43.892709,306391037
306362069,0.945204,56.233584,43.858779,306362069
306365577,4.367784,56.235335,43.959813,306365577
306365687,3.720928,56.342201,43.83687,306365687
306361970,0.779182,56.282475,43.915005,306361970
306365366,0.17873,56.314971,43.995889,306365366
306365367,4.329962,56.356013,43.838055,306365367
306365369,1.635001,56.269191,43.886034,306365369
306365382,2.254545,56.293547,43.994012,306365382
306365384,2.370214,56.301678,44.025408,306365384
306365475,6.519868,56.361703,43.802671,306365475
306362866,1.788095,56.313329,43.893832,306362866
306363243,1.116192,56.290245,43.946841,306363243
306363336,4.788304,56.236861,43.969461,306363336
306363337,0.398731,56.332606,43.94526,306363337
306363339,7.961554,56.380523,43.798197,306363339
306358627,1.395261,56.324656,44.005169,306358627
306358864,2.615307,56.32807,43.853605,306358864
306359125,1.780729,56.340545,43.869209,306359125
306326291,4.022958,56.239958,43.958358,306326291
306353874,1.153768,56.304131,44.00065,306353874
306357187,1.426275,56.302333,43.983636,306357187
306352528,0.783756,56.239173,43.869541,306352528
306353641,1.592369,56.325943,43.872721,306353641
306353646,3.272499,56.334837,43.842008,306353646
306353648,0.268945,56.242634,43.862229,306353648
306335370,4.619999,56.206907,43.818454,306335370
306351132,1.664281,56.318646,44.019362,306351132
306325733,3.644686,56.313998,44.052816,306325733
306330198,3.607951,56.343868,43.839717,306330198
306349509,0.526163,56.248636,43.868643,306349509
306346478,2.390358,56.293562,44.006831,306346478
306346483,7.994742,56.379312,43.795619,306346483
306347153,1.447842,56.337521,43.926539,306347153
306346179,3.573035,56.343149,43.839879,306346179
306341181,2.73026,56.319939,44.036637,306341181
306326663,5.950547,56.282375,44.071671,306326663
306339881,1.377483,56.341912,43.910756,306339881
306341661,2.60312,56.312655,44.035936,306341661
306319139,0.851457,56.283665,43.941353,306319139
306320256,3.273454,56.344586,43.845996,306320256
306339132,2.609496,56.228596,43.823575,306339132
306337650,0.541301,56.271585,43.921446,306337650
306337652,0.541301,56.271585,43.921446,306337652
306325734,3.213257,56.284974,43.99129,306325734
306325735,0.574759,56.308595,43.945799,306325735
306323682,4.256311,56.234385,43.956399,306323682
306323685,0.574759,56.308595,43.945799,306323685
306324239,0.851457,56.283665,43.941353,306324239
306323180,0.625935,56.330246,43.954172,306323180
306322116,2.138563,56.348726,43.874338,306322116
306318550,5.240249,56.303352,44.076477,306318550
306319917,2.023245,56.314637,43.886259,306319917
306319968,1.72359,56.315775,43.890831,306319968
306320102,1.907403,56.321107,43.873108,306320102
306320300,1.814662,56.31875,43.88148,306320300
306320549,2.198622,56.345688,43.867215,306320549
306317052,2.038369,56.347784,43.874778,306317052
306317758,0.224482,56.311821,43.993185,306317758
306317759,1.722879,56.312739,43.897093,306317759
306317762,0.626233,56.34067,43.952348,306317762
306317763,3.164643,56.305414,44.042781,306317763
306318368,5.616367,56.362067,43.820278,306318368
306316313,2.118656,56.247146,43.825084,306316313
306316455,6.62486,56.362975,43.802015,306316455
306316460,1.33308,56.230157,43.860289,306316460
306316464,1.99825,56.318256,44.025201,306316464
306316467,4.511458,56.233854,43.960792,306316467
306316618,4.258906,56.236691,43.95931,306316618
306311256,0.88961,56.310797,43.922865,306311256
306313398,4.367784,56.235335,43.959813,306313398
306313400,1.312737,56.28963,43.908268,306313400
306313508,1.018428,56.321621,43.985406,306313508
306313519,4.32635,56.340016,43.825955,306313519
306313521,4.415098,56.344731,43.826503,306313521
306313524,1.907403,56.321107,43.873108,306313524
306313526,2.851528,56.297893,44.030034,306313526
306313529,6.330611,56.245,44.007981,306313529
306313533,1.487803,56.259218,43.86478,306313533
306313535,0.842525,56.306857,43.999357,306313535
306313538,0.842525,56.306857,43.999357,306313538
306313540,0.277917,56.301189,43.935909,306313540
306313544,0.500874,56.270716,43.915849,306313544
306313546,2.465291,56.314916,43.872524,306313546
306313743,3.852448,56.298302,44.049573,306313743
306313744,0.986778,56.292193,43.948315,306313744
306313748,4.134139,56.234025,43.953408,306313748
306312788,0.763018,56.332561,43.913792,306312788
306309056,0.501604,56.280112,43.916685,306309056
306309156,2.997845,56.35328,43.862427,306309156
306293531,0.651825,56.31237,43.983708,306293531
306306216,2.406303,56.31252,44.032738,306306216
306307289,3.983584,56.239448,43.957118,306307289
306307332,0.555202,56.27335,43.914367,306307332
306303073,1.941654,56.224782,43.853812,306303073
306305740,1.177396,56.339302,43.932001,306305740
306305744,2.850605,56.353769,43.867251,306305744
306305764,6.666884,56.367642,43.80656,306305764
306305773,3.63513,56.332706,43.836079,306305773
306305839,4.429547,56.230592,43.954414,306305839
306300632,6.921141,56.368355,43.802446,306300632
306301131,1.778458,56.280367,43.955268,306301131
306301887,3.43346,56.314417,44.049393,306301887
306299651,2.358423,56.307382,44.030241,306299651
306299886,0.978578,56.267452,43.929064,306299886
306300279,1.992015,56.342565,43.867331,306300279
306300326,1.239117,56.28219,43.947156,306300326
306298273,5.200829,56.36108,43.827276,306298273
306299377,0.694334,56.341363,43.951881,306299377
306296712,4.481739,56.353235,43.83192,306296712
306295381,1.629392,56.22759,43.861906,306295381
306295573,0.709862,56.326263,43.931804,306295573
306294660,3.312382,56.277518,43.979558,306294660
306293486,0.510157,56.271945,43.919856,306293486
306293494,5.32742,56.202376,43.810046,306293494
306293496,1.338599,56.232834,43.87185,306293496
306285963,1.06904,56.244355,43.841271,306285963
306287319,0.930211,56.29998,43.953139,306287319
306284862,0.815206,56.310288,43.982361,306284862
306283730,1.239634,56.283839,43.94774,306283730
306283467,1.241363,56.332411,43.928219,306283467
306281621,0.295233,56.301319,43.940661,306281621
306281689,0.53418,56.277848,43.929639,306281689
306282049,1.043333,56.259398,43.878048,306282049
306278157,2.028155,56.235115,43.827779,306278157
306278217,0.34779,56.321291,43.932037,306278217
306280624,5.182015,56.237792,43.979271,306280624
306280625,2.758052,56.21731,43.859705,306280625
306279399,2.020211,56.271501,43.88121,306279399
306280192,1.885951,56.272765,43.885145,306280192
306280201,0.497628,56.246531,43.857908,306280201
306280207,0.745594,56.311077,43.925219,306280207
306280234,5.922413,56.283864,44.073001,306280234
306278218,3.452392,56.318775,44.048989,306278218
306277451,0.745044,56.341887,43.951234,306277451
306278066,1.813038,56.310577,44.022641,306278066
306275733,1.186938,56.334817,43.922254,306275733
306275735,2.537778,56.219728,43.866173,306275735
306275746,1.360688,56.336628,43.922201,306275746
306274744,2.696834,56.289665,43.990167,306274744
306274870,2.848297,56.220974,43.832019,306274870
306275009,6.569278,56.36098,43.801054,306275009
306275020,4.432003,56.343284,43.825488,306275020
306275023,2.075869,56.223446,43.859822,306275023
306275438,0.731385,56.341513,43.945979,306275438
306262865,3.579153,56.276673,43.983609,306262865
306273205,4.561209,56.238977,43.967988,306273205
306273206,1.674461,56.300899,43.911367,306273206
306273674,1.640056,56.343473,43.913945,306273674
306272162,3.845584,56.247076,43.964763,306272162
306272163,5.79551,56.363354,43.818364,306272163
306269818,3.44521,56.298792,44.042602,306269818
306272007,2.407944,56.264312,43.852078,306272007
306268600,1.526074,56.319245,44.016551,306268600
306268601,4.998597,56.233384,43.969668,306268601
306268602,3.857278,56.360452,43.856192,306268602
306269105,5.094899,56.238442,43.978399,306269105
306269163,2.285688,56.348691,43.870467,306269163
306269246,0.34411,56.278208,43.925956,306269246
306269573,6.369129,56.283999,44.081741,306269573
306265542,0.586019,56.276529,43.911933,306265542
306263113,1.931218,56.318316,43.878992,306263113
306263161,0.79913,56.341967,43.945,306263161
306263209,2.030785,56.227585,43.877932,306263209
306263226,1.737033,56.226564,43.861214,306263226
306263284,5.777609,56.285124,44.071707,306263284
306263521,1.689312,56.33313,43.867529,306263521
306263621,5.349025,56.30505,44.078903,306263621
306263776,1.286027,56.335475,43.923377,306263776
306263847,1.952234,56.32504,43.866963,306263847
306261213,5.395851,56.275539,44.047417,306261213
306261736,0.927611,56.235501,43.867233,306261736
306262390,5.950547,56.282375,44.071671,306262390
306262389,4.697435,56.297918,44.064233,306262389
306258494,4.937207,56.28997,43.845475,306258494
306259039,7.080321,56.369013,43.800137,306259039
306259557,1.684826,56.265647,43.875578,306259557
306259560,0.307801,56.278313,43.917727,306259560
306259902,1.908937,56.306583,44.021905,306259902
306260017,2.675134,56.218832,43.86902,306260017
306260696,6.866648,56.368769,43.804036,306260696
306257809,2.912848,56.302557,44.036421,306257809
306258215,2.691805,56.230002,43.820394,306258215
306258356,4.906206,56.204219,43.817502,306258356
306258632,0.97437,56.301813,43.953139,306258632
306234017,6.73254,56.361833,43.79888,306234017
306256109,5.662031,56.274764,44.052537,306256109
306256110,4.554992,56.287532,44.050336,306256110
306256120,0.641082,56.329133,43.920512,306256120
306256724,1.358231,56.343658,43.906318,306256724
306250753,3.20182,56.284489,43.982801,306250753
306252211,4.085344,56.35908,43.847901,306252211
306252271,7.994742,56.379312,43.795619,306252271
306250601,0.933427,56.251542,43.863576,306250601
306250955,4.177444,56.31597,44.061314,306250955
306231342,2.065002,56.246296,43.825587,306231342
306250236,1.240817,56.263092,43.88219,306250236
306250238,4.490849,56.313528,44.066488,306250238
306247255,1.586027,56.258518,43.860307,306247255
306247521,0.619081,56.255588,43.881399,306247521
306248085,1.346259,56.325469,43.988263,306248085
306247052,2.691805,56.230002,43.820394,306247052
306238353,2.906862,56.329123,43.84844,306238353
306238597,1.25352,56.233119,43.845736,306238597
306243632,5.349025,56.30505,44.078903,306243632
306230429,2.631168,56.348781,43.862759,306230429
306235050,1.815636,56.297543,43.991533,306235050
306235808,5.879221,56.259708,44.011385,306235808
306235149,2.142876,56.22728,43.880141,306235149
306226715,2.424548,56.292368,43.986951,306226715
306234212,3.912814,56.292443,43.86514,306234212
306235041,3.081761,56.293207,44.027196,306235041
306229839,4.19516,56.291334,44.048333,306229839
306229841,3.301605,56.330405,43.841712,306229841
306233741,1.212396,56.286453,43.94729,306233741
306234065,0.550099,56.305659,43.936672,306234065
306229092,4.788304,56.236861,43.969461,306229092
306231305,0.116379,56.276264,43.919542,306231305
306232961,1.815636,56.297543,43.991533,306232961
306233751,0.476582,56.339342,43.951899,306233751
306224737,2.711571,56.217936,43.863963,306224737
306224742,6.481668,56.368086,43.810836,306224742
306232356,0.836127,56.235105,43.85294,306232356
306229838,0.571699,56.310742,44.001351,306229838
306229527,5.34733,56.2959,44.074088,306229527
306230227,4.756739,56.302163,44.067871,306230227
306226457,1.780129,56.323737,43.871724,306226457
306228555,1.455912,56.229396,43.852186,306228555
306229009,1.047206,56.258208,43.921572,306229009
306229060,1.741535,56.319399,44.020198,306229060
306229173,2.691805,56.230002,43.820394,306229173
306218936,3.489304,56.299751,44.044318,306218936
306226478,5.429959,56.260948,44.004486,306226478
306226680,1.940162,56.274404,43.885531,306226680
306226717,3.497999,56.359155,43.862813,306226717
306226720,3.144867,56.284649,43.981903,306226720
306226722,4.604816,56.240758,43.971617,306226722
306227024,1.219508,56.291314,43.952159,306227024
306219745,0.939441,56.300605,43.953121,306219745
306223936,0.709503,56.258128,43.883672,306223936
306224332,0.844445,56.326158,43.93714,306224332
306224624,0.34082,56.279112,43.924096,306224624
306224741,0.39515,56.313943,43.935145,306224741
306212571,0.24683,56.311826,43.940544,306212571
306222617,0.24683,56.311826,43.940544,306222617
306218934,0.793198,56.310567,44.005349,306218934
306218938,4.336783,56.285893,44.042799,306218938
306219149,1.335961,56.239448,43.836986,306219149
306219153,1.806577,56.346362,43.928291,306219153
306200522,4.915484,56.292283,43.847308,306200522
306213324,0.59594,56.286822,43.936987,306213324
306213626,4.406384,56.232619,43.95701,306213626
306217003,6.57229,56.361519,43.801521,306217003
306217292,4.31352,56.240798,43.965553,306217292
306217599,3.741805,56.251432,43.967404,306217599
306218132,0.846199,56.320548,43.987652,306218132
306213320,1.61499,56.347519,43.935639,306213320
306215176,1.33899,56.33554,43.873584,306215176
306215512,3.030261,56.286767,43.9882,306215512
306216033,0.431904,56.28364,43.921419,306216033
306190039,6.369129,56.283999,44.081741,306190039
306197620,0.574759,56.308595,43.945799,306197620
306212484,5.92369,56.359804,43.811816,306212484
306212491,5.595863,56.265062,44.016003,306212491
306213629,3.016101,56.294291,44.027735,306213629
306213688,2.146578,56.319804,43.86999,306213688
306214275,0.66226,56.331483,43.957864,306214275
306214296,1.405832,56.241684,43.835351,306214296
306207249,3.2138,56.312005,43.859696,306207249
306207965,1.56909,56.317058,44.01859,306207965
306212601,4.286929,56.282235,44.033583,306212601
306198866,1.129755,56.338424,43.879117,306198866
306201188,1.412551,56.338025,43.873674,306201188
306205066,2.4766,56.33324,43.8548,306205066
306205890,2.699145,56.217941,43.862337,306205890
306200520,3.36353,56.328554,43.841128,306200520
306197875,1.185405,56.335271,43.920754,306197875
306198961,0.675281,56.317243,43.938505,306198961
306183468,3.318271,56.301459,43.881094,306183468
306187275,3.499623,56.309654,44.049977,306187275
306188523,4.613419,56.230852,43.958735,306188523
306188696,0.949825,56.327501,43.88351,306188696
306190041,0.324904,56.24498,43.85807,306190041
306186222,0.949825,56.327501,43.88351,306186222
306186365,4.413825,56.233054,43.957774,306186365
306176715,3.672853,56.291638,44.037877,306176715
306183743,2.319663,56.317253,44.030888,306183743
306184000,0.072802,56.242439,43.857055,306184000
306184009,7.898236,56.379646,43.798179,306184009
306184012,4.32635,56.340016,43.825955,306184012
306179955,1.493526,56.312719,44.017979,306179955
306180553,2.255189,56.319185,43.868625,306180553
306181203,5.451317,56.301269,44.079064,306181203
306170336,1.496898,56.321496,43.974096,306170336
306179780,1.874527,56.318156,43.881453,306179780
306156705,2.161564,56.224923,43.874383,306156705
306170780,3.44991,56.357998,43.86125,306170780
306174815,4.894817,56.302113,44.070162,306174815
306174830,2.722872,56.21765,43.860585,306174830
306175166,1.658479,56.342545,43.915805,306175166
306175174,1.244859,56.249466,43.842969,306175174
306175227,3.705996,56.294511,43.87044,306175227
306175336,1.027744,56.259918,43.879423,306175336
306176649,0.999772,56.251022,43.859067,306176649
306176714,0.522926,56.303731,43.938774,306176714
306176718,2.866145,56.33312,43.848503,306176718
306173432,5.813846,56.361973,43.816307,306173432
306169518,0.634809,56.315775,43.932971,306169518
306169887,4.841336,56.356981,43.829225,306169887
306169944,3.33209,56.31262,43.855842,306169944
306170299,0.17873,56.314971,43.995889,306170299
306171895,0.559452,56.305569,43.937589,306171895
306169060,0.601353,56.311791,43.927761,306169060
306155465,4.445037,56.305099,43.843921,306155465
306155661,2.60312,56.312655,44.035936,306155661
306163306,1.138818,56.322774,44.002735,306163306
306166011,0.432493,56.313808,43.941146,306166011
306166012,0.978717,56.309788,44.007999,306166012
306154433,2.699145,56.217941,43.862337,306154433
306157825,5.662003,56.289151,44.073926,306157825
306153829,0.908162,56.265642,43.89879,306153829
306155469,0.604155,56.313628,43.984166,306155469
306155470,1.263434,56.342835,43.905797,306155470
306155833,1.103151,56.279972,43.943068,306155833
306155851,2.432312,56.220228,43.856803,306155851
306153218,5.356808,56.29506,44.07363,306153218
306153226,4.857982,56.283824,44.050947,306153226
306153401,0.982429,56.327271,43.958232,306153401
306153728,4.361977,56.301968,43.852428,306153728
306154235,1.653569,56.302957,43.975659,306154235
306154242,5.637837,56.360731,43.818248,306154242
306154320,3.317144,56.316474,44.047309,306154320
306154539,1.050784,56.337352,43.933025,306154539
306151525,5.60923,56.270436,44.040042,306151525
306151526,4.513706,56.239493,43.96779,306151526
306151527,0.845096,56.326852,43.93846,306151527
306151528,0.483343,56.317862,43.996653,306151528
306150386,3.072592,56.286088,43.982019,306150386
306150400,1.674461,56.300899,43.911367,306150400
306150409,0.842525,56.306857,43.999357,306150409
306150501,2.030785,56.227585,43.877932,306150501
306150640,0.823585,56.237071,43.867817,306150640
306148425,0.516165,56.295105,43.933816,306148425
306147111,0.626233,56.34067,43.952348,306147111
306147661,2.752768,56.297573,44.027483,306147661
306146030,5.508529,56.359933,43.819811,306146030
306146134,3.983325,56.293517,43.86487,306146134
306143917,2.841149,56.294846,44.024662,306143917
306141362,2.154658,56.246386,43.82414,306141362
306141630,1.490963,56.342411,43.912436,306141630
306142214,0.365605,56.310957,43.943104,306142214
306140696,5.327677,56.355789,43.818831,306140696
306140710,2.850605,56.353769,43.867251,306140710
306140909,2.158037,56.223651,43.868886,306140909
306139996,3.642216,56.270996,43.980887,306139996
306135802,0.757626,56.272805,43.931723,306135802
306137591,1.871932,56.32802,44.010047,306137591
306133533,1.212396,56.286453,43.94729,306133533
306085378,3.672853,56.291638,44.037877,306085378
306133212,2.265079,56.349006,43.871652,306133212
306125961,2.11897,56.294896,43.989907,306125961
306132206,1.72359,56.315775,43.890831,306132206
306131846,5.811577,56.367552,43.823979,306131846
306131129,0.709503,56.258128,43.883672,306131129
306131452,2.920549,56.215894,43.861232,306131452
306131512,0.688468,56.281496,43.914978,306131512
306130842,1.23675,56.316339,43.901548,306130842
306082564,0.277917,56.301189,43.935909,306082564
306079109,6.983082,56.368435,43.801332,306079109
306080276,2.850605,56.353769,43.867251,306080276
306128296,5.760676,56.284479,44.070593,306128296
306128857,2.650319,56.330849,43.852213,306128857
306122775,3.218576,56.349475,43.851755,306122775
306127432,1.985347,56.31588,44.025785,306127432
306127471,4.401162,56.287097,44.046348,306127471
306126899,1.414912,56.331623,43.872155,306126899
306127139,0.709503,56.258128,43.883672,306127139
306072553,0.547263,56.313149,44.00269,306072553
306126144,2.650319,56.330849,43.852213,306126144
306126339,5.972099,56.362132,43.813442,306126339
306126357,2.129039,56.247906,43.825317,306126357
306070623,0.448073,56.329497,43.914843,306070623
306069256,1.260619,56.315211,44.014134,306069256
306069257,1.778458,56.280367,43.955268,306069257
306069258,0.554216,56.334732,43.958501,306069258
306069261,1.247284,56.337741,43.929926,306069261
306125356,1.180573,56.321456,43.980735,306125356
306067396,5.296493,56.301004,44.076342,306067396
306068106,5.702486,56.264547,44.019192,306068106
306064907,1.04999,56.233554,43.850713,306064907
306065509,1.119687,56.255277,43.865077,306065509
306065520,4.34388,56.306018,43.844586,306065520
306065522,1.035735,56.305958,43.922722,306065522
306065540,0.456328,56.323518,43.921392,306065540
306089381,2.129039,56.247906,43.825317,306089381
306062212,8.907738,56.162637,43.875201,306062212
306062214,1.778458,56.280367,43.955268,306062214
306103442,0.787378,56.252617,43.867826,306103442
306123140,3.481864,56.312974,44.050166,306123140
306052592,2.103099,56.316479,43.879234,306052592
306120633,1.72359,56.315775,43.890831,306120633
306120991,5.417289,56.358901,43.820385,306120991
306052217,4.763437,56.237807,43.970485,306052217
306051172,3.749982,56.276603,43.98643,306051172
306051173,0.791584,56.29019,43.936834,306051173
306117978,0.641962,56.278153,43.911493,306117978
306118220,1.323856,56.340136,43.93007,306118220
306085360,0.57695,56.246836,43.854396,306085360
306038242,0.753144,56.307232,43.996869,306038242
306111719,1.841043,56.314936,44.023602,306111719
306111766,1.180573,56.321456,43.980735,306111766
306111866,2.339666,56.262512,43.849338,306111866
306112070,5.607809,56.343074,43.805905,306112070
306037461,4.189808,56.290355,44.046869,306037461
306111750,4.597675,56.356123,43.832926,306111750
306036837,0.798243,56.2445,43.845907,306036837
306037213,4.823018,56.315645,44.071788,306037213
306037215,2.209631,56.344626,43.865553,306037215
306037216,0.919706,56.309644,43.981076,306037216
306033538,0.559452,56.305569,43.937589,306033538
306034887,4.874885,56.292253,44.062481,306034887
306078093,2.085867,56.317113,44.027097,306078093
306109534,4.242284,56.259618,43.982819,306109534
306033706,1.840585,56.339268,43.867116,306033706
306108267,3.649994,56.311147,44.052708,306108267
306050673,0.70404,56.27317,43.931112,306050673
306073099,5.600545,56.363494,43.822452,306073099
306107299,4.509907,56.246516,43.976737,306107299
306107365,4.314365,56.352931,43.834732,306107365
306107532,0.905232,56.233935,43.857639,306107532
306107108,0.749639,56.311586,43.925255,306107108
306080274,2.339666,56.262512,43.849338,306080274
306087949,5.857766,56.365697,43.820251,306087949
306101901,1.906637,56.258753,43.851144,306101901
306102925,1.119114,56.313503,43.975848,306102925
306102552,1.581389,56.227915,43.860262,306102552
306102554,2.223945,56.310842,43.888226,306102554
306100420,0.92501,56.306742,43.986026,306100420
306098090,0.3039,56.286553,43.923674,306098090
306095816,2.11897,56.294896,43.989907,306095816
306087081,1.306927,56.324955,43.987382,306087081
306086136,1.889167,56.343927,43.923332,306086136
306086401,4.822529,56.311042,44.071689,306086401
306085357,2.476115,56.291788,43.97601,306085357
306085358,1.765007,56.3159,44.022192,306085358
306082798,1.413994,56.252607,43.845305,306082798
306077747,3.899126,56.31874,44.056301,306077747
306077751,0.274349,56.327735,43.91478,306077751
306078780,2.241864,56.316863,43.873808,306078780
306078862,3.691205,56.311591,44.053435,306078862
306078870,4.298936,56.305199,43.847119,306078870
306078872,2.1945,56.310038,44.028732,306078872
306075984,0.475344,56.29498,43.935864,306075984
306075985,4.823018,56.315645,44.071788,306075985
306075991,2.568351,56.291943,44.007208,306075991
306075992,0.631166,56.331249,43.956804,306075992
306062213,3.922516,56.361973,43.858088,306062213
306072549,1.405881,56.326353,43.996276,306072549
306072550,1.845921,56.2276,43.843463,306072550
306073945,2.691805,56.230002,43.820394,306073945
306074111,1.916815,56.311182,44.024537,306074111
306074116,1.539301,56.256268,43.857468,306074116
306069446,1.100817,56.28987,43.944829,306069446
306064264,6.442891,56.366306,43.8093,306064264
306064903,1.832802,56.226064,43.864969,306064903
306065467,1.183637,56.288851,43.909957,306065467
306065511,2.049349,56.263642,43.860423,306065511
306062688,2.097233,56.317567,43.87609,306062688
306063643,2.270338,56.293412,43.99297,306063643
306060901,2.47671,56.233479,43.821167,306060901
306058366,4.401162,56.287097,44.046348,306058366
306055355,0.475354,56.238432,43.862049,306055355
306052358,1.596509,56.34057,43.917044,306052358
306052090,5.974788,56.366191,43.818544,306052090
306051020,2.424548,56.292368,43.986951,306051020
306051175,0.791584,56.29019,43.936834,306051175
306033543,1.286027,56.335475,43.923377,306033543
306048141,2.517627,56.310458,44.034158,306048141
306047543,0.375981,56.332237,43.946877,306047543
306040551,7.938184,56.378006,43.794873,306040551
306040851,2.006601,56.329028,44.011251,306040851
306035315,1.847275,56.241704,43.828228,306035315
306038092,3.213257,56.284974,43.99129,306038092
306029822,0.75679,56.326198,43.954935,306029822
306037254,1.861584,56.326088,44.014314,306037254
306034800,0.824376,56.328174,43.953462,306034800
306034823,0.36202,56.302083,43.936124,306034823
306033535,1.676684,56.312874,43.898117,306033535
306029901,0.516165,56.295105,43.933816,306029901
306030954,2.370214,56.301678,44.025408,306030954
306029785,3.516738,56.3493,43.845853,306029785
306029787,5.308919,56.361928,43.826234,306029787
306029788,1.422516,56.321127,43.887633,306029788
306029792,0.647874,56.326408,43.922506,306029792
306029838,0.726657,56.263602,43.898737,306029838
306024231,1.077559,56.236491,43.843805,306024231
306026822,4.664922,56.284069,44.047021,306026822
306027250,1.300314,56.315311,43.902761,306027250
306025577,5.287238,56.304435,44.077672,306025577
306025585,7.828815,56.37827,43.79755,306025585
306022418,2.064886,56.30844,44.025866,306022418
306024861,0.604155,56.313628,43.984166,306024861
306021836,5.049399,56.291499,44.064952,306021836
306022008,2.112922,56.234805,43.82653,306022008
306022050,3.634232,56.315815,44.052537,306022050
306022066,0.59923,56.34064,43.949581,306022066
306022071,0.845743,56.307117,44.000435,306022071
306022084,4.969969,56.294421,44.066254,306022084
306022094,3.528817,56.294641,44.039341,306022094
306022099,1.011876,56.302388,43.923009,306022099
306022101,1.02522,56.304825,43.990185,306022101
306022104,2.023245,56.314637,43.886259,306022104
306022110,3.779622,56.277223,43.987203,306022110
306022115,1.529608,56.320428,43.886007,306022115
306022117,5.924483,56.260018,44.012338,306022117
306022132,6.202739,56.284944,44.07963,306022132
306019105,1.289197,56.252942,43.850901,306019105
306019292,1.292913,56.336907,43.874994,306019292
306020720,3.983584,56.239448,43.957118,306020720
306015884,0.295233,56.301319,43.940661,306015884
306015886,5.595863,56.265062,44.016003,306015886
306015928,5.012289,56.222661,43.953121,306015928
306016216,2.379959,56.311212,43.883941,306016216
306016652,4.160719,56.293487,44.050345,306016652
306016860,4.699417,56.303581,44.067593,306016860
306014255,4.087254,56.361494,43.852599,306014255
306014774,0.141048,56.298452,43.940221,306014774
306014776,0.218714,56.322544,43.926971,306014776
306015396,1.170517,56.2729,43.939179,306015396
306015409,3.36204,56.338669,43.841361,306015409
306009637,2.707431,56.313064,44.037652,306009637
306009981,2.210174,56.316828,43.874796,306009981
306009159,2.149485,56.318471,43.872506,306009159
306005967,3.208109,56.333639,43.842978,306005967
306007044,1.875648,56.323053,43.870718,306007044
306008107,0.443858,56.309898,43.992413,306008107
305998989,1.926239,56.307247,44.022731,305998989
306000671,1.395098,56.341273,43.8775,306000671
305984081,2.335994,56.293147,44.000606,305984081
305998580,5.395851,56.275539,44.047417,305998580
305997836,0.757626,56.272805,43.931723,305997836
305973128,0.757626,56.272805,43.931723,305973128
305995882,4.10401,56.284014,44.032981,305995882
305994924,2.131431,56.235886,43.825479,305994924
305995021,0.982429,56.327271,43.958232,305995021
305995144,2.691805,56.230002,43.820394,305995144
305984287,2.370214,56.301678,44.025408,305984287
305984424,1.676684,56.312874,43.898117,305984424
305985167,3.85232,56.352268,43.842789,305985167
305982904,6.125845,56.286702,44.080044,305982904
305982598,1.259534,56.253302,43.855725,305982598
305981677,3.311656,56.313953,44.047435,305981677
305980188,1.079917,56.237177,43.842969,305980188
305976666,4.822529,56.311042,44.071689,305976666
305973056,3.64134,56.319859,44.051747,305973056
305973060,4.221759,56.316579,44.06196,305973060
305974854,5.396682,56.286662,44.066156,305974854
305972286,3.512918,56.352033,43.849185,305972286
305955045,0.496734,56.312445,43.929935,305955045
305969521,5.50483,56.20168,43.806821,305969521
305969777,2.61714,56.218732,43.863145,305969777
305970092,1.908537,56.224968,43.855752,305970092
305970899,0.841174,56.281611,43.939879,305970899
305968707,0.439991,56.310108,43.996482,305968707
305966028,0.74718,56.29024,43.935675,305966028
305966033,0.398731,56.332606,43.94526,305966033
305967500,1.071168,56.276738,43.904108,305967500
305958519,1.347196,56.277143,43.9442,305958519
305964069,0.307727,56.316139,43.99129,305964069
305964071,3.609183,56.331848,43.836546,305964071
305955756,2.424548,56.292368,43.986951,305955756
305962049,1.108733,56.274659,43.938999,305962049
305958220,5.200829,56.36108,43.827276,305958220
305959136,3.060492,56.340904,43.847308,305959136
305956069,2.376746,56.346337,43.864466,305956069
305954973,4.99379,56.203808,43.815993,305954973
305955163,2.769685,56.34939,43.860747,305955163
305955441,0.563496,56.287267,43.919613,305955441
305955720,3.931536,56.291773,43.864205,305955720
305955827,3.649994,56.311147,44.052708,305955827
305955831,2.480562,56.307586,44.032415,305955831
305953884,1.178284,56.303601,43.999033,305953884
305954629,5.442772,56.285079,44.065069,305954629
305932945,1.72519,56.231023,43.877536,305932945
305941813,0.402797,56.278228,43.927051,305941813
305951184,5.657428,56.36641,43.825497,305951184
305951185,3.666463,56.316394,44.052986,305951185
305951205,0.463345,56.314322,43.933924,305951205
305952092,3.612762,56.29589,43.87282,305952092
305952657,4.848271,56.294681,44.064296,305952657
305952667,0.654864,56.305988,43.943823,305952667
305952668,2.339666,56.262512,43.849338,305952668
305952671,0.500874,56.270716,43.915849,305952671
305952677,2.413461,56.292328,43.988532,305952677
305952949,1.247605,56.290759,43.910442,305952949
305949925,1.651874,56.34294,43.915077,305949925
305925978,0.967675,56.309853,43.979989,305925978
305925979,1.610869,56.264717,43.875219,305925979
305928612,2.401497,56.350896,43.872488,305928612
305943268,1.191483,56.246341,43.8404,305943268
305924740,1.964512,56.342072,43.867322,305924740
305941878,1.305937,56.261508,43.875874,305941878
305942402,0.590117,56.326962,43.921392,305942402
305942423,1.144613,56.250437,43.847308,305942423
305927985,0.916534,56.24507,43.844254,305927985
305941773,2.908169,56.301778,44.03564,305941773
305941812,1.635001,56.269191,43.886034,305941812
305936175,1.816159,56.245675,43.829449,305936175
305936664,6.369129,56.283999,44.081741,305936664
305932908,1.119114,56.313503,43.975848,305932908
305932955,0.842525,56.306857,43.999357,305932955
305933167,1.623785,56.315945,43.892709,305933167
305932459,5.349478,56.289895,44.068886,305932459
305931415,2.342013,56.294196,44.007657,305931415
305931256,3.147944,56.317612,44.044327,305931256
305929327,1.780129,56.323737,43.871724,305929327
305926928,1.413083,56.23398,43.840445,305926928
305927580,6.781166,56.366316,43.802725,305927580
305923306,5.68238,56.343688,43.804899,305923306
305924463,1.789805,56.261378,43.86178,305924463
305924571,1.596509,56.34057,43.917044,305924571
305924583,0.645695,56.31243,44.004064,305924583
305914917,4.85361,56.290629,43.84729,305914917
305921386,0.623985,56.307272,43.945359,305921386
305921391,5.707565,56.365024,43.822389,305921391
305921397,4.664922,56.284069,44.047021,305921397
305921743,5.485817,56.289255,44.070764,305921743
305919986,0.823812,56.285348,43.941155,305919986
305920435,0.409868,56.322295,43.932432,305920435
305920885,3.78061,56.358612,43.854171,305920885
305920893,4.270273,56.309654,43.840445,305920893
305921113,4.336783,56.285893,44.042799,305921113
305917589,2.784183,56.331363,43.849958,305917589
305918728,4.476245,56.298477,44.060784,305918728
305918729,0.704072,56.279072,43.911052,305918729
305918730,0.905521,56.32799,43.956157,305918730
305918732,1.908937,56.306583,44.021905,305918732
305918734,2.012468,56.231163,43.832126,305918734
305919987,1.994059,56.261218,43.855851,305919987
305916518,0.688468,56.281496,43.914978,305916518
305916980,6.803592,56.361509,43.797272,305916980
305917883,5.885973,56.284464,44.073019,305917883
305914675,4.446588,56.313009,44.06576,305914675
305914813,1.140115,56.231823,43.858124,305914813
305915818,1.216096,56.248311,43.841927,305915818
305903783,5.136444,56.203167,43.813495,305903783
305914237,2.800372,56.21722,43.865059,305914237
305912563,0.539566,56.313004,43.929675,305912563
305910794,1.382045,56.311127,44.015733,305910794
305910960,4.847031,56.28992,43.846976,305910960
305910961,1.520202,56.340784,43.927114,305910961
305910966,5.707565,56.365024,43.822389,305910966
305910968,3.873203,56.279012,43.994614,305910968
305911103,1.918665,56.341543,43.867637,305911103
305911232,1.392545,56.343234,43.90842,305911232
305911337,1.744978,56.256243,43.846032,305911337
305911956,4.139808,56.306638,43.848134,305911956
305912004,5.256918,56.304855,44.077322,305912004
305910499,0.933427,56.251542,43.863576,305910499
305907754,1.737033,56.226564,43.861214,305907754
305908799,1.985347,56.31588,44.025785,305908799
305906154,5.595863,56.265062,44.016003,305906154
305906316,0.763018,56.332561,43.913792,305906316
305906320,0.574759,56.308595,43.945799,305906320
305907019,1.38454,56.345833,43.937813,305907019
305903267,1.285739,56.256148,43.862813,305903267
305903443,0.791584,56.29019,43.936834,305903443
305903611,2.424548,56.292368,43.986951,305903611
305902986,4.54458,56.241469,43.971383,305902986
305900537,1.225828,56.233824,43.844901,305900537
305900922,4.756719,56.233294,43.964906,305900922
305899248,4.205368,56.230282,43.948872,305899248
305896869,0.838217,56.280461,43.938478,305896869
305897180,1.842173,56.324186,44.01709,305897180
305896260,1.475154,56.264092,43.877491,305896260
305895470,3.696434,56.276958,43.985702,305895470
305887584,0.709691,56.247766,43.865517,305887584
305887604,2.512578,56.220123,43.867493,305887604
305888093,6.640571,56.368524,43.808222,305888093
305885718,0.317582,56.307746,43.936834,305885718
305884004,3.587158,56.266917,43.976701,305884004
305884726,1.920066,56.296614,43.991272,305884726
305884858,0.467093,56.322105,43.9336,305884858
305883524,1.788233,56.302752,43.972946,305883524
305883733,3.615962,56.274934,43.983286,305883733
305883782,1.778458,56.280367,43.955268,305883782
305883714,0.645695,56.31243,44.004064,305883714
305882627,1.196046,56.287402,43.946734,305882627
305879777,2.665643,56.327401,43.853057,305879777
305880315,0.892031,56.320742,43.986745,305880315
305876417,6.442891,56.366306,43.8093,305876417
305877128,1.722879,56.312739,43.897093,305877128
305877218,0.685756,56.263062,43.897748,305877218
305877399,6.019894,56.368923,43.821661,305877399
305877529,0.431904,56.28364,43.921419,305877529
305877557,1.239117,56.28219,43.947156,305877557
305877647,2.358741,56.312585,44.031975,305877647
305877654,4.895,56.313558,44.073019,305877654
305877655,3.528817,56.294641,44.039341,305877655
305877657,5.283558,56.358582,43.822577,305877657
305877658,2.676166,56.225368,43.82697,305877658
305877659,0.676777,56.287277,43.917637,305877659
305873764,1.845921,56.2276,43.843463,305873764
305874420,1.392545,56.343234,43.90842,305874420
305872274,3.352077,56.298352,44.04041,305872274
305872501,3.720928,56.342201,43.83687,305872501
305872593,1.780129,56.323737,43.871724,305872593
305873238,1.00476,56.237942,43.843598,305873238
305873239,0.54822,56.310398,44.000336,305873239
305873289,4.504996,56.225558,43.946554,305873289
305873340,2.142876,56.22728,43.880141,305873340
305873357,1.208677,56.290579,43.910981,305873357
305873398,6.87518,56.248996,43.74782,305873398
305873412,1.558188,56.32182,43.88033,305873412
305873545,4.645023,56.231518,43.960352,305873545
305867237,2.505127,56.314222,43.87326,305867237
305871012,5.935531,56.261028,44.013317,305871012
305870122,1.472472,56.341578,43.928677,305870122
305870145,4.407069,56.246576,43.974887,305870145
305867105,0.946634,56.250442,43.855438,305867105
305867110,0.568334,56.321791,43.935487,305867110
305867131,3.095259,56.337885,43.845493,305867131
305867340,3.016101,56.294291,44.027735,305867340
305863819,2.766649,56.33319,43.850111,305863819
305864078,4.485299,56.285398,43.847434,305864078
305864184,0.685756,56.263062,43.897748,305864184
305862108,0.859773,56.279572,43.937499,305862108
305862630,0.458026,56.31204,43.98723,305862630
305862752,1.800741,56.297873,43.999024,305862752
305862844,2.584606,56.219152,43.864717,305862844
305863139,0.74226,56.235546,43.86054,305863139
305860402,4.415623,56.288076,44.048216,305860402
305860837,8.554146,56.379705,43.784615,305860837
305860838,2.494295,56.219723,43.861007,305860838
305860840,8.907738,56.162637,43.875201,305860840
305860848,6.666884,56.367642,43.80656,305860848
305858348,1.921385,56.271106,43.882908,305858348
305858349,0.602676,56.312045,44.003139,305858349
305858350,0.59299,56.324326,43.939655,305858350
305858457,4.414467,56.285338,44.043572,305858457
305858582,3.318786,56.34915,43.849437,305858582
305808105,4.756719,56.233294,43.964906,305808105
305851880,0.683892,56.239873,43.86832,305851880
305855137,1.929024,56.270426,43.881174,305855137
305855767,1.519106,56.258693,43.862436,305855767
305854007,5.702486,56.264547,44.019192,305854007
305791699,2.784183,56.331363,43.849958,305791699
305786661,3.235277,56.284819,43.99005,305786661
305850640,1.554472,56.340774,43.91602,305850640
305787232,4.762612,56.312889,44.070863,305787232
305838623,3.293735,56.284324,43.989341,305838623
305840735,2.142876,56.22728,43.880141,305840735
305841685,0.825685,56.263062,43.893113,305841685
305839918,5.340777,56.261578,44.003345,305839918
305840803,2.035225,56.231388,43.831372,305840803
305839974,2.821838,56.319939,44.038164,305839974
305839959,4.462298,56.235546,43.961888,305839959
305839398,1.078468,56.281136,43.943724,305839398
305787237,5.341422,56.311117,43.818256,305787237
305787235,2.594137,56.313224,43.87344,305787235
305787238,4.434997,56.229321,43.952384,305787238
305787240,3.832543,56.296714,44.047677,305787240
305785237,0.845743,56.307117,44.000435,305785237
305836315,1.808897,56.313833,44.023153,305836315
305836755,1.429466,56.303157,43.980995,305836755
305783126,0.994026,56.236576,43.845368,305783126
305783139,2.166647,56.260493,43.846805,305783139
305836598,1.991539,56.314092,44.0261,305836598
305779763,4.874885,56.292253,44.062481,305779763
305779764,1.392545,56.343234,43.90842,305779764
305835540,4.909604,56.233859,43.968509,305835540
305773431,0.370212,56.313473,43.940212,305773431
305834310,1.133155,56.257313,43.921491,305834310
305833480,0.954373,56.29006,43.940463,305833480
305833538,2.057741,56.29561,43.988002,305833538
305773579,4.861299,56.298212,44.067287,305773579
305773931,0.497628,56.246531,43.857908,305773931
305832775,1.594733,56.258038,43.859148,305832775
305832787,1.61499,56.347519,43.935639,305832787
305833009,5.569532,56.284469,44.066802,305833009
305833022,5.021437,56.279832,44.047282,305833022
305771857,1.200339,56.269511,43.894811,305771857
305771861,2.156485,56.27347,43.88095,305771861
305772635,2.290164,56.293257,43.991928,305772635
305772852,0.407666,56.315361,43.999878,305772852
305769575,1.713231,56.343892,43.914861,305769575
305831148,0.842525,56.306857,43.999357,305831148
305830157,2.224406,56.312824,43.884723,305830157
305771840,2.420858,56.292468,43.986322,305771840
305771864,3.140572,56.303451,44.041129,305771864
305827544,2.290976,56.221499,43.856749,305827544
305822584,3.691158,56.280666,43.991793,305822584
305824437,3.82849,56.260918,43.976522,305824437
305824462,1.482791,56.256968,43.859777,305824462
305821496,4.58787,56.240508,43.970907,305821496
305821311,1.580833,56.246351,43.833708,305821311
305821237,3.26523,56.34943,43.850793,305821237
305820378,0.152735,56.277818,43.921383,305820378
305818709,4.286796,56.360631,43.846086,305818709
305779279,1.967196,56.347908,43.927384,305779279
305786885,2.111277,56.29545,43.985298,305786885
305817077,5.255773,56.202045,43.813082,305817077
305817487,1.554508,56.341917,43.914556,305817487
305816160,1.906637,56.258753,43.851144,305816160
305801520,0.54822,56.310398,44.000336,305801520
305814923,0.361287,56.310582,43.99474,305814923
305814903,1.221294,56.335885,43.875668,305814903
305809080,1.991539,56.314092,44.0261,305809080
305813398,4.85361,56.290629,43.84729,305813398
305812308,1.179164,56.258728,43.874266,305812308
305811898,3.590255,56.359001,43.859875,305811898
305811497,0.939441,56.300605,43.953121,305811497
305810855,1.00476,56.237942,43.843598,305810855
305810547,5.222361,56.20186,43.814654,305810547
305796922,2.146149,56.225923,43.876934,305796922
305795290,4.289476,56.290929,44.049689,305795290
305791327,0.842525,56.306857,43.999357,305791327
305791700,3.213257,56.284974,43.99129,305791700
305787787,1.33308,56.230157,43.860289,305787787
305787057,0.247359,56.283545,43.925057,305787057
305787233,4.160719,56.293487,44.050345,305787233
305784303,1.692868,56.321017,44.017997,305784303
305783115,1.674905,56.327655,43.869712,305783115
305780453,2.075458,56.233379,43.828398,305780453
305780654,3.983325,56.293517,43.86487,305780654
305780060,0.57695,56.246836,43.854396,305780060
305771364,2.096622,56.295415,43.986565,305771364
305778174,1.167696,56.237272,43.841262,305778174
305779072,2.707431,56.313064,44.037652,305779072
305771006,1.113389,56.337197,43.911385,305771006
305773089,0.873467,56.331538,43.962023,305773089
305750969,2.209631,56.344626,43.865553,305750969
305752176,2.119958,56.343952,43.866478,305752176
305768793,2.424548,56.292368,43.986951,305768793
305771823,1.635001,56.269191,43.886034,305771823
305771826,2.145471,56.223576,43.867772,305771826
305771831,3.354525,56.34065,43.842259,305771831
305771834,1.07878,56.261658,43.928525,305771834
305771837,1.262191,56.31574,44.014017,305771837
305771843,1.502473,56.325953,43.874419,305771843
305771847,1.047074,56.263532,43.88881,305771847
305771852,0.068703,56.309978,43.937382,305771852
305766907,6.524316,56.362516,43.803416,305766907
305762011,1.001421,56.294101,43.951719,305762011
305761447,1.328086,56.249577,43.841379,305761447
305759664,0.858443,56.258648,43.880959,305759664
305750127,0.309573,56.275024,43.917098,305750127
305753761,1.627601,56.341468,43.916613,305753761
305752520,4.469777,56.289011,43.852851,305752520
305750358,1.12569,56.257123,43.920458,305750358
305751005,3.587158,56.266917,43.976701,305751005
305750123,5.822323,56.263597,44.020252,305750123
305750126,5.851074,56.263107,44.018841,305750126
305750128,0.475354,56.238432,43.862049,305750128
305750130,4.192638,56.293737,44.051244,305750130
305750132,1.138766,56.263097,43.886304,305750132
305750136,5.924483,56.260018,44.012338,305750136
305750138,4.414467,56.285338,44.043572,305750138
305750140,1.113389,56.337197,43.911385,305750140
305750142,1.581644,56.322979,43.877195,305750142
305750143,1.216096,56.248311,43.841927,305750143
305750144,1.941654,56.224782,43.853812,305750144
305750145,3.436952,56.331768,43.83934,305750145
305750146,2.080791,56.347559,43.873179,305750146
305750148,0.591108,56.284594,43.937355,305750148
305750150,1.342155,56.258373,43.866882,305750150
305750154,1.529608,56.320428,43.886007,305750154
305750157,6.620947,56.367627,43.80745,305750157
305748629,3.44991,56.357998,43.86125,305748629
305746195,4.139808,56.306638,43.848134,305746195
305743103,1.371144,56.252087,43.84517,305743103
305743453,1.208677,56.290579,43.910981,305743453
305743533,1.721865,56.309968,44.02088,305743533
305743537,4.58381,56.256233,43.985837,305743537
305743654,1.357018,56.268556,43.891811,305743654
305743657,4.410961,56.30457,43.845682,305743657
305743662,1.849707,56.261088,43.859283,305743662
305743667,6.452394,56.244865,44.010002,305743667
305743848,3.392066,56.318745,44.04801,305743848
305743957,2.382755,56.220939,43.864169,305743957
305743969,1.128372,56.269491,43.896015,305743969
305742098,4.336783,56.285893,44.042799,305742098
305742100,2.398283,56.314951,43.874419,305742100
305742922,0.739477,56.242564,43.846122,305742922
305742965,4.498301,56.232073,43.958124,305742965
305739270,0.515729,56.324152,43.931893,305739270
305739561,1.664281,56.318646,44.019362,305739561
305739563,4.539016,56.341852,43.823098,305739563
305739938,1.150736,56.256328,43.86673,305739938
305737948,2.057765,56.228371,43.880303,305737948
305738195,0.547461,56.294151,43.939053,305738195
305738554,2.08699,56.272645,43.881597,305738554
305738696,0.741811,56.312095,43.982334,305738696
305738982,0.319465,56.312994,43.94005,305738982
305736434,0.763018,56.332561,43.913792,305736434
305736457,1.594388,56.341742,43.915607,305736457
305736508,3.895002,56.276583,43.988838,305736508
305732997,1.39176,56.337551,43.919631,305732997
305734894,5.308919,56.361928,43.826234,305734894
305735433,7.938184,56.378006,43.794873,305735433
305735748,3.027979,56.346028,43.851611,305735748
305734204,1.174844,56.231553,43.859705,305734204
305734320,1.978174,56.266387,43.869416,305734320
305734327,1.012557,56.303591,43.924042,305734327
305726293,2.854743,56.297173,44.029037,305726293
305730634,4.444664,56.308051,43.839142,305730634
305730704,1.578411,56.340545,43.925911,305730704
305730725,1.267312,56.231533,43.850254,305730725
305730850,0.627052,56.299915,43.928201,305730850
305730931,1.045125,56.334248,43.932792,305730931
305730966,1.662149,56.320822,43.87998,305730966
305725366,3.401636,56.272065,43.977501,305725366
305729537,1.737033,56.226564,43.861214,305729537
305729971,0.218714,56.322544,43.926971,305729971
305729973,0.141048,56.298452,43.940221,305729973
305729977,0.621943,56.303931,43.943077,305729977
305727187,0.852055,56.328853,43.957127,305727187
305727749,3.165006,56.285558,43.988056,305727749
305729388,0.655628,56.27289,43.912957,305729388
305720128,5.256918,56.304855,44.077322,305720128
305726458,2.047298,56.223867,43.862768,305726458
305726857,3.030242,56.302942,44.03882,305726857
305726858,2.735005,56.306957,44.036367,305726858
305726859,1.383009,56.31215,44.016074,305726859
305724780,2.494295,56.219723,43.861007,305724780
305724785,3.272499,56.334837,43.842008,305724785
305724788,4.022958,56.239958,43.958358,305724788
305724796,0.461094,56.322699,43.940329,305724796
305722881,3.44991,56.357998,43.86125,305722881
305723217,0.483343,56.317862,43.996653,305723217
305723299,5.657428,56.36641,43.825497,305723299
305719679,1.802428,56.269901,43.883241,305719679
305720082,5.073272,56.280022,44.048926,305720082
305720165,1.674192,56.315066,44.02088,305720165
305720375,1.964601,56.237687,43.82732,305720375
305720520,0.383685,56.301539,43.942485,305720520
305715545,0.719905,56.332202,43.883357,305715545
305715640,4.425449,56.284469,44.042171,305715640
305715746,1.821871,56.256453,43.844029,305715746
305690613,3.328916,56.279147,43.980519,305690613
305698842,5.200829,56.36108,43.827276,305698842
305690184,4.99379,56.203808,43.815993,305690184
305693711,0.465175,56.31607,44.000228,305693711
305690641,1.721865,56.309968,44.02088,305690641
305690677,4.655757,56.285698,44.049618,305690677
305690705,1.788233,56.302752,43.972946,305690705
305690869,0.167469,56.283625,43.927959,305690869
305690941,3.622327,56.297908,44.044991,305690941
305691004,3.142291,56.293207,44.028642,305691004
305691045,1.442529,56.341533,43.912786,305691045
305687097,1.105794,56.257818,43.922254,305687097
305688808,1.816063,56.229206,43.876036,305688808
305688868,1.294853,56.335021,43.924788,305688868
305688995,0.645695,56.31243,44.004064,305688995
305689023,0.555477,56.324656,43.931768,305689023
305689433,6.324098,56.288241,44.085155,305689433
305689497,6.324098,56.288241,44.085155,305689497
305689572,6.324098,56.288241,44.085155,305689572
305690064,4.221759,56.316579,44.06196,305690064
305690183,3.593561,56.358647,43.858959,305690183
305690212,4.446588,56.313009,44.06576,305690212
305690348,2.735005,56.306957,44.036367,305690348
305687651,5.445177,56.201114,43.810028,305687651
305687857,2.319663,56.317253,44.030888,305687857
305687859,3.142291,56.293207,44.028642,305687859
305687996,1.884903,56.321825,43.872371,305687996
305688021,5.97567,56.261848,44.018159,305688021
305688260,2.513869,56.292488,44.007352,305688260
305688262,4.581147,56.232183,43.959975,305688262
305688648,0.847383,56.320108,43.986277,305688648
305688667,3.027979,56.346028,43.851611,305688667
305684259,0.988875,56.253802,43.865364,305684259
305686768,5.95841,56.261553,44.014763,305686768
305686781,1.98888,56.346896,43.874069,305686781
305686782,5.597918,56.274484,44.050282,305686782
305687091,5.95841,56.261553,44.014763,305687091
305687095,5.662031,56.274764,44.052537,305687095
305687520,0.44103,56.318416,43.941667,305687520
305675712,5.052805,56.256833,43.994928,305675712
305685263,0.074808,56.276499,43.920188,305685263
305686098,4.855161,56.292228,43.848314,305686098
305684485,1.960306,56.320388,44.023297,305684485
305684579,5.837615,56.259413,44.010496,305684579
305684580,3.429808,56.294266,44.036772,305684580
305684582,6.787542,56.367622,43.804162,305684582
305683504,1.225169,56.313224,44.013694,305683504
305683718,1.539544,56.318336,44.017422,305683718
305681797,2.356352,56.348203,43.867861,305681797
305681798,2.891571,56.287827,43.994362,305681798
305682721,0.319465,56.312994,43.94005,305682721
305681202,0.724172,56.341667,43.947596,305681202
305681444,3.509495,56.298647,44.043644,305681444
305678461,4.874885,56.292253,44.062481,305678461
305678463,2.352474,56.322624,44.028462,305678463
305679260,1.696962,56.230602,43.876054,305679260
305680071,4.12049,56.231238,43.948656,305680071
305658810,1.519106,56.258693,43.862436,305658810
305674965,1.732673,56.341094,43.92362,305674965
305677474,2.711571,56.217936,43.863963,305677474
305677535,3.102399,56.304665,44.041281,305677535
305677869,5.227439,56.204809,43.806731,305677869
305677885,1.160386,56.305619,43.982298,305677885
305646351,6.803592,56.361509,43.797272,305646351
305675716,0.735964,56.264957,43.9018,305675716
305657339,0.560243,56.295,43.943589,305657339
305666595,2.675155,56.291059,44.007891,305666595
305672622,4.262196,56.233574,43.955402,305672622
305671700,0.724172,56.341667,43.947596,305671700
305671701,4.367417,56.355744,43.836968,305671701
305670095,2.25497,56.264177,43.855797,305670095
305668069,4.774293,56.354233,43.8275,305668069
305668745,4.756739,56.302163,44.067871,305668745
305669009,0.498345,56.2722,43.91885,305669009
305666003,3.378197,56.344446,43.844065,305666003
305663504,2.775169,56.312015,43.871383,305663504
305640283,1.402567,56.229466,43.85816,305640283
305658850,3.672853,56.291638,44.037877,305658850
305658198,2.000157,56.331398,44.000363,305658198
305658552,6.193131,56.363683,43.810989,305658552
305657644,1.711529,56.232464,43.836456,305657644
305645220,0.811121,56.328863,43.955869,305645220
305647927,5.200829,56.36108,43.827276,305647927
305650192,1.553077,56.319973,44.016425,305650192
305652614,4.12049,56.231238,43.948656,305652614
305646435,1.115184,56.268571,43.932513,305646435
305647975,0.850756,56.265097,43.899859,305647975
305647976,2.020149,56.311761,44.02636,305647976
305646023,0.762202,56.33053,43.958501,305646023
305644889,1.736812,56.238157,43.830896,305644889
305644939,0.771914,56.325369,43.937454,305644939
305645112,4.312738,56.316284,44.06347,305645112
305645120,2.03563,56.274704,43.884076,305645120
305643187,0.729926,56.317383,44.003795,305643187
305643249,1.450713,56.328204,43.873224,305643249
305642879,5.296493,56.301004,44.076342,305642879
305643033,0.647874,56.326408,43.922506,305643033
305642139,0.414737,56.323627,43.930447,305642139
305642140,3.827496,56.358367,43.852563,305642140
305639660,5.32742,56.202376,43.810046,305639660
305639670,2.21531,56.318541,43.870745,305639670
305639680,1.789782,56.231403,43.836411,305639680
305641045,1.735589,56.301444,43.976818,305641045
305639048,5.796223,56.283884,44.070548,305639048
305639337,3.066876,56.319879,44.04226,305639337
305639339,4.021673,56.292533,43.863253,305639339
305639378,0.365605,56.310957,43.943104,305639378
305637638,2.32653,56.307886,44.02998,305637638
305637723,2.955806,56.292613,44.022704,305637723
305637853,3.437939,56.276878,43.981346,305637853
305637860,1.694451,56.34293,43.925929,305637860
305637864,1.479095,56.229697,43.86673,305637864
305638146,0.380358,56.279827,43.922272,305638146
305638147,3.085536,56.341662,43.847299,305638147
305638148,1.99825,56.318256,44.025201,305638148
305635861,5.523189,56.359185,43.818688,305635861
305634375,0.461094,56.322699,43.940329,305634375
305628911,0.669192,56.341253,43.950363,305628911
305634066,2.179216,56.294321,43.997434,305634066
305634068,5.780676,56.270841,44.046357,305634068
305634150,1.785073,56.348387,43.933025,305634150
305632369,0.57804,56.325978,43.944605,305632369
305625813,1.271327,56.257298,43.86584,305625813
305628055,2.515588,56.231738,43.821931,305628055
305629833,4.662406,56.281356,44.041542,305629833
305630781,3.102399,56.304665,44.041281,305630781
305628656,2.6421,56.224818,43.828749,305628656
305628663,2.629487,56.225153,43.828416,305628663
305628682,2.827584,56.216699,43.86028,305628682
305628910,4.762612,56.312889,44.070863,305628910
305629167,1.355743,56.270066,43.892493,305629167
305615025,1.316705,56.245245,43.837561,305615025
305627848,1.965281,56.308101,44.02398,305627848
305627953,0.574759,56.308595,43.945799,305627953
305628135,0.496734,56.312445,43.929935,305628135
305628213,2.191983,56.269506,43.87123,305628213
305625962,4.216735,56.34025,43.827833,305625962
305626163,3.295637,56.284379,43.988029,305626163
305626260,3.941747,56.359843,43.852743,305626260
305626797,4.480986,56.239393,43.966919,305626797
305624739,3.687117,56.338479,43.835971,305624739
305624824,3.973432,56.284369,44.030232,305624824
305624935,5.700045,56.270506,44.04306,305624935
305625016,0.850756,56.265097,43.899859,305625016
305622664,0.849865,56.3087,43.983699,305622664
305622821,1.429466,56.303157,43.980995,305622821
305622822,5.718213,56.359808,43.815678,305622822
305622831,1.596104,56.23534,43.83528,305622831
305622835,0.850756,56.265097,43.899859,305622835
305623397,1.57852,56.255272,43.848772,305623397
305595936,6.605945,56.367836,43.808016,305595936
305619136,4.8159,56.233499,43.966299,305619136
305619482,1.179308,56.330221,43.876575,305619482
305617635,1.815636,56.297543,43.991533,305617635
305617828,5.83851,56.285603,44.073441,305617828
305595938,1.38454,56.345833,43.937813,305595938
305596038,1.258636,56.233824,43.871913,305596038
305596107,2.995369,56.345529,43.851737,305596107
305614966,6.647633,56.36125,43.799877,305614966
305615026,2.911839,56.288311,43.983367,305615026
305613647,1.937491,56.231883,43.832674,305613647
305606579,1.349544,56.33802,43.928345,305606579
305606648,1.571775,56.264127,43.874832,305606648
305611418,4.3611,56.290375,44.05039,305611418
305594482,0.76121,56.326802,43.953543,305594482
305605151,0.971569,56.329282,43.961035,305605151
305602560,0.850756,56.265097,43.899859,305602560
305602562,5.32742,56.202376,43.810046,305602562
305602604,0.816102,56.288981,43.916649,305602604
305601856,0.432476,56.284629,43.920934,305601856
305599431,6.781166,56.366316,43.802725,305599431
305600001,3.644686,56.313998,44.052816,305600001
305595872,1.297956,56.336219,43.92141,305595872
305598406,5.949623,56.262277,44.019416,305598406
305595391,1.275517,56.288911,43.947812,305595391
305596105,0.290758,56.328075,43.909876,305596105
305597404,0.438362,56.283954,43.934615,305597404
305597854,5.155026,56.293817,44.069048,305597854
305595937,2.83184,56.313688,44.039682,305595937
305595988,1.021995,56.293067,43.919577,305595988
305594860,5.118701,56.290939,43.84296,305594860
305595386,5.414852,56.300809,44.078229,305595386
305595387,0.949825,56.327501,43.88351,305595387
305595389,4.680076,56.302468,44.066739,305595389
305595741,0.807545,56.330405,43.959292,305595741
305593032,0.645695,56.31243,44.004064,305593032
305593283,0.939441,56.300605,43.953121,305593283
305594010,0.334331,56.32237,43.930914,305594010
305594011,2.440292,56.229431,43.825856,305594011
305594017,1.704506,56.299336,44.002968,305594017
305594147,5.118701,56.290939,43.84296,305594147
305584157,5.885973,56.284464,44.073019,305584157
305590950,2.453459,56.350183,43.869434,305590950
305591397,0.586775,56.314058,43.984454,305591397
305591396,5.407077,56.36297,43.825668,305591396
305584150,4.490849,56.313528,44.066488,305584150
305584153,6.73254,56.361833,43.79888,305584153
305590198,6.609024,56.362451,43.801772,305590198
305590199,5.392063,56.297972,44.076253,305590199
305590201,2.170204,56.270886,43.87636,305590201
305587499,1.973209,56.348183,43.927761,305587499
305587581,0.688468,56.281496,43.914978,305587581
305588480,0.229212,56.30897,43.93952,305588480
305581204,1.612691,56.345304,43.930806,305581204
305581606,0.61102,56.309908,44.000893,305581606
305583485,0.984653,56.282395,43.942979,305583485
305583506,1.185405,56.335271,43.920754,305583506
305578820,1.205006,56.338654,43.87795,305578820
305579078,1.652105,56.267527,43.882154,305579078
305580105,4.414467,56.285338,44.043572,305580105
305576715,1.528522,56.24558,43.834184,305576715
305576717,1.847275,56.241704,43.828228,305576717
305576732,1.614589,56.265122,43.876207,305576732
305576737,1.189346,56.231668,43.853596,305576737
305576739,1.940118,56.235591,43.828964,305576739
305576744,0.361732,56.321057,43.95295,305576744
305576748,3.845588,56.337451,43.833124,305576748
305576750,2.212331,56.321281,43.866307,305576750
305576755,0.984555,56.261108,43.884399,305576755
305576761,1.259534,56.253302,43.855725,305576761
305576765,6.73254,56.361833,43.79888,305576765
305576769,1.864467,56.225443,43.86169,305576769
305577463,0.453903,56.27239,43.92212,305577463
305577573,3.140919,56.302767,43.882729,305577573
305571739,2.503133,56.351345,43.870799,305571739
305576674,1.160075,56.247491,43.842044,305576674
305576678,1.638227,56.243415,43.831704,305576678
305576685,0.986762,56.24573,43.843526,305576685
305576691,1.267312,56.231533,43.850254,305576691
305576694,2.876573,56.218807,43.837813,305576694
305576696,6.099941,56.36996,43.821589,305576696
305576703,1.682006,56.255492,43.845592,305576703
305576708,1.132865,56.253627,43.862103,305576708
305576711,5.89204,56.367722,43.822523,305576711
305577031,2.675134,56.218832,43.86902,305577031
305577180,3.234086,56.337801,43.843194,305577180
305574896,0.866617,56.327291,43.938918,305574896
305551281,5.851074,56.263107,44.018841,305551281
305554400,2.096042,56.31221,44.027672,305554400
305566811,5.444187,56.266637,44.017143,305566811
305572146,2.799251,56.291903,44.016155,305572146
305567818,1.973205,56.24601,43.826988,305567818
305568110,0.276107,56.323028,43.925713,305568110
305564483,4.346583,56.308865,43.839996,305564483
305509575,1.154902,56.304046,43.987553,305509575
305533763,3.852448,56.298302,44.049573,305533763
305560628,0.850756,56.265097,43.899859,305560628
305560736,3.51823,56.272595,43.979998,305560736
305561058,2.954666,56.353974,43.864978,305561058
305559812,0.783305,56.330086,43.883537,305559812
305559480,5.188084,56.361708,43.828389,305559480
305557478,1.344295,56.322035,43.886834,305557478
305559006,1.001421,56.294101,43.951719,305559006
305504434,1.500047,56.34477,43.932414,305504434
305508414,0.655628,56.27289,43.912957,305508414
305554386,2.343535,56.324945,44.026046,305554386
305505894,2.502308,56.310702,43.8821,305505894
305555185,1.212227,56.234445,43.844047,305555185
305550366,2.111665,56.228601,43.882001,305550366
305554334,5.039,56.303137,44.073046,305554334
305554384,4.823018,56.315645,44.071788,305554384
305554398,0.611353,56.271306,43.92486,305554398
305554442,0.739477,56.242564,43.846122,305554442
305554646,2.691805,56.230002,43.820394,305554646
305553298,0.97437,56.301813,43.953139,305553298
305498252,2.332631,56.314387,43.878471,305498252
305498258,4.752593,56.284739,44.050157,305498258
305499030,6.915126,56.367801,43.801889,305499030
305499036,0.621943,56.303931,43.943077,305499036
305499037,0.813702,56.306508,43.994919,305499037
305553361,3.953276,56.31572,44.057711,305553361
305552819,5.537263,56.287322,44.069641,305552819
305494055,2.786831,56.328564,43.850587,305494055
305491532,6.519868,56.361703,43.802671,305491532
305491761,4.160719,56.293487,44.050345,305491761
305491196,4.480986,56.239393,43.966919,305491196
305491372,1.32611,56.230157,43.858609,305491372
305491374,0.590117,56.326962,43.921392,305491374
305550620,5.082446,56.246266,43.986942,305550620
305488579,1.940847,56.345723,43.872901,305488579
305466520,2.58683,56.230042,43.822317,305466520
305485204,0.163258,56.314612,43.996114,305485204
305548213,1.128372,56.269491,43.896015,305548213
305547969,1.644415,56.302393,43.912337,305547969
305532945,0.34411,56.278208,43.925956,305532945
305545747,1.653569,56.302957,43.975659,305545747
305478472,1.840585,56.339268,43.867116,305478472
305539824,3.254883,56.347873,43.849257,305539824
305541056,0.647723,56.236271,43.857028,305541056
305542671,6.563792,56.360447,43.80065,305542671
305468275,0.594805,56.277978,43.912193,305468275
305465323,0.842525,56.306857,43.999357,305465323
305467443,3.25249,56.320478,44.04509,305467443
305537502,0.611353,56.271306,43.92486,305537502
305460678,8.481501,56.379875,43.78633,305460678
305537064,2.037091,56.295605,43.990401,305537064
305460656,1.03385,56.265982,43.895736,305460656
305462708,5.121346,56.298737,44.072102,305462708
305536896,1.280182,56.335745,43.922398,305536896
305460464,4.272368,56.242479,43.967224,305460464
305460600,0.705643,56.237987,43.86673,305460600
305442524,1.239634,56.283839,43.94774,305442524
305459501,5.616515,56.271296,44.042781,305459501
305459504,1.52243,56.281236,43.951423,305459504
305460644,1.049015,56.248871,43.84632,305460644
305467086,1.011876,56.302388,43.923009,305467086
305481496,1.225169,56.313224,44.013694,305481496
305533413,4.813169,56.303731,44.069551,305533413
305533696,1.295961,56.343623,43.93502,305533696
305533768,6.083143,56.286478,44.079019,305533768
305532516,2.800372,56.21722,43.865059,305532516
305529955,4.216735,56.34025,43.827833,305529955
305530565,1.623785,56.315945,43.892709,305530565
305531292,1.513462,56.228901,43.851916,305531292
305530004,1.729806,56.326917,44.008888,305530004
305529637,2.850605,56.353769,43.867251,305529637
305524488,2.502308,56.310702,43.8821,305524488
305523775,2.864905,56.216344,43.859399,305523775
305522000,2.25497,56.264177,43.855797,305522000
305502892,0.870785,56.259913,43.884049,305502892
305520408,1.16101,56.232964,43.867161,305520408
305520032,2.03563,56.274704,43.884076,305520032
305513963,0.617424,56.2721,43.927581,305513963
305503460,6.647633,56.36125,43.799877,305503460
305500171,2.261257,56.30858,44.029235,305500171
305500172,6.442891,56.366306,43.8093,305500172
305500175,2.241864,56.316863,43.873808,305500175
305504102,0.561065,56.31558,43.938487,305504102
305504118,3.233528,56.301064,44.040877,305504118
305502758,5.95841,56.261553,44.014763,305502758
305502760,4.177444,56.31597,44.061314,305502760
305502761,4.367784,56.235335,43.959813,305502761
305502762,3.045345,56.337117,43.846095,305502762
305502767,1.500047,56.34477,43.932414,305502767
305502769,2.88099,56.346417,43.854728,305502769
305502776,1.347196,56.277143,43.9442,305502776
305502942,1.72359,56.315775,43.890831,305502942
305502947,1.049587,56.233059,43.863029,305502947
305502952,2.779878,56.298407,44.029289,305502952
305502957,2.246543,56.312879,44.030187,305502957
305502961,6.293963,56.310328,43.801862,305502961
305503147,4.192638,56.293737,44.051244,305503147
305503531,1.064779,56.313074,44.01108,305503531
305503620,5.500278,56.359574,43.819559,305503620
305503626,1.314801,56.240748,43.836941,305503626
305491097,3.503633,56.310717,44.050264,305491097
305498905,0.951184,56.334991,43.93422,305498905
305499759,2.637929,56.352053,43.868868,305499759
305496398,4.285313,56.290619,43.857064,305496398
305494102,1.283584,56.322494,43.980313,305494102
305491856,1.960306,56.320388,44.023297,305491856
305479188,1.37555,56.243044,43.835899,305479188
305491015,1.604262,56.319709,43.886025,305491015
305491054,1.591974,56.331663,43.869263,305491054
305491056,2.500407,56.230117,43.823871,305491056
305491058,0.931615,56.305564,43.996626,305491058
305491099,-1.0,56.389647,43.739986,305491099
305491128,5.395851,56.275539,44.047417,305491128
305489748,2.951295,56.218001,43.838055,305489748
305462702,0.645695,56.31243,44.004064,305462702
305472102,1.500047,56.34477,43.932414,305472102
305484571,1.205886,56.343912,43.937867,305484571
305481492,0.406819,56.281551,43.926521,305481492
305481598,1.809148,56.315101,44.023063,305481598
305481270,5.200829,56.36108,43.827276,305481270
305455917,1.7863,56.236046,43.831309,305455917
305459953,5.707565,56.365024,43.822389,305459953
305459973,2.007818,56.239043,43.82609,305459973
305476991,3.33209,56.31262,43.855842,305476991
305468886,2.079693,56.226769,43.877267,305468886
305467834,6.609024,56.362451,43.801772,305467834
305465494,0.135859,56.326972,43.912508,305465494
305444263,0.586775,56.314058,43.984454,305444263
305451627,6.442891,56.366306,43.8093,305451627
305460405,0.709691,56.247766,43.865517,305460405
305435166,1.945279,56.314762,44.025309,305435166
305459987,3.063582,56.303032,44.039476,305459987
305462701,1.091282,56.232504,43.861906,305462701
305437270,5.595781,56.271166,44.041784,305437270
305456429,7.080321,56.369013,43.800137,305456429
305456724,2.166647,56.260493,43.846805,305456724
305458455,-1.0,56.389294,43.739322,305458455
305429974,1.632542,56.341737,43.925911,305429974
305430688,0.631166,56.331249,43.956804,305430688
305446852,0.947826,56.2895,43.914727,305446852
305439103,0.204015,56.320662,43.950354,305439103
305435143,5.700045,56.270506,44.04306,305435143
305435144,0.594805,56.277978,43.912193,305435144
305436019,0.242883,56.28338,43.930205,305436019
305434029,2.804605,56.348612,43.858887,305434029
305424976,4.276952,56.286298,44.042162,305424976
305432028,0.542434,56.303876,43.937077,305432028
305433003,1.843819,56.318386,44.022551,305433003
305403696,1.525907,56.240048,43.833672,305403696
305430138,1.209833,56.291204,43.911663,305430138
305430289,2.912848,56.302557,44.036421,305430289
305431054,3.399029,56.315191,44.048791,305431054
305392236,0.604155,56.313628,43.984166,305392236
305427560,1.168741,56.320033,44.009113,305427560
305415952,3.891995,56.292663,43.865723,305415952
305421907,1.33308,56.230157,43.860289,305421907
305421914,3.722964,56.336274,43.834893,305421914
305421922,5.644305,56.358068,43.815238,305421922
305421927,2.335049,56.319325,44.030322,305421927
305421936,3.631016,56.311706,44.052474,305421936
305423671,4.513706,56.239493,43.96779,305423671
305425144,0.769296,56.27317,43.932325,305425144
305426182,1.816858,56.225768,43.85957,305426182
305416847,8.594033,56.381759,43.78669,305416847
305417469,1.946214,56.344591,43.87088,305417469
305420031,1.736812,56.238157,43.830896,305420031
305381868,0.92615,56.310662,43.980061,305381868
305390555,6.564202,56.366744,43.807459,305390555
305412498,1.778458,56.280367,43.955268,305412498
305413171,2.878497,56.318301,44.039727,305413171
305415414,7.119916,56.370354,43.801036,305415414
305391507,0.929851,56.279777,43.939385,305391507
305403953,4.855161,56.292228,43.848314,305403953
305393849,0.784526,56.333864,43.937158,305393849
305395360,2.375715,56.308206,44.030969,305395360
305396201,6.336858,56.309234,43.801997,305396201
